cell_id,family,k,n,alpha,m,batches,gen_seeds,generated,certified,censored,failed,below_window,eligible,eligible_frac,rc2_cert_solve_s_median,rc2_elig_solve_s_min,rc2_elig_solve_s_median,rc2_elig_solve_s_max,cstar_cert_range,cstar_elig_range,tested_primary,not_run_eligible,not_run_below_window,a35_runs,a35_successes,a35_median_of_median_ttt_s,a35_ert_s_median,a35_ert_s_range,a35_ert_calls_median,a35_ert_calls_range,a35_max_calls,a35_instances_beyond_gen1,a35_runs_beyond_gen1,a35_first_call_all,q2_a35,q2_a35_frac,q2_a35_wilson95,q2_a05,q2_either_arm,beyond_gen1_either_not_q2,single_run_only_instances,work_evidence_instances,isolated_support,r1_certified,r1_pass,r2_median_s,r2_pass,r3_q2,r3_pass,r4_success,r4_pass,rule_5_3_pass,category,category_reason,pop_idx_eligible,diversity_vs_historical
max3sat_n50_a4.26,max3sat,3,50,4.26,213,calib_a,"1,2,3,4,5",5,5,0,0,5,0,0/5,0.0,,,,0-1,,0,0,5,0,0,,,,,,,0,,0,0,,,0,0,0,0,0,0,5/5,1,0.0,0,0/0,0,0/0,0,0,unsuitable,no RC2-eligible instance (30 s < t <= 900 s),,"c* 9-13 at n 50, alpha 8-9 (highest density and c* among 3-SAT)"
max3sat_n50_a5,max3sat,3,50,5.0,250,calib_a,"1,2,3,4,5",5,5,0,0,5,0,0/5,0.0,,,,1-2,,0,0,5,0,0,,,,,,,0,,0,0,,,0,0,0,0,0,0,5/5,1,0.0,0,0/0,0,0/0,0,0,unsuitable,no RC2-eligible instance (30 s < t <= 900 s),,"c* 9-13 at n 50, alpha 8-9 (highest density and c* among 3-SAT)"
max3sat_n50_a6,max3sat,3,50,6.0,300,calib_a,"1,2,3,4,5",5,5,0,0,5,0,0/5,0.3,,,,3-6,,0,0,5,0,0,,,,,,,0,,0,0,,,0,0,0,0,0,0,5/5,1,0.3,0,0/0,0,0/0,0,0,unsuitable,no RC2-eligible instance (30 s < t <= 900 s),,"c* 9-13 at n 50, alpha 8-9 (highest density and c* among 3-SAT)"
max3sat_n50_a8,max3sat,3,50,8.0,400,"calib_a,calib_b","1,2,3,4,5,6,7,8,9,10",10,10,0,0,2,8,8/10,70.9,32.8,82.4,648.7,8-11,9-11,8,0,2,24,24,1.3,1.3,1.2-1.4,1.0,1.0-1.0,1,0,0/24,8,0,0/8,0.00-0.32,0,0,0,0,0,0,10/10,1,70.9,1,0/8,0,8/8,1,0,unsuitable,fails r3 Q2 0/8,#11 #12 #13 #14 #51 #52 #53 #54,"c* 9-13 at n 50, alpha 8-9 (highest density and c* among 3-SAT)"
max3sat_n50_a8.5,max3sat,3,50,8.5,425,calib_b,"1,2,3,4,5",5,4,1,0,0,4,4/5,483.3,45.1,483.3,626.7,9-12,9-12,4,0,0,12,12,1.4,1.4,1.3-1.4,1.0,1.0-1.0,1,0,0/12,4,0,0/4,0.00-0.49,0,0,0,0,0,0,4/5,1,483.3,1,0/4,0,4/4,1,0,unsuitable,fails r3 Q2 0/4,#55 #56 #57 #58,"c* 9-13 at n 50, alpha 8-9 (highest density and c* among 3-SAT)"
max3sat_n50_a9,max3sat,3,50,9.0,450,calib_b,"1,2,3,4,5",5,2,3,0,0,2,2/5,499.7,152.1,499.7,847.3,11-13,11-13,2,0,0,6,6,1.4,1.4,1.3-1.5,1.0,1.0-1.0,1,0,0/6,2,0,0/2,0.00-0.66,0,0,0,0,0,0,2/5,0,499.7,1,0/2,0,2/2,1,0,unsuitable,fails r1 2/5; r3 Q2 0/2,#59 #60,"c* 9-13 at n 50, alpha 8-9 (highest density and c* among 3-SAT)"
max3sat_n70_a4.26,max3sat,3,70,4.26,298,calib_a,"1,2,3,4,5",5,5,0,0,5,0,0/5,0.0,,,,0-1,,0,0,5,0,0,,,,,,,0,,0,0,,,0,0,0,0,0,0,5/5,1,0.0,0,0/0,0,0/0,0,0,unsuitable,no RC2-eligible instance (30 s < t <= 900 s),,"c* 5-8 at n 70, alpha 6-6.5 (density and c* change, clause length 3)"
max3sat_n70_a5,max3sat,3,70,5.0,350,calib_a,"1,2,3,4,5",5,5,0,0,5,0,0/5,0.1,,,,1-4,,0,0,5,0,0,,,,,,,0,,0,0,,,0,0,0,0,0,0,5/5,1,0.1,0,0/0,0,0/0,0,0,unsuitable,no RC2-eligible instance (30 s < t <= 900 s),,"c* 5-8 at n 70, alpha 6-6.5 (density and c* change, clause length 3)"
max3sat_n70_a6,max3sat,3,70,6.0,420,"calib_a,calib_b","1,2,3,4,5,6,7,8,9,10",10,10,0,0,4,6,6/10,44.1,34.9,117.4,367.3,4-7,5-7,6,0,4,18,18,1.3,1.3,1.2-30.1,1.0,1.0-25.7,64,1,1/18,5,0,0/6,0.00-0.39,0,0,1,0,1,1,10/10,1,44.1,1,0/6,0,6/6,1,0,unsuitable,fails r3 Q2 0/6,#15 #16 #17 #61 #62 #63,"c* 5-8 at n 70, alpha 6-6.5 (density and c* change, clause length 3)"
max3sat_n70_a6.2,max3sat,3,70,6.2,434,calib_b,"1,2,3,4,5",5,5,0,0,2,3,3/5,152.5,152.5,197.2,290.5,6-7,6-7,3,0,2,9,9,1.3,1.4,1.2-1.8,1.0,1.0-1.3,2,0,0/9,2,0,0/3,0.00-0.56,0,0,0,0,0,0,5/5,1,152.5,1,0/3,0,3/3,1,0,unsuitable,fails r3 Q2 0/3,#64 #65 #66,"c* 5-8 at n 70, alpha 6-6.5 (density and c* change, clause length 3)"
max3sat_n70_a6.5,max3sat,3,70,6.5,455,calib_b,"1,2,3,4,5",5,4,1,0,0,4,4/5,182.9,146.4,182.9,436.4,7-8,7-8,4,0,0,12,12,1.4,1.5,1.3-1.8,1.0,1.0-1.3,2,0,0/12,3,0,0/4,0.00-0.49,0,0,0,0,0,0,4/5,1,182.9,1,0/4,0,4/4,1,0,unsuitable,fails r3 Q2 0/4,#67 #68 #69 #70,"c* 5-8 at n 70, alpha 6-6.5 (density and c* change, clause length 3)"
max3sat_n70_a8,max3sat,3,70,8.0,560,calib_a,"1,2,3,4,5",5,0,5,0,0,0,0/5,,,,,,,0,0,0,0,0,,,,,,,0,,0,0,,,0,0,0,0,0,0,0/5,0,,0,0/0,0,0/0,0,0,unsuitable,no RC2-eligible instance (30 s < t <= 900 s),,"c* 5-8 at n 70, alpha 6-6.5 (density and c* change, clause length 3)"
max3sat_n100_a4.26,max3sat,3,100,4.26,426,calib_a,"1,2,3,4,5",5,5,0,0,5,0,0/5,0.0,,,,0-1,,0,0,5,0,0,,,,,,,0,,0,0,,,0,0,0,0,0,0,5/5,1,0.0,0,0/0,0,0/0,0,0,unsuitable,no RC2-eligible instance (30 s < t <= 900 s),,"c* 4-5 at n 100, alpha 5-5.5 (density and c* decade change, clause length 3)"
max3sat_n100_a5,max3sat,3,100,5.0,500,calib_a,"1,2,3,4,5",5,5,0,0,4,1,1/5,5.6,93.0,93.0,93.0,2-4,4,1,0,4,3,3,3.0,3.3,3.3-3.3,2.3,2.3-2.3,4,0,0/3,0,0,0/1,0.00-0.79,0,0,0,0,0,0,5/5,1,5.6,0,0/1,0,1/1,1,0,unsuitable,fails r2 median 5.6 s; r3 Q2 0/1,#3,"c* 4-5 at n 100, alpha 5-5.5 (density and c* decade change, clause length 3)"
max3sat_n100_a5.2,max3sat,3,100,5.2,520,calib_b,"1,2,3,4,5",5,5,0,0,2,3,3/5,46.8,46.8,211.0,213.2,3-5,4-5,3,0,2,9,9,1.5,1.6,1.6-4.6,1.0,1.0-3.0,4,0,0/9,2,0,0/3,0.00-0.56,0,0,0,0,0,0,5/5,1,46.8,1,0/3,0,3/3,1,0,unsuitable,fails r3 Q2 0/3,#22 #23 #24,"c* 4-5 at n 100, alpha 5-5.5 (density and c* decade change, clause length 3)"
max3sat_n100_a5.5,max3sat,3,100,5.5,550,calib_b,"1,2,3,4,5",5,3,2,0,0,3,3/5,156.6,62.0,156.6,173.8,4-5,4-5,3,0,0,9,9,3.2,4.1,1.6-9.3,2.7,1.0-6.0,12,0,0/9,1,0,0/3,0.00-0.56,0,0,0,0,0,0,3/5,0,156.6,1,0/3,0,3/3,1,0,unsuitable,fails r1 3/5; r3 Q2 0/3,#25 #26 #27,"c* 4-5 at n 100, alpha 5-5.5 (density and c* decade change, clause length 3)"
max3sat_n100_a6,max3sat,3,100,6.0,600,calib_a,"1,2,3,4,5",5,0,5,0,0,0,0/5,,,,,,,0,0,0,0,0,,,,,,,0,,0,0,,,0,0,0,0,0,0,0/5,0,,0,0/0,0,0/0,0,0,unsuitable,no RC2-eligible instance (30 s < t <= 900 s),,"c* 4-5 at n 100, alpha 5-5.5 (density and c* decade change, clause length 3)"
max3sat_n100_a8,max3sat,3,100,8.0,800,calib_a,"1,2,3,4,5",5,0,5,0,0,0,0/5,,,,,,,0,0,0,0,0,,,,,,,0,,0,0,,,0,0,0,0,0,0,0/5,0,,0,0/0,0,0/0,0,0,unsuitable,no RC2-eligible instance (30 s < t <= 900 s),,"c* 4-5 at n 100, alpha 5-5.5 (density and c* decade change, clause length 3)"
max3sat_n150_a4.26,max3sat,3,150,4.26,639,calib_a,"1,2,3,4,5",5,5,0,0,5,0,0/5,0.0,,,,0-1,,0,0,5,0,0,,,,,,,0,,0,0,,,0,0,0,0,0,0,5/5,1,0.0,0,0/0,0,0/0,0,0,unsuitable,no RC2-eligible instance (30 s < t <= 900 s),,"small: n 150, alpha above threshold, c* 2-3; adjacent to the historical uuf200 points (n 200, c* 2)"
max3sat_n150_a4.6,max3sat,3,150,4.6,690,calib_b,"1,2,3,4,5",5,4,1,0,4,0,0/5,0.3,,,,0-1,,0,0,4,0,0,,,,,,,0,,0,0,,,0,0,0,0,0,0,4/5,1,0.3,0,0/0,0,0/0,0,0,unsuitable,no RC2-eligible instance (30 s < t <= 900 s),,"small: n 150, alpha above threshold, c* 2-3; adjacent to the historical uuf200 points (n 200, c* 2)"
max3sat_n150_a4.8,max3sat,3,150,4.8,720,calib_b,"1,2,3,4,5",5,3,2,0,2,1,1/5,1.9,34.9,34.9,34.9,0-2,2,1,0,2,3,3,47.2,61.3,61.3-61.3,30.3,30.3-30.3,59,1,1/3,0,1,1/1,0.21-1.00,0,1,0,0,1,1,3/5,0,1.9,0,1/1,1,1/1,1,0,unsuitable,fails r1 3/5; r2 median 1.9 s,#33,"small: n 150, alpha above threshold, c* 2-3; adjacent to the historical uuf200 points (n 200, c* 2)"
max3sat_n150_a5,max3sat,3,150,5.0,750,calib_a,"1,2,3,4,5",5,3,2,0,2,1,1/5,14.9,772.2,772.2,772.2,1-3,3,1,0,2,3,3,8.3,8.5,8.5-8.5,3.7,3.7-3.7,7,0,0/3,0,0,0/1,0.00-0.79,0,0,0,0,0,0,3/5,0,14.9,1,0/1,0,1/1,1,0,unsuitable,fails r1 3/5; r3 Q2 0/1,#6,"small: n 150, alpha above threshold, c* 2-3; adjacent to the historical uuf200 points (n 200, c* 2)"
max3sat_n150_a6,max3sat,3,150,6.0,900,calib_a,"1,2,3,4,5",5,0,5,0,0,0,0/5,,,,,,,0,0,0,0,0,,,,,,,0,,0,0,,,0,0,0,0,0,0,0/5,0,,0,0/0,0,0/0,0,0,unsuitable,no RC2-eligible instance (30 s < t <= 900 s),,"small: n 150, alpha above threshold, c* 2-3; adjacent to the historical uuf200 points (n 200, c* 2)"
max3sat_n150_a8,max3sat,3,150,8.0,1200,calib_a,"1,2,3,4,5",5,0,5,0,0,0,0/5,,,,,,,0,0,0,0,0,,,,,,,0,,0,0,,,0,0,0,0,0,0,0/5,0,,0,0/0,0,0/0,0,0,unsuitable,no RC2-eligible instance (30 s < t <= 900 s),,"small: n 150, alpha above threshold, c* 2-3; adjacent to the historical uuf200 points (n 200, c* 2)"
max3sat_n250_a4.26,max3sat,3,250,4.26,1065,"calib_a,calib_b","1,2,3,4,5,6,7,8,9,10",10,9,1,0,3,6,6/10,50.8,33.0,83.5,387.8,0-1,1,6,0,3,18,17,125.6,103.4,41.7-650.4,35.5,14.7-221.0,298,3,8/18,0,5,5/6,0.44-0.97,3,5,1,0,6,0,9/10,1,50.8,1,5/6,1,6/6,1,1,reference,"historical uuf250 regime (k 3, n 250, c* 1); replication only",#7 #8 #9 #36 #37 #38,"none: same regime as the historical uuf250 set (n 250, alpha ~4.3, c* 1)"
max3sat_n250_a4.35,max3sat,3,250,4.35,1088,calib_b,"1,2,3,4,5",5,2,3,0,0,2,2/5,213.6,103.4,213.6,323.7,1,1,2,0,0,6,5,62.0,266.6,23.7-509.6,86.1,7.7-164.5,292,1,1/6,0,1,1/2,0.09-0.91,1,1,0,0,1,1,2/5,0,213.6,1,1/2,1,2/2,1,0,reference,"historical uuf250 regime (k 3, n 250, c* 1); replication only",#39 #40,"none: same regime as the historical uuf250 set (n 250, alpha ~4.3, c* 1)"
max3sat_n250_a5,max3sat,3,250,5.0,1250,calib_a,"1,2,3,4,5",5,0,5,0,0,0,0/5,,,,,,,0,0,0,0,0,,,,,,,0,,0,0,,,0,0,0,0,0,0,0/5,0,,0,0/0,0,0/0,0,0,unsuitable,no RC2-eligible instance (30 s < t <= 900 s),,"none: same regime as the historical uuf250 set (n 250, alpha ~4.3, c* 1)"
max3sat_n250_a6,max3sat,3,250,6.0,1500,calib_a,"1,2,3,4,5",5,0,5,0,0,0,0/5,,,,,,,0,0,0,0,0,,,,,,,0,,0,0,,,0,0,0,0,0,0,0/5,0,,0,0/0,0,0/0,0,0,unsuitable,no RC2-eligible instance (30 s < t <= 900 s),,"none: same regime as the historical uuf250 set (n 250, alpha ~4.3, c* 1)"
max3sat_n250_a8,max3sat,3,250,8.0,2000,calib_a,"1,2,3,4,5",5,0,5,0,0,0,0/5,,,,,,,0,0,0,0,0,,,,,,,0,,0,0,,,0,0,0,0,0,0,0/5,0,,0,0/0,0,0/0,0,0,unsuitable,no RC2-eligible instance (30 s < t <= 900 s),,"none: same regime as the historical uuf250 set (n 250, alpha ~4.3, c* 1)"
max2sat_n100_a2,max2sat,2,100,2.0,200,calib_a,"1,2,3,4,5",5,5,0,0,5,0,0/5,0.0,,,,1-5,,0,0,5,0,0,,,,,,,0,,0,0,,,0,0,0,0,0,0,5/5,1,0.0,0,0/0,0,0/0,0,0,unsuitable,no RC2-eligible instance (30 s < t <= 900 s),,"clause length 2, c* 31-50 (second c* decade), n 100"
max2sat_n100_a3,max2sat,2,100,3.0,300,calib_a,"1,2,3,4,5",5,5,0,0,5,0,0/5,0.3,,,,12-16,,0,0,5,0,0,,,,,,,0,,0,0,,,0,0,0,0,0,0,5/5,1,0.3,0,0/0,0,0/0,0,0,unsuitable,no RC2-eligible instance (30 s < t <= 900 s),,"clause length 2, c* 31-50 (second c* decade), n 100"
max2sat_n100_a4,max2sat,2,100,4.0,400,calib_a,"1,2,3,4,5",5,5,0,0,4,1,1/5,8.1,173.7,173.7,173.7,24-31,31,1,0,4,3,3,1.5,2.0,2.0-2.0,1.7,1.7-1.7,3,0,0/3,0,0,0/1,0.00-0.79,0,0,0,0,0,0,5/5,1,8.1,0,0/1,0,1/1,1,0,unsuitable,fails r2 median 8.1 s; r3 Q2 0/1,#1,"clause length 2, c* 31-50 (second c* decade), n 100"
max2sat_n100_a4.5,max2sat,2,100,4.5,450,calib_b,"1,2,3,4,5",5,3,2,0,1,2,2/5,66.5,66.5,96.3,126.0,30-35,32-35,2,0,1,6,6,2.0,2.1,1.2-2.9,1.7,1.0-2.3,3,0,0/6,1,0,0/2,0.00-0.66,0,0,0,0,0,0,3/5,0,66.5,1,0/2,0,2/2,1,0,unsuitable,fails r1 3/5; r3 Q2 0/2,#18 #19,"clause length 2, c* 31-50 (second c* decade), n 100"
max2sat_n100_a5,max2sat,2,100,5.0,500,calib_b,"1,2,3,4,5",5,2,3,0,0,2,2/5,57.6,31.1,57.6,84.0,35,35,2,0,0,6,6,2.2,2.4,1.4-3.5,1.7,1.0-2.3,3,0,0/6,1,0,0/2,0.00-0.66,0,0,0,0,0,0,2/5,0,57.6,1,0/2,0,2/2,1,0,unsuitable,fails r1 2/5; r3 Q2 0/2,#20 #21,"clause length 2, c* 31-50 (second c* decade), n 100"
max2sat_n100_a6,max2sat,2,100,6.0,600,calib_a,"1,2,3,4,5",5,1,4,0,0,1,1/5,752.7,752.7,752.7,752.7,50,50,1,0,0,3,3,6.3,6.6,6.6-6.6,4.0,4.0-4.0,7,0,0/3,0,0,0/1,0.00-0.79,0,0,0,0,0,0,1/5,0,752.7,1,0/1,0,1/1,1,0,unsuitable,fails r1 1/5; r3 Q2 0/1,#2,"clause length 2, c* 31-50 (second c* decade), n 100"
max2sat_n150_a2,max2sat,2,150,2.0,300,calib_a,"1,2,3,4,5",5,5,0,0,5,0,0/5,0.0,,,,6-7,,0,0,5,0,0,,,,,,,0,,0,0,,,0,0,0,0,0,0,5/5,1,0.0,0,0/0,0,0/0,0,0,unsuitable,no RC2-eligible instance (30 s < t <= 900 s),,"clause length 2, c* 23-28, n 150"
max2sat_n150_a3,max2sat,2,150,3.0,450,"calib_a,calib_b","1,2,3,4,5,6,7,8,9,10",10,9,1,0,6,3,3/10,14.1,32.3,36.4,65.1,18-24,23-24,3,0,6,9,9,1.2,1.4,1.2-1.6,1.0,1.0-1.3,2,0,0/9,2,0,0/3,0.00-0.56,0,0,0,0,0,0,9/10,1,14.1,1,0/3,0,3/3,1,0,unsuitable,fails r3 Q2 0/3,#4 #5 #28,"clause length 2, c* 23-28, n 150"
max2sat_n150_a3.15,max2sat,2,150,3.15,472,calib_b,"1,2,3,4,5",5,4,1,0,3,1,1/5,12.7,300.9,300.9,300.9,20-26,26,1,0,3,3,3,3.5,3.2,3.2-3.2,2.0,2.0-2.0,3,0,0/3,0,0,0/1,0.00-0.79,0,0,0,0,0,0,4/5,1,12.7,1,0/1,0,1/1,1,0,unsuitable,fails r3 Q2 0/1,#29,"clause length 2, c* 23-28, n 150"
max2sat_n150_a3.3,max2sat,2,150,3.3,495,calib_b,"1,2,3,4,5",5,4,1,0,1,3,3/5,102.4,34.1,170.8,226.6,25-28,25-28,3,0,1,9,9,1.5,1.5,1.3-41.9,1.0,1.0-30.7,41,1,1/9,2,0,0/3,0.00-0.56,0,0,1,0,1,1,4/5,1,102.4,1,0/3,0,3/3,1,0,unsuitable,fails r3 Q2 0/3,#30 #31 #32,"clause length 2, c* 23-28, n 150"
max2sat_n150_a4,max2sat,2,150,4.0,600,calib_a,"1,2,3,4,5",5,0,5,0,0,0,0/5,,,,,,,0,0,0,0,0,,,,,,,0,,0,0,,,0,0,0,0,0,0,0/5,0,,0,0/0,0,0/0,0,0,unsuitable,no RC2-eligible instance (30 s < t <= 900 s),,"clause length 2, c* 23-28, n 150"
max2sat_n150_a6,max2sat,2,150,6.0,900,calib_a,"1,2,3,4,5",5,0,5,0,0,0,0/5,,,,,,,0,0,0,0,0,,,,,,,0,,0,0,,,0,0,0,0,0,0,0/5,0,,0,0/0,0,0/0,0,0,unsuitable,no RC2-eligible instance (30 s < t <= 900 s),,"clause length 2, c* 23-28, n 150"
max2sat_n250_a2,max2sat,2,250,2.0,500,calib_a,"1,2,3,4,5",5,5,0,0,5,0,0/5,0.2,,,,8-14,,0,0,5,0,0,,,,,,,0,,0,0,,,0,0,0,0,0,0,5/5,1,0.2,0,0/0,0,0/0,0,0,unsuitable,no RC2-eligible instance (30 s < t <= 900 s),,"clause length 2, c* 18-22, n 250"
max2sat_n250_a2.35,max2sat,2,250,2.35,588,calib_b,"1,2,3,4,5",5,4,1,0,2,2,2/5,37.2,71.1,340.7,610.3,14-22,18-22,2,0,2,6,6,1.6,1.6,1.5-1.6,1.0,1.0-1.0,1,0,0/6,2,0,0/2,0.00-0.66,0,0,0,0,0,0,4/5,1,37.2,1,0/2,0,2/2,1,0,unsuitable,fails r3 Q2 0/2,#34 #35,"clause length 2, c* 18-22, n 250"
max2sat_n250_a2.5,max2sat,2,250,2.5,625,calib_b,"1,2,3,4,5",5,3,2,0,3,0,0/5,9.5,,,,17-21,,0,0,3,0,0,,,,,,,0,,0,0,,,0,0,0,0,0,0,3/5,0,9.5,0,0/0,0,0/0,0,0,unsuitable,no RC2-eligible instance (30 s < t <= 900 s),,"clause length 2, c* 18-22, n 250"
max2sat_n250_a3,max2sat,2,250,3.0,750,calib_a,"1,2,3,4,5",5,0,5,0,0,0,0/5,,,,,,,0,0,0,0,0,,,,,,,0,,0,0,,,0,0,0,0,0,0,0/5,0,,0,0/0,0,0/0,0,0,unsuitable,no RC2-eligible instance (30 s < t <= 900 s),,"clause length 2, c* 18-22, n 250"
max2sat_n250_a4,max2sat,2,250,4.0,1000,calib_a,"1,2,3,4,5",5,0,5,0,0,0,0/5,,,,,,,0,0,0,0,0,,,,,,,0,,0,0,,,0,0,0,0,0,0,0/5,0,,0,0/0,0,0/0,0,0,unsuitable,no RC2-eligible instance (30 s < t <= 900 s),,"clause length 2, c* 18-22, n 250"
max2sat_n250_a6,max2sat,2,250,6.0,1500,calib_a,"1,2,3,4,5",5,0,5,0,0,0,0/5,,,,,,,0,0,0,0,0,,,,,,,0,,0,0,,,0,0,0,0,0,0,0/5,0,,0,0/0,0,0/0,0,0,unsuitable,no RC2-eligible instance (30 s < t <= 900 s),,"clause length 2, c* 18-22, n 250"
max2sat_n400_a2,max2sat,2,400,2.0,800,"calib_a,calib_b","1,2,3,4,5,6,7,8,9,10",10,10,0,0,6,4,4/10,18.1,43.0,144.9,412.7,12-20,18-20,4,0,6,12,12,8.3,17.6,2.8-123.1,8.3,1.3-58.7,82,1,2/12,0,1,1/4,0.05-0.70,0,1,1,0,2,0,10/10,1,18.1,1,1/4,0,4/4,1,0,promising,fails r3 by one instance; Q2 1/4,#10 #41 #42 #43,"clause length 2, c* 18-23, n 400, m 800-920 (largest clause sets in the pool)"
max2sat_n400_a2.15,max2sat,2,400,2.15,860,calib_b,"1,2,3,4,5",5,5,0,0,1,4,4/5,147.6,146.6,178.9,380.6,16-21,18-21,4,0,1,12,12,3.7,4.0,2.3-59.0,1.7,1.0-25.7,35,0,0/12,2,1,1/4,0.05-0.70,1,1,1,1,2,0,5/5,1,147.6,1,1/4,0,4/4,1,0,promising,fails r3 by one instance; Q2 1/4,#44 #45 #46 #47,"clause length 2, c* 18-23, n 400, m 800-920 (largest clause sets in the pool)"
max2sat_n400_a2.3,max2sat,2,400,2.3,920,calib_b,"1,2,3,4,5",5,3,2,0,0,3,3/5,144.9,53.5,144.9,367.2,20-23,20-23,3,0,0,9,9,2.8,2.9,2.5-4.2,1.0,1.0-1.7,2,0,0/9,2,0,0/3,0.00-0.56,0,0,1,1,1,1,3/5,0,144.9,1,0/3,0,3/3,1,0,unsuitable,fails r1 3/5; r3 Q2 0/3,#48 #49 #50,"clause length 2, c* 18-23, n 400, m 800-920 (largest clause sets in the pool)"
max2sat_n400_a3,max2sat,2,400,3.0,1200,calib_a,"1,2,3,4,5",5,0,5,0,0,0,0/5,,,,,,,0,0,0,0,0,,,,,,,0,,0,0,,,0,0,0,0,0,0,0/5,0,,0,0/0,0,0/0,0,0,unsuitable,no RC2-eligible instance (30 s < t <= 900 s),,"clause length 2, c* 18-23, n 400, m 800-920 (largest clause sets in the pool)"
max2sat_n400_a4,max2sat,2,400,4.0,1600,calib_a,"1,2,3,4,5",5,0,5,0,0,0,0/5,,,,,,,0,0,0,0,0,,,,,,,0,,0,0,,,0,0,0,0,0,0,0/5,0,,0,0/0,0,0/0,0,0,unsuitable,no RC2-eligible instance (30 s < t <= 900 s),,"clause length 2, c* 18-23, n 400, m 800-920 (largest clause sets in the pool)"
max2sat_n400_a6,max2sat,2,400,6.0,2400,calib_a,"1,2,3,4,5",5,0,5,0,0,0,0/5,,,,,,,0,0,0,0,0,,,,,,,0,,0,0,,,0,0,0,0,0,0,0/5,0,,0,0/0,0,0/0,0,0,unsuitable,no RC2-eligible instance (30 s < t <= 900 s),,"clause length 2, c* 18-23, n 400, m 800-920 (largest clause sets in the pool)"
