instance,instance_sha256,batch,cell_id,k,n,alpha,m,gen_seed,rc2_status,rc2_solve_s,c_star,rc2_lower_bound,rc2_class,pop_idx,pilot_idx,a35_runs,a35_succ,a35_median_ttt_s,a35_ert_s,a35_ert_calls,a35_max_calls,a35_runs_beyond_gen1,a35_q2,a35_first_call_all,a05_runs,a05_succ,a05_runs_beyond_gen1,a05_q2
data/generated/calib_a/wksat_v100_k2_sr2.00_hr0.00_w1_uniform_s1.wcnf,334bd7d4db277870113b8b97500aa338cb4de299c5bc62a30d1f0dd2a0a90ca4,calib_a,max2sat_n100_a2,2,100,2.0,200,1,optimal,0.007,2,2,below,,,,,,,,,,,,,,,
data/generated/calib_a/wksat_v100_k2_sr2.00_hr0.00_w1_uniform_s2.wcnf,41c3443ad7ede525e54ca0f84bfd984a6f3415bed7513933bd37c799b9c70a34,calib_a,max2sat_n100_a2,2,100,2.0,200,2,optimal,0.003,1,1,below,,,,,,,,,,,,,,,
data/generated/calib_a/wksat_v100_k2_sr2.00_hr0.00_w1_uniform_s3.wcnf,e9b3ae92e15d3e7a2972a231d0978f503da6242743eb9de122e400abdcb7221b,calib_a,max2sat_n100_a2,2,100,2.0,200,3,optimal,0.007,5,5,below,,,,,,,,,,,,,,,
data/generated/calib_a/wksat_v100_k2_sr2.00_hr0.00_w1_uniform_s4.wcnf,3bdba4a9c5fdf8c5f40c6abc29ee7a47a5276751befeaf0c7965f16d48b8b522,calib_a,max2sat_n100_a2,2,100,2.0,200,4,optimal,0.005,3,3,below,,,,,,,,,,,,,,,
data/generated/calib_a/wksat_v100_k2_sr2.00_hr0.00_w1_uniform_s5.wcnf,404d80f5fd49bc3d1834b27c11eefc1ade6c7e7a4a7e0807eb326bd70cb33f07,calib_a,max2sat_n100_a2,2,100,2.0,200,5,optimal,0.005,4,4,below,,,,,,,,,,,,,,,
data/generated/calib_a/wksat_v100_k2_sr3.00_hr0.00_w1_uniform_s1.wcnf,6fe4c97490ee68c75a8c90cef88940f167312fb08eca6f05d5cee7a35593fb21,calib_a,max2sat_n100_a3,2,100,3.0,300,1,optimal,0.03,12,12,below,,,,,,,,,,,,,,,
data/generated/calib_a/wksat_v100_k2_sr3.00_hr0.00_w1_uniform_s2.wcnf,878be0308d8f5fe7deba58fa7f96f7884e21c7cc8121b24fcaed0bc3e51ba905,calib_a,max2sat_n100_a3,2,100,3.0,300,2,optimal,0.357,15,15,below,,,,,,,,,,,,,,,
data/generated/calib_a/wksat_v100_k2_sr3.00_hr0.00_w1_uniform_s3.wcnf,8260cb37ff5e46baf0df0433128f5cb618606e284bfa01e83db3fc2789e0b8a0,calib_a,max2sat_n100_a3,2,100,3.0,300,3,optimal,0.773,16,16,below,,,,,,,,,,,,,,,
data/generated/calib_a/wksat_v100_k2_sr3.00_hr0.00_w1_uniform_s4.wcnf,be239fb099f3cf767d873ac6dfbaf6e2b48e81291be695e66106f391a3247720,calib_a,max2sat_n100_a3,2,100,3.0,300,4,optimal,0.021,13,13,below,,,,,,,,,,,,,,,
data/generated/calib_a/wksat_v100_k2_sr3.00_hr0.00_w1_uniform_s5.wcnf,06530f1f94c686486464aae3ec41770209fb881790b7a562a79b76a8c73689b3,calib_a,max2sat_n100_a3,2,100,3.0,300,5,optimal,0.255,15,15,below,,,,,,,,,,,,,,,
data/generated/calib_a/wksat_v100_k2_sr4.00_hr0.00_w1_uniform_s1.wcnf,ee0bc90d5ed3ee975e47602a0214e12624a30027b31f3fcc559b6bfa0486e118,calib_a,max2sat_n100_a4,2,100,4.0,400,1,optimal,8.056,25,25,below,,,,,,,,,,,,,,,
data/generated/calib_a/wksat_v100_k2_sr4.00_hr0.00_w1_uniform_s2.wcnf,03d8c643fe1781e5f9d099dc649a7fb7651262e4b559f3d99c6922bfd92033a4,calib_a,max2sat_n100_a4,2,100,4.0,400,2,optimal,4.906,27,27,below,,,,,,,,,,,,,,,
data/generated/calib_a/wksat_v100_k2_sr4.00_hr0.00_w1_uniform_s3.wcnf,1bf6431e65d0ee4118808652c665277d8a2a9ba66fb1c9706fb8f000be3356f8,calib_a,max2sat_n100_a4,2,100,4.0,400,3,optimal,173.651,31,31,eligible,1,,3,3,1.503,1.978,1.667,3,0,0,0,3,3,0,0
data/generated/calib_a/wksat_v100_k2_sr4.00_hr0.00_w1_uniform_s4.wcnf,1d41af22c9bc0e6ef606211ff0c387399e3f225c349a3fbfd5c7199d38b93e56,calib_a,max2sat_n100_a4,2,100,4.0,400,4,optimal,3.088,24,24,below,,,,,,,,,,,,,,,
data/generated/calib_a/wksat_v100_k2_sr4.00_hr0.00_w1_uniform_s5.wcnf,ba7daebd4cfb42967016cf6e6c4ffd429144c05b4877e9df534b15348aa9169d,calib_a,max2sat_n100_a4,2,100,4.0,400,5,optimal,12.87,27,27,below,,,,,,,,,,,,,,,
data/generated/calib_b/wksat_v100_k2_sr4.50_hr0.00_w1_uniform_s1.wcnf,33af505ac00e88268362ee438927139cfb70a6d833a11de4e20c164f0d698239,calib_b,max2sat_n100_a4.5,2,100,4.5,450,1,optimal,66.547,32,32,eligible,18,,3,3,1.242,1.242,1.000,1,0,0,1,3,3,0,0
data/generated/calib_b/wksat_v100_k2_sr4.50_hr0.00_w1_uniform_s2.wcnf,a6af598d077c8d9c349186b81a87dbf97c5aaf0a0aa3abfc645752146e81d6b9,calib_b,max2sat_n100_a4.5,2,100,4.5,450,2,optimal,126.025,35,35,eligible,19,,3,3,2.710,2.922,2.333,3,0,0,0,3,3,0,0
data/generated/calib_b/wksat_v100_k2_sr4.50_hr0.00_w1_uniform_s3.wcnf,a4df95451267f07f411872921d1c6e770ef3e8ffab84643c79881ce2edc4cced,calib_b,max2sat_n100_a4.5,2,100,4.5,450,3,subprocess_killed,,,37,censored,,,,,,,,,,,,,,,
data/generated/calib_b/wksat_v100_k2_sr4.50_hr0.00_w1_uniform_s4.wcnf,2085e9aaf9669dd8dc32dcef6c8ee153c6169973a6d65440ad52bcadc0dd2c1b,calib_b,max2sat_n100_a4.5,2,100,4.5,450,4,optimal,16.257,30,30,below,,,,,,,,,,,,,,,
data/generated/calib_b/wksat_v100_k2_sr4.50_hr0.00_w1_uniform_s5.wcnf,648a67a393d79cba721b3b9248ee79ac5d4a691da21311839e0f46e138413518,calib_b,max2sat_n100_a4.5,2,100,4.5,450,5,subprocess_killed,,,36,censored,,,,,,,,,,,,,,,
data/generated/calib_b/wksat_v100_k2_sr5.00_hr0.00_w1_uniform_s1.wcnf,17862c035c2bab559d7c042a63093b6210caf69719e8ba5c2bab6ac1bd593a82,calib_b,max2sat_n100_a5,2,100,5.0,500,1,optimal,83.971,35,35,eligible,20,,3,3,3.046,3.459,2.333,3,0,0,0,3,3,0,0
data/generated/calib_b/wksat_v100_k2_sr5.00_hr0.00_w1_uniform_s2.wcnf,5d3c5a89c762a6ff6624cdc4b9b0f936420b13213a62269be035d882d68db8d6,calib_b,max2sat_n100_a5,2,100,5.0,500,2,subprocess_killed,,,40,censored,,,,,,,,,,,,,,,
data/generated/calib_b/wksat_v100_k2_sr5.00_hr0.00_w1_uniform_s3.wcnf,6b9b5901cbbc6c23dbad7e64d710a2a05ed4f975fbbc4d6afb3c50882e34eeda,calib_b,max2sat_n100_a5,2,100,5.0,500,3,subprocess_killed,,,43,censored,,,,,,,,,,,,,,,
data/generated/calib_b/wksat_v100_k2_sr5.00_hr0.00_w1_uniform_s4.wcnf,27227aa2d367a87d11ade8451836d58665f0c3e10735ef9f69531ec216b9041a,calib_b,max2sat_n100_a5,2,100,5.0,500,4,optimal,31.146,35,35,eligible,21,,3,3,1.427,1.436,1.000,1,0,0,1,3,3,0,0
data/generated/calib_b/wksat_v100_k2_sr5.00_hr0.00_w1_uniform_s5.wcnf,8590927b60734a1b9f6c209c0d7380710c2ae094b3a5e3c1b9e08e5bbd4254d2,calib_b,max2sat_n100_a5,2,100,5.0,500,5,subprocess_killed,,,39,censored,,,,,,,,,,,,,,,
data/generated/calib_a/wksat_v100_k2_sr6.00_hr0.00_w1_uniform_s1.wcnf,0a3b3189ef31359aa5511242ce45b618affcd83ae9a830936abff29afd6f2da3,calib_a,max2sat_n100_a6,2,100,6.0,600,1,optimal,752.749,50,50,eligible,2,1,3,3,6.318,6.598,4.000,7,0,0,0,3,3,0,0
data/generated/calib_a/wksat_v100_k2_sr6.00_hr0.00_w1_uniform_s2.wcnf,805a83fbc055df23c90876c3757f00ce6b92201d3c41c3ba9fcc245ff89ef00c,calib_a,max2sat_n100_a6,2,100,6.0,600,2,subprocess_killed,,,54,censored,,,,,,,,,,,,,,,
data/generated/calib_a/wksat_v100_k2_sr6.00_hr0.00_w1_uniform_s3.wcnf,5a2f8492ea1e750da41b0be5298a8370ec1d663acc62e6f76170bc1022c25201,calib_a,max2sat_n100_a6,2,100,6.0,600,3,subprocess_killed,,,53,censored,,,,,,,,,,,,,,,
data/generated/calib_a/wksat_v100_k2_sr6.00_hr0.00_w1_uniform_s4.wcnf,9b22ca887b07de9debe861b3668dba4b223ae553aad8c3e85138cac07a209844,calib_a,max2sat_n100_a6,2,100,6.0,600,4,subprocess_killed,,,50,censored,,,,,,,,,,,,,,,
data/generated/calib_a/wksat_v100_k2_sr6.00_hr0.00_w1_uniform_s5.wcnf,df053cb2a4f53dd38426b2874161e4a488524e4bf28c28c3d2f16676d5617d35,calib_a,max2sat_n100_a6,2,100,6.0,600,5,subprocess_killed,,,49,censored,,,,,,,,,,,,,,,
data/generated/calib_a/wksat_v150_k2_sr2.00_hr0.00_w1_uniform_s1.wcnf,42a99c2395af7cb75b707deb472a434d1a9cbea01043fab7b95d7ba3ab8b7782,calib_a,max2sat_n150_a2,2,150,2.0,300,1,optimal,0.021,6,6,below,,,,,,,,,,,,,,,
data/generated/calib_a/wksat_v150_k2_sr2.00_hr0.00_w1_uniform_s2.wcnf,338666603df63ee983f48a52cdeb18f94fb8470c585551012f90caa854f9a59c,calib_a,max2sat_n150_a2,2,150,2.0,300,2,optimal,0.011,7,7,below,,,,,,,,,,,,,,,
data/generated/calib_a/wksat_v150_k2_sr2.00_hr0.00_w1_uniform_s3.wcnf,273db47f68b7a691b51e08a3ee3441f116cb6df58b90c5f86e79def45998be5b,calib_a,max2sat_n150_a2,2,150,2.0,300,3,optimal,0.007,6,6,below,,,,,,,,,,,,,,,
data/generated/calib_a/wksat_v150_k2_sr2.00_hr0.00_w1_uniform_s4.wcnf,cf79db10b856af614441a585f789e7e5cd5333bbd69907645a44cfa39f0de10a,calib_a,max2sat_n150_a2,2,150,2.0,300,4,optimal,0.008,6,6,below,,,,,,,,,,,,,,,
data/generated/calib_a/wksat_v150_k2_sr2.00_hr0.00_w1_uniform_s5.wcnf,ec2aca04785241f7d5669ae1b5ca2c3d1e8bcea47d5325f5eca876d6303be05c,calib_a,max2sat_n150_a2,2,150,2.0,300,5,optimal,0.009,7,7,below,,,,,,,,,,,,,,,
data/generated/calib_a/wksat_v150_k2_sr3.00_hr0.00_w1_uniform_s1.wcnf,798099e820f8f29ea92c54c906b5a4fa91e8490367426cf5b077884ed82b476b,calib_a,max2sat_n150_a3,2,150,3.0,450,1,optimal,2.257,19,19,below,,,,,,,,,,,,,,,
data/generated/calib_a/wksat_v150_k2_sr3.00_hr0.00_w1_uniform_s2.wcnf,02965127563cf4e71612e615a5201f561a87a2a4f244f95ddfb0f9d9c6ef6614,calib_a,max2sat_n150_a3,2,150,3.0,450,2,optimal,3.151,21,21,below,,,,,,,,,,,,,,,
data/generated/calib_a/wksat_v150_k2_sr3.00_hr0.00_w1_uniform_s3.wcnf,896f8138027145c639c73e12b215c4e874a6b25d93e256c98f86f912ea9c021c,calib_a,max2sat_n150_a3,2,150,3.0,450,3,optimal,65.08,23,23,eligible,4,,3,3,1.263,1.645,1.333,2,0,0,0,3,3,0,0
data/generated/calib_a/wksat_v150_k2_sr3.00_hr0.00_w1_uniform_s4.wcnf,cac83f71adf8e1f3641733007c1c8bf7bb35bccb74fa388859adbb1769b5e4a1,calib_a,max2sat_n150_a3,2,150,3.0,450,4,optimal,36.352,24,24,eligible,5,,3,3,1.174,1.187,1.000,1,0,0,1,3,3,0,0
data/generated/calib_a/wksat_v150_k2_sr3.00_hr0.00_w1_uniform_s5.wcnf,948f5ba30883e81c80f939a092c0f96cfdf990fabe04a57b1297cc3eaa49d120,calib_a,max2sat_n150_a3,2,150,3.0,450,5,subprocess_killed,,,28,censored,,,,,,,,,,,,,,,
data/generated/calib_b/wksat_v150_k2_sr3.00_hr0.00_w1_uniform_s6.wcnf,742ed9935b39150b1dcfa2682d8778aa8c0ea881feb5999801146f173dce2f85,calib_b,max2sat_n150_a3,2,150,3.0,450,6,optimal,4.52,18,18,below,,,,,,,,,,,,,,,
data/generated/calib_b/wksat_v150_k2_sr3.00_hr0.00_w1_uniform_s7.wcnf,4e1ceec953c1d9f2ae3bc1152704a2241d837e59cde7c3f0c4026c0c4ab82267,calib_b,max2sat_n150_a3,2,150,3.0,450,7,optimal,32.347,23,23,eligible,28,,3,3,1.243,1.371,1.000,1,0,0,1,3,3,0,0
data/generated/calib_b/wksat_v150_k2_sr3.00_hr0.00_w1_uniform_s8.wcnf,03885bc073ca946bff893a9cf3f35257fde6c7821b6668674fb46e253227d6c1,calib_b,max2sat_n150_a3,2,150,3.0,450,8,optimal,14.09,20,20,below,,,,,,,,,,,,,,,
data/generated/calib_b/wksat_v150_k2_sr3.00_hr0.00_w1_uniform_s9.wcnf,05d4c4eb2dc607cc0960035c08ae0acffb4fb653a99ee67c2fa997db295aa416,calib_b,max2sat_n150_a3,2,150,3.0,450,9,optimal,1.771,19,19,below,,,,,,,,,,,,,,,
data/generated/calib_b/wksat_v150_k2_sr3.00_hr0.00_w1_uniform_s10.wcnf,007d16a948966f2ae5d6689e6c2c7eb439b1a40108800039a46a6a88b7d7492b,calib_b,max2sat_n150_a3,2,150,3.0,450,10,optimal,17.22,21,21,below,,,,,,,,,,,,,,,
data/generated/calib_b/wksat_v150_k2_sr3.15_hr0.00_w1_uniform_s1.wcnf,b5601c98c144c1e3b6099fcd85467051280f33fbbca0bec45ba851cd04193b01,calib_b,max2sat_n150_a3.15,2,150,3.15,472,1,optimal,1.033,20,20,below,,,,,,,,,,,,,,,
data/generated/calib_b/wksat_v150_k2_sr3.15_hr0.00_w1_uniform_s2.wcnf,7ab1ae358cc59ea985a4a8121f67b0f59ae1151462bbfb3e5d660e20973abc10,calib_b,max2sat_n150_a3.15,2,150,3.15,472,2,optimal,1.505,23,23,below,,,,,,,,,,,,,,,
data/generated/calib_b/wksat_v150_k2_sr3.15_hr0.00_w1_uniform_s3.wcnf,c23c09b4f9a619b82903c29f9da28e3367898d9516138331baaa8b2183293b53,calib_b,max2sat_n150_a3.15,2,150,3.15,472,3,optimal,23.984,25,25,below,,,,,,,,,,,,,,,
data/generated/calib_b/wksat_v150_k2_sr3.15_hr0.00_w1_uniform_s4.wcnf,d72e2fa9792c60f1f6e66483165d1d00f9c58943f28458cf5017475f7122cccc,calib_b,max2sat_n150_a3.15,2,150,3.15,472,4,optimal,300.852,26,26,eligible,29,,3,3,3.492,3.167,2.000,3,0,0,0,3,3,0,0
data/generated/calib_b/wksat_v150_k2_sr3.15_hr0.00_w1_uniform_s5.wcnf,c2e04feb6b13f07d5cd090af7b79f5fe404d48419f569135f880283a56ddf63f,calib_b,max2sat_n150_a3.15,2,150,3.15,472,5,subprocess_killed,,,29,censored,,,,,,,,,,,,,,,
data/generated/calib_b/wksat_v150_k2_sr3.30_hr0.00_w1_uniform_s1.wcnf,b53a06380af01e12bca2ea12cdaf375ed3af41bc767fd6dc339dbc39d337d226,calib_b,max2sat_n150_a3.3,2,150,3.3,495,1,optimal,34.072,25,25,eligible,30,,3,3,1.514,1.530,1.000,1,0,0,1,3,3,0,0
data/generated/calib_b/wksat_v150_k2_sr3.30_hr0.00_w1_uniform_s2.wcnf,a6d7b2109c4c76509f19ce5ce659381e31bb41fa8622d4d0efe5d82284d4e714,calib_b,max2sat_n150_a3.3,2,150,3.3,495,2,optimal,2.757,25,25,below,,,,,,,,,,,,,,,
data/generated/calib_b/wksat_v150_k2_sr3.30_hr0.00_w1_uniform_s3.wcnf,8e2a8d74e791d6bbdbd2308a19e486e320cb3e08638e177a6ee5d43898998c16,calib_b,max2sat_n150_a3.3,2,150,3.3,495,3,optimal,170.816,27,27,eligible,31,,3,3,37.054,41.902,30.667,41,1,0,0,3,3,3,0
data/generated/calib_b/wksat_v150_k2_sr3.30_hr0.00_w1_uniform_s4.wcnf,dc29e62067d58db204c2488783e033ba5244cd652ef1d124dcc4f5bf31e8a04d,calib_b,max2sat_n150_a3.3,2,150,3.3,495,4,optimal,226.564,28,28,eligible,32,6,3,3,1.276,1.304,1.000,1,0,0,1,3,3,0,0
data/generated/calib_b/wksat_v150_k2_sr3.30_hr0.00_w1_uniform_s5.wcnf,f71dc58ef44c4083d50a3d2cc44805e47182b5836d65c704d3ee8f40ad6ff652,calib_b,max2sat_n150_a3.3,2,150,3.3,495,5,subprocess_killed,,,31,censored,,,,,,,,,,,,,,,
data/generated/calib_a/wksat_v150_k2_sr4.00_hr0.00_w1_uniform_s1.wcnf,f4de317575fb9a585dc6b4ecbc80e080c1ce28ac7417912d4c2e838514996b9c,calib_a,max2sat_n150_a4,2,150,4.0,600,1,subprocess_killed,,,36,censored,,,,,,,,,,,,,,,
data/generated/calib_a/wksat_v150_k2_sr4.00_hr0.00_w1_uniform_s2.wcnf,ae8f6cdeec23ece579ffe35351d35a9326b2e76fdb04e756245aa3e43770e3a3,calib_a,max2sat_n150_a4,2,150,4.0,600,2,subprocess_killed,,,40,censored,,,,,,,,,,,,,,,
data/generated/calib_a/wksat_v150_k2_sr4.00_hr0.00_w1_uniform_s3.wcnf,7a17badbccaff518667af91c4a50b2b435c3565ffc034d5903eb83cab47625a9,calib_a,max2sat_n150_a4,2,150,4.0,600,3,subprocess_killed,,,35,censored,,,,,,,,,,,,,,,
data/generated/calib_a/wksat_v150_k2_sr4.00_hr0.00_w1_uniform_s4.wcnf,2cb2b4ed8b4c80e5102f15cb3e89d75249d0c61abacbe4bdbf181f0cec667adb,calib_a,max2sat_n150_a4,2,150,4.0,600,4,subprocess_killed,,,37,censored,,,,,,,,,,,,,,,
data/generated/calib_a/wksat_v150_k2_sr4.00_hr0.00_w1_uniform_s5.wcnf,a7ae681f3415abc6df8898217c95003bb8c6f28dc0b8194d8dee03d8d9f516d9,calib_a,max2sat_n150_a4,2,150,4.0,600,5,subprocess_killed,,,39,censored,,,,,,,,,,,,,,,
data/generated/calib_a/wksat_v150_k2_sr6.00_hr0.00_w1_uniform_s1.wcnf,170c1a936e10d33bdb87f9d0a35425db0f1d5a2471ef18b839a679a6894661e6,calib_a,max2sat_n150_a6,2,150,6.0,900,1,subprocess_killed,,,62,censored,,,,,,,,,,,,,,,
data/generated/calib_a/wksat_v150_k2_sr6.00_hr0.00_w1_uniform_s2.wcnf,939b07273d18868efc6ff2276052a72b2078874aa6cbbe0aa4b703fbb298cd96,calib_a,max2sat_n150_a6,2,150,6.0,900,2,subprocess_killed,,,66,censored,,,,,,,,,,,,,,,
data/generated/calib_a/wksat_v150_k2_sr6.00_hr0.00_w1_uniform_s3.wcnf,f6f14b47040b0e44cca4386bb628addd34c5f3e3428a3320d06a50a0ced76d78,calib_a,max2sat_n150_a6,2,150,6.0,900,3,timeout,,,59,censored,,,,,,,,,,,,,,,
data/generated/calib_a/wksat_v150_k2_sr6.00_hr0.00_w1_uniform_s4.wcnf,d1d7ea16abecf84366ced85a65f29e5c5ca7920d075208660f4deddf9971faa9,calib_a,max2sat_n150_a6,2,150,6.0,900,4,subprocess_killed,,,55,censored,,,,,,,,,,,,,,,
data/generated/calib_a/wksat_v150_k2_sr6.00_hr0.00_w1_uniform_s5.wcnf,f38dc821934dd77c4f6dd60c6ffe3102e396c33620ffdcb63e6c64344dc58de4,calib_a,max2sat_n150_a6,2,150,6.0,900,5,timeout,,,60,censored,,,,,,,,,,,,,,,
data/generated/calib_a/wksat_v250_k2_sr2.00_hr0.00_w1_uniform_s1.wcnf,23770c14fb54ece52067945dd63534296b47903f28a6d8a445997684e7169d29,calib_a,max2sat_n250_a2,2,250,2.0,500,1,optimal,0.181,9,9,below,,,,,,,,,,,,,,,
data/generated/calib_a/wksat_v250_k2_sr2.00_hr0.00_w1_uniform_s2.wcnf,06846a87690ce03f690943f92477cf3419d2e258dc2e4dc7d9a3439bb306a6ef,calib_a,max2sat_n250_a2,2,250,2.0,500,2,optimal,0.742,10,10,below,,,,,,,,,,,,,,,
data/generated/calib_a/wksat_v250_k2_sr2.00_hr0.00_w1_uniform_s3.wcnf,ba1a7daea1da2230254ab5f64e3b4f2cf45c09000ba6f1b45cc68b729a01ac24,calib_a,max2sat_n250_a2,2,250,2.0,500,3,optimal,0.102,12,12,below,,,,,,,,,,,,,,,
data/generated/calib_a/wksat_v250_k2_sr2.00_hr0.00_w1_uniform_s4.wcnf,7d0766ab51c7beacab17156ad0db0975717bf90be0ce01b7cc15960af39be34a,calib_a,max2sat_n250_a2,2,250,2.0,500,4,optimal,2.611,14,14,below,,,,,,,,,,,,,,,
data/generated/calib_a/wksat_v250_k2_sr2.00_hr0.00_w1_uniform_s5.wcnf,52b1a47740ae14f24265bb3772f66ad3b8fbf98e7ecfe1c53fb504da663d8a10,calib_a,max2sat_n250_a2,2,250,2.0,500,5,optimal,0.028,8,8,below,,,,,,,,,,,,,,,
data/generated/calib_b/wksat_v250_k2_sr2.35_hr0.00_w1_uniform_s1.wcnf,060cd92ea2dcca9ab938a907f5ba5e7f82f22350e76987f4e294c76eb08857ff,calib_b,max2sat_n250_a2.35,2,250,2.35,588,1,optimal,3.371,15,15,below,,,,,,,,,,,,,,,
data/generated/calib_b/wksat_v250_k2_sr2.35_hr0.00_w1_uniform_s2.wcnf,18c653f3e0bbcf0b4cc959042b4392308c248a965f0a2fc204431f5919008449,calib_b,max2sat_n250_a2.35,2,250,2.35,588,2,optimal,71.063,18,18,eligible,34,,3,3,1.499,1.545,1.000,1,0,0,1,3,3,0,0
data/generated/calib_b/wksat_v250_k2_sr2.35_hr0.00_w1_uniform_s3.wcnf,61467d5b28e5a06669ba008ec8536be0af97d786fe3fabf9632f4f90a3d978d8,calib_b,max2sat_n250_a2.35,2,250,2.35,588,3,optimal,610.255,22,22,eligible,35,2,3,3,1.622,1.625,1.000,1,0,0,1,3,3,0,0
data/generated/calib_b/wksat_v250_k2_sr2.35_hr0.00_w1_uniform_s4.wcnf,babc5c4981d629857f3240b2f1450cd5f645d6e9e1d2436941a03c2f9bda60b9,calib_b,max2sat_n250_a2.35,2,250,2.35,588,4,subprocess_killed,,,23,censored,,,,,,,,,,,,,,,
data/generated/calib_b/wksat_v250_k2_sr2.35_hr0.00_w1_uniform_s5.wcnf,8e2ea8d0368f864baf22a3eb1185e49f2b5930a1a64c295ccb916d400592fd37,calib_b,max2sat_n250_a2.35,2,250,2.35,588,5,optimal,0.235,14,14,below,,,,,,,,,,,,,,,
data/generated/calib_b/wksat_v250_k2_sr2.50_hr0.00_w1_uniform_s1.wcnf,f3baabf68ea1d74632ab860e6b0ca7b6e1774a62c62f1d343b24e0cbd793470c,calib_b,max2sat_n250_a2.5,2,250,2.5,625,1,optimal,4.882,17,17,below,,,,,,,,,,,,,,,
data/generated/calib_b/wksat_v250_k2_sr2.50_hr0.00_w1_uniform_s2.wcnf,0bf5c910b5ddb1544d2831cb0fc358bdee564e08f8a2c5f2de7272ec5de6cf8c,calib_b,max2sat_n250_a2.5,2,250,2.5,625,2,optimal,28.562,21,21,below,,,,,,,,,,,,,,,
data/generated/calib_b/wksat_v250_k2_sr2.50_hr0.00_w1_uniform_s3.wcnf,36c0ad84f276936f82dca8f12f4dcea362f4d9d6d4bb650837415d0926e18a48,calib_b,max2sat_n250_a2.5,2,250,2.5,625,3,subprocess_killed,,,25,censored,,,,,,,,,,,,,,,
data/generated/calib_b/wksat_v250_k2_sr2.50_hr0.00_w1_uniform_s4.wcnf,b8f1fee6e48694fd104d6da8ead826086d51325ed8ab169ce7e2d3b092049960,calib_b,max2sat_n250_a2.5,2,250,2.5,625,4,subprocess_killed,,,24,censored,,,,,,,,,,,,,,,
data/generated/calib_b/wksat_v250_k2_sr2.50_hr0.00_w1_uniform_s5.wcnf,5cc78f0bd4dd2a87ab5daad26d7b68c637ef2ca94605c44cb67934b0743c08c5,calib_b,max2sat_n250_a2.5,2,250,2.5,625,5,optimal,9.467,19,19,below,,,,,,,,,,,,,,,
data/generated/calib_a/wksat_v250_k2_sr3.00_hr0.00_w1_uniform_s1.wcnf,904edc10c7a23443537b77e134f4790cc6823535491c4455e1872cf95d4c0eed,calib_a,max2sat_n250_a3,2,250,3.0,750,1,subprocess_killed,,,29,censored,,,,,,,,,,,,,,,
data/generated/calib_a/wksat_v250_k2_sr3.00_hr0.00_w1_uniform_s2.wcnf,c11c7d2a9d7c609b57194ac4630e42259485246fa5b135912377acf18a5ea346,calib_a,max2sat_n250_a3,2,250,3.0,750,2,subprocess_killed,,,31,censored,,,,,,,,,,,,,,,
data/generated/calib_a/wksat_v250_k2_sr3.00_hr0.00_w1_uniform_s3.wcnf,787e5a10e16e85879e5f10a772a38f1718833041c4340936fa453b7442e15147,calib_a,max2sat_n250_a3,2,250,3.0,750,3,subprocess_killed,,,33,censored,,,,,,,,,,,,,,,
data/generated/calib_a/wksat_v250_k2_sr3.00_hr0.00_w1_uniform_s4.wcnf,785cbb1a4cf585a3dfc74373a31cbee1fab6706a5da8a2e09155118ae390d7df,calib_a,max2sat_n250_a3,2,250,3.0,750,4,subprocess_killed,,,31,censored,,,,,,,,,,,,,,,
data/generated/calib_a/wksat_v250_k2_sr3.00_hr0.00_w1_uniform_s5.wcnf,bf4918383e5182e20f93024ea8f23cef189911f77980a1b3044bc5662bf9419e,calib_a,max2sat_n250_a3,2,250,3.0,750,5,subprocess_killed,,,33,censored,,,,,,,,,,,,,,,
data/generated/calib_a/wksat_v250_k2_sr4.00_hr0.00_w1_uniform_s1.wcnf,2c308d914dc0be18d47af36431805d468fea25cfdbbb725ccd30fa7f32462a1c,calib_a,max2sat_n250_a4,2,250,4.0,1000,1,subprocess_killed,,,44,censored,,,,,,,,,,,,,,,
data/generated/calib_a/wksat_v250_k2_sr4.00_hr0.00_w1_uniform_s2.wcnf,45ea165c289edf4b4ecec869fd0964dd91f9721c9b87292f5e89b5f668394ef5,calib_a,max2sat_n250_a4,2,250,4.0,1000,2,subprocess_killed,,,46,censored,,,,,,,,,,,,,,,
data/generated/calib_a/wksat_v250_k2_sr4.00_hr0.00_w1_uniform_s3.wcnf,807e0d0d0339aeadfa92c80c9a91b1edfd615b182f653f5a05bdf9aae56f0aaf,calib_a,max2sat_n250_a4,2,250,4.0,1000,3,subprocess_killed,,,45,censored,,,,,,,,,,,,,,,
data/generated/calib_a/wksat_v250_k2_sr4.00_hr0.00_w1_uniform_s4.wcnf,895bcc8a5a1b5b3088c2289f13f72e0d0d3565c37b4f73dce46628931afec25d,calib_a,max2sat_n250_a4,2,250,4.0,1000,4,subprocess_killed,,,49,censored,,,,,,,,,,,,,,,
data/generated/calib_a/wksat_v250_k2_sr4.00_hr0.00_w1_uniform_s5.wcnf,2b7ad06e24920c21a9d1cc979e8dcff48d1580164b1fa21507a56a8baaf25c6c,calib_a,max2sat_n250_a4,2,250,4.0,1000,5,timeout,,,45,censored,,,,,,,,,,,,,,,
data/generated/calib_a/wksat_v250_k2_sr6.00_hr0.00_w1_uniform_s1.wcnf,f43e07a22638a60d8126ff215f453bdae8d409657bcd65b98027784d4b80d2de,calib_a,max2sat_n250_a6,2,250,6.0,1500,1,subprocess_killed,,,76,censored,,,,,,,,,,,,,,,
data/generated/calib_a/wksat_v250_k2_sr6.00_hr0.00_w1_uniform_s2.wcnf,90b9cc49a444eca7f3350651a048369f426194f55b699642512fb37f886df0c4,calib_a,max2sat_n250_a6,2,250,6.0,1500,2,timeout,,,70,censored,,,,,,,,,,,,,,,
data/generated/calib_a/wksat_v250_k2_sr6.00_hr0.00_w1_uniform_s3.wcnf,e8eb40f2a2ad7574d67ca4e2283af7e7cda1dcd8a44e5b6f3c80a790a148b0a0,calib_a,max2sat_n250_a6,2,250,6.0,1500,3,subprocess_killed,,,79,censored,,,,,,,,,,,,,,,
data/generated/calib_a/wksat_v250_k2_sr6.00_hr0.00_w1_uniform_s4.wcnf,3d130ed81b475de76df91ca2b416beaf32e715c2e125b14e332a140fc9cb0ef0,calib_a,max2sat_n250_a6,2,250,6.0,1500,4,subprocess_killed,,,76,censored,,,,,,,,,,,,,,,
data/generated/calib_a/wksat_v250_k2_sr6.00_hr0.00_w1_uniform_s5.wcnf,67bfc2a3a08f44de77c86a6b9c757c1577e3242344a80ac60c04137f98f379e3,calib_a,max2sat_n250_a6,2,250,6.0,1500,5,subprocess_killed,,,76,censored,,,,,,,,,,,,,,,
data/generated/calib_a/wksat_v400_k2_sr2.00_hr0.00_w1_uniform_s1.wcnf,abb88ca9401ae98316aa7135c98d60f671c4cf91531bebb51152705438c4a229,calib_a,max2sat_n400_a2,2,400,2.0,800,1,optimal,42.963,18,18,eligible,10,,3,3,2.250,2.838,1.333,2,0,0,0,3,3,0,0
data/generated/calib_a/wksat_v400_k2_sr2.00_hr0.00_w1_uniform_s2.wcnf,b817114044d837d1e5e1d51a8a6168b6070892f46b6986e21c24d95ff3e7aceb,calib_a,max2sat_n400_a2,2,400,2.0,800,2,optimal,17.459,15,15,below,,,,,,,,,,,,,,,
data/generated/calib_a/wksat_v400_k2_sr2.00_hr0.00_w1_uniform_s3.wcnf,0bf7937d74e06208f476a6d2bea03b97f1b0e756bf29edce7bbc6bf45de7d776,calib_a,max2sat_n400_a2,2,400,2.0,800,3,optimal,3.313,16,16,below,,,,,,,,,,,,,,,
data/generated/calib_a/wksat_v400_k2_sr2.00_hr0.00_w1_uniform_s4.wcnf,5a5f29301c34a70e6b4c323ea0542e703adceff0d29603977caf4063f3e04104,calib_a,max2sat_n400_a2,2,400,2.0,800,4,optimal,1.118,12,12,below,,,,,,,,,,,,,,,
data/generated/calib_a/wksat_v400_k2_sr2.00_hr0.00_w1_uniform_s5.wcnf,78c501b66d36b94932507cd77f3f12bc706b9c3afb889459ecb192625c69d429,calib_a,max2sat_n400_a2,2,400,2.0,800,5,optimal,18.74,17,17,below,,,,,,,,,,,,,,,
data/generated/calib_b/wksat_v400_k2_sr2.00_hr0.00_w1_uniform_s6.wcnf,ca5137cf8ba2cc86732c2759a38906c0fb97cf6597fb96a86a561430ddafa920,calib_b,max2sat_n400_a2,2,400,2.0,800,6,optimal,412.73,19,19,eligible,41,,3,3,118.624,123.085,58.667,82,2,1,0,3,3,2,0
data/generated/calib_b/wksat_v400_k2_sr2.00_hr0.00_w1_uniform_s7.wcnf,03520fc7716aa77f273866f99124fefa9a2753a56af61f50dcdb59a9be7ab7ab,calib_b,max2sat_n400_a2,2,400,2.0,800,7,optimal,131.081,19,19,eligible,42,,3,3,6.083,7.333,3.333,6,0,0,0,3,3,0,0
data/generated/calib_b/wksat_v400_k2_sr2.00_hr0.00_w1_uniform_s8.wcnf,ca5b36371efe069aa8568076ac151a3c9d01e06b8963048f02ea1b6dae672c4f,calib_b,max2sat_n400_a2,2,400,2.0,800,8,optimal,158.692,20,20,eligible,43,,3,3,10.429,27.900,13.333,33,0,0,0,3,3,2,0
data/generated/calib_b/wksat_v400_k2_sr2.00_hr0.00_w1_uniform_s9.wcnf,edfe70fa710f7cb27493fae751dc1bd6703e31532f3f66a8c9188630e346fc3a,calib_b,max2sat_n400_a2,2,400,2.0,800,9,optimal,3.634,15,15,below,,,,,,,,,,,,,,,
data/generated/calib_b/wksat_v400_k2_sr2.00_hr0.00_w1_uniform_s10.wcnf,0f502b4490fb38af91fca4b1bd677ed7e8bf0e500a6921dcb3669d343f1cf01e,calib_b,max2sat_n400_a2,2,400,2.0,800,10,optimal,14.902,17,17,below,,,,,,,,,,,,,,,
data/generated/calib_b/wksat_v400_k2_sr2.15_hr0.00_w1_uniform_s1.wcnf,9a302674b72f8b25227215c129c9f7dece868ce0a2be47221c1518035044aac8,calib_b,max2sat_n400_a2.15,2,400,2.15,860,1,optimal,210.262,21,21,eligible,44,,3,3,2.578,2.654,1.000,1,0,0,1,3,3,0,0
data/generated/calib_b/wksat_v400_k2_sr2.15_hr0.00_w1_uniform_s2.wcnf,7298805a1fdcdfbbc1d9946253e6240747e3383ac000545a19667951afca6107,calib_b,max2sat_n400_a2.15,2,400,2.15,860,2,optimal,146.572,18,18,eligible,45,,3,3,2.333,2.300,1.000,1,0,0,1,3,3,0,0
data/generated/calib_b/wksat_v400_k2_sr2.15_hr0.00_w1_uniform_s3.wcnf,ed0fd7d9820bb027f948383a2c2d59c64e4c4db6513b89b99dca7ccc2e81ba63,calib_b,max2sat_n400_a2.15,2,400,2.15,860,3,optimal,147.596,20,20,eligible,46,,3,3,4.758,5.330,2.333,4,0,0,0,3,3,1,0
data/generated/calib_b/wksat_v400_k2_sr2.15_hr0.00_w1_uniform_s4.wcnf,c4bc125095dc7c814d6e42f85ba8a431a6840aedb0e50545291de488c274bb85,calib_b,max2sat_n400_a2.15,2,400,2.15,860,4,optimal,5.792,16,16,below,,,,,,,,,,,,,,,
data/generated/calib_b/wksat_v400_k2_sr2.15_hr0.00_w1_uniform_s5.wcnf,ea567f0f7e263599f567dfc13ad0315c9f6b6e24e8ea53b203138a0984737c8a,calib_b,max2sat_n400_a2.15,2,400,2.15,860,5,optimal,380.618,21,21,eligible,47,,3,3,68.361,58.953,25.667,35,0,1,0,3,1,3,1
data/generated/calib_b/wksat_v400_k2_sr2.30_hr0.00_w1_uniform_s1.wcnf,3361e5be134a2be7230e5b86454097582af5513b877767040db116f01bd8b5c6,calib_b,max2sat_n400_a2.3,2,400,2.3,920,1,subprocess_killed,,,25,censored,,,,,,,,,,,,,,,
data/generated/calib_b/wksat_v400_k2_sr2.30_hr0.00_w1_uniform_s2.wcnf,39dd93791969893aa4fbeb761eb0f55add5aac12f173a9797ef62049947c1014,calib_b,max2sat_n400_a2.3,2,400,2.3,920,2,optimal,367.162,23,23,eligible,48,5,3,3,5.006,4.240,1.667,2,0,0,0,3,3,1,0
data/generated/calib_b/wksat_v400_k2_sr2.30_hr0.00_w1_uniform_s3.wcnf,339f16d54abe3661d575b5f0aaf4f8b3e7eeafa1ae6acb470c758cbc5d7bcfb9,calib_b,max2sat_n400_a2.3,2,400,2.3,920,3,optimal,144.865,23,23,eligible,49,,3,3,2.795,2.922,1.000,1,0,0,1,3,3,0,0
data/generated/calib_b/wksat_v400_k2_sr2.30_hr0.00_w1_uniform_s4.wcnf,63cd2eeec00557c23b53c4c9c646c9f0a0f967020f3e22f8faf3f99008e64695,calib_b,max2sat_n400_a2.3,2,400,2.3,920,4,optimal,53.515,20,20,eligible,50,,3,3,2.521,2.514,1.000,1,0,0,1,3,3,0,0
data/generated/calib_b/wksat_v400_k2_sr2.30_hr0.00_w1_uniform_s5.wcnf,bde681eb089e027b76d851cc366177f58076d1dcf7aba8a53dee72e1930bffbf,calib_b,max2sat_n400_a2.3,2,400,2.3,920,5,subprocess_killed,,,25,censored,,,,,,,,,,,,,,,
data/generated/calib_a/wksat_v400_k2_sr3.00_hr0.00_w1_uniform_s1.wcnf,a35f92ee80da665bee11580883b366657b518431de2cc17a4a359aa6e486e1bc,calib_a,max2sat_n400_a3,2,400,3.0,1200,1,subprocess_killed,,,36,censored,,,,,,,,,,,,,,,
data/generated/calib_a/wksat_v400_k2_sr3.00_hr0.00_w1_uniform_s2.wcnf,6b930ef07075b431ed1ab74d120428b6c74d4066c579abfe98868f53a1ea42da,calib_a,max2sat_n400_a3,2,400,3.0,1200,2,subprocess_killed,,,35,censored,,,,,,,,,,,,,,,
data/generated/calib_a/wksat_v400_k2_sr3.00_hr0.00_w1_uniform_s3.wcnf,025fecb8420c805ad9a6deaab6d79b7c4a2256ac9cdb5673c8dbb49b1d076287,calib_a,max2sat_n400_a3,2,400,3.0,1200,3,subprocess_killed,,,39,censored,,,,,,,,,,,,,,,
data/generated/calib_a/wksat_v400_k2_sr3.00_hr0.00_w1_uniform_s4.wcnf,9b876ba9d74f4c09e9f15a5b1c6eed9832d87bbc7b8501dd35ec18283f70ac17,calib_a,max2sat_n400_a3,2,400,3.0,1200,4,subprocess_killed,,,32,censored,,,,,,,,,,,,,,,
data/generated/calib_a/wksat_v400_k2_sr3.00_hr0.00_w1_uniform_s5.wcnf,c4a4b7a97e812ee2883544637a7c3d43645ab112b66db8d47b30f0585cae590b,calib_a,max2sat_n400_a3,2,400,3.0,1200,5,subprocess_killed,,,38,censored,,,,,,,,,,,,,,,
data/generated/calib_a/wksat_v400_k2_sr4.00_hr0.00_w1_uniform_s1.wcnf,d860fdb92fd6b09c04d39d083a5e7e9c6e00f41d0633025fe1cffad8e551a3ac,calib_a,max2sat_n400_a4,2,400,4.0,1600,1,subprocess_killed,,,52,censored,,,,,,,,,,,,,,,
data/generated/calib_a/wksat_v400_k2_sr4.00_hr0.00_w1_uniform_s2.wcnf,94968c8bef02f33bf0b8b0871ea32655871a9eb3b60cfbb0a01ca2d2d254d539,calib_a,max2sat_n400_a4,2,400,4.0,1600,2,subprocess_killed,,,55,censored,,,,,,,,,,,,,,,
data/generated/calib_a/wksat_v400_k2_sr4.00_hr0.00_w1_uniform_s3.wcnf,e548b9dd50ebbb0d7cba3221dbdaf104a247a4318349b51b9bbebbfcea9d3bef,calib_a,max2sat_n400_a4,2,400,4.0,1600,3,subprocess_killed,,,56,censored,,,,,,,,,,,,,,,
data/generated/calib_a/wksat_v400_k2_sr4.00_hr0.00_w1_uniform_s4.wcnf,e1f2038e44589e51cd297e1aec1fc7c1b9450de59e7630bd4bfb999a145561a2,calib_a,max2sat_n400_a4,2,400,4.0,1600,4,subprocess_killed,,,54,censored,,,,,,,,,,,,,,,
data/generated/calib_a/wksat_v400_k2_sr4.00_hr0.00_w1_uniform_s5.wcnf,7c4ac08a140a2c22db20d83f43f249cee35e6034f9d2f0f25b383b9d71868a8b,calib_a,max2sat_n400_a4,2,400,4.0,1600,5,subprocess_killed,,,57,censored,,,,,,,,,,,,,,,
data/generated/calib_a/wksat_v400_k2_sr6.00_hr0.00_w1_uniform_s1.wcnf,f9260303dd0bc1dac4afce5f89d83f060ca9af178b24ade0ca4081cf224a816b,calib_a,max2sat_n400_a6,2,400,6.0,2400,1,subprocess_killed,,,94,censored,,,,,,,,,,,,,,,
data/generated/calib_a/wksat_v400_k2_sr6.00_hr0.00_w1_uniform_s2.wcnf,8ec3c459d967b72dd1924cf9ce3815ac8c53646211914bec5f350a5e932c5f3a,calib_a,max2sat_n400_a6,2,400,6.0,2400,2,timeout,,,94,censored,,,,,,,,,,,,,,,
data/generated/calib_a/wksat_v400_k2_sr6.00_hr0.00_w1_uniform_s3.wcnf,ee08d0af252b8815b5b049f77ee45f634d81a47076b3a010c9378c2001b8ed30,calib_a,max2sat_n400_a6,2,400,6.0,2400,3,timeout,,,92,censored,,,,,,,,,,,,,,,
data/generated/calib_a/wksat_v400_k2_sr6.00_hr0.00_w1_uniform_s4.wcnf,ab5789b94a9a8f999fcca15e5084d916b8230f228c63245925db0f1013c8bd40,calib_a,max2sat_n400_a6,2,400,6.0,2400,4,subprocess_killed,,,89,censored,,,,,,,,,,,,,,,
data/generated/calib_a/wksat_v400_k2_sr6.00_hr0.00_w1_uniform_s5.wcnf,31751dd72cae73ed183fb3fa9a61029e9467f69329e16d95d518962483c05613,calib_a,max2sat_n400_a6,2,400,6.0,2400,5,subprocess_killed,,,95,censored,,,,,,,,,,,,,,,
data/generated/calib_a/wksat_v100_k3_sr4.26_hr0.00_w1_uniform_s1.wcnf,edc405d86aa451a4053a8058da9a03c27550a6d949049d82c553df4805e18764,calib_a,max3sat_n100_a4.26,3,100,4.26,426,1,optimal,0.008,0,0,below,,,,,,,,,,,,,,,
data/generated/calib_a/wksat_v100_k3_sr4.26_hr0.00_w1_uniform_s2.wcnf,15d61b0101b27d4321a9b25bf1f06239e224e0b4c8cc5cc38c071b65b9025018,calib_a,max3sat_n100_a4.26,3,100,4.26,426,2,optimal,0.129,1,1,below,,,,,,,,,,,,,,,
data/generated/calib_a/wksat_v100_k3_sr4.26_hr0.00_w1_uniform_s3.wcnf,da360e4a8a81dc0ca2895c4f65be0b045271290c05fd1d8fb14e4f6b8b4ac957,calib_a,max3sat_n100_a4.26,3,100,4.26,426,3,optimal,0.006,0,0,below,,,,,,,,,,,,,,,
data/generated/calib_a/wksat_v100_k3_sr4.26_hr0.00_w1_uniform_s4.wcnf,f3899f47c6b9eaed6a58ac17632da48d8b48de902ae8b3ac611ff7b7bb49a041,calib_a,max3sat_n100_a4.26,3,100,4.26,426,4,optimal,0.007,0,0,below,,,,,,,,,,,,,,,
data/generated/calib_a/wksat_v100_k3_sr4.26_hr0.00_w1_uniform_s5.wcnf,fecd54014b61d088817e795417465ffa33b542a0d4a34217de7b74c1f83f0357,calib_a,max3sat_n100_a4.26,3,100,4.26,426,5,optimal,0.003,0,0,below,,,,,,,,,,,,,,,
data/generated/calib_a/wksat_v100_k3_sr5.00_hr0.00_w1_uniform_s1.wcnf,ad99a1caecc6958e923cced6f892582c5c648a7980339114ab87a533e3a4b825,calib_a,max3sat_n100_a5,3,100,5.0,500,1,optimal,11.897,3,3,below,,,,,,,,,,,,,,,
data/generated/calib_a/wksat_v100_k3_sr5.00_hr0.00_w1_uniform_s2.wcnf,80fed4b8e5bf2b9cb4bae3bda9b6781d8cbf39cfd10c34c5e9b82725abfc4b06,calib_a,max3sat_n100_a5,3,100,5.0,500,2,optimal,93.01,4,4,eligible,3,,3,3,3.027,3.318,2.333,4,0,0,0,3,3,0,0
data/generated/calib_a/wksat_v100_k3_sr5.00_hr0.00_w1_uniform_s3.wcnf,c95121f6f2e1b7fb6bb789a78f356e5c11ef224cee1153a7edcdac37859e317c,calib_a,max3sat_n100_a5,3,100,5.0,500,3,optimal,0.628,2,2,below,,,,,,,,,,,,,,,
data/generated/calib_a/wksat_v100_k3_sr5.00_hr0.00_w1_uniform_s4.wcnf,42d035f66e84d2a17ed042b817219ce746d137a74a3304f90dcbe05c477968ab,calib_a,max3sat_n100_a5,3,100,5.0,500,4,optimal,1.447,3,3,below,,,,,,,,,,,,,,,
data/generated/calib_a/wksat_v100_k3_sr5.00_hr0.00_w1_uniform_s5.wcnf,9bea643e9ef9583b7fd4eefe084902d6ca15766e00c7b67988a92b85e98c9577,calib_a,max3sat_n100_a5,3,100,5.0,500,5,optimal,5.638,3,3,below,,,,,,,,,,,,,,,
data/generated/calib_b/wksat_v100_k3_sr5.20_hr0.00_w1_uniform_s1.wcnf,a4f6be1aaa0ca218be0c3984e5ae20fc729058b84991149ba0b7bca9528d1b8a,calib_b,max3sat_n100_a5.2,3,100,5.2,520,1,optimal,211.01,4,4,eligible,22,,3,3,5.753,4.569,3.000,4,0,0,0,3,3,0,0
data/generated/calib_b/wksat_v100_k3_sr5.20_hr0.00_w1_uniform_s2.wcnf,00f00f4ccfa57fb2f7483bd94f85a2574991444a9aadcf343f476c592417e52e,calib_b,max3sat_n100_a5.2,3,100,5.2,520,2,optimal,213.208,5,5,eligible,23,,3,3,1.534,1.568,1.000,1,0,0,1,3,3,0,0
data/generated/calib_b/wksat_v100_k3_sr5.20_hr0.00_w1_uniform_s3.wcnf,4da93d5e7fad0b3684ea49501acef5fa41e9273b1f112394f821a461fb78727d,calib_b,max3sat_n100_a5.2,3,100,5.2,520,3,optimal,17.115,3,3,below,,,,,,,,,,,,,,,
data/generated/calib_b/wksat_v100_k3_sr5.20_hr0.00_w1_uniform_s4.wcnf,2601f66c3bb0127b5e2490fcf1220a07567176dbfd8b10076c2e74a2d7e2205f,calib_b,max3sat_n100_a5.2,3,100,5.2,520,4,optimal,2.542,3,3,below,,,,,,,,,,,,,,,
data/generated/calib_b/wksat_v100_k3_sr5.20_hr0.00_w1_uniform_s5.wcnf,86e2f31c90e6e1c77ea4a61148545182649f75a41a2251cbcb62d012ed7a02e6,calib_b,max3sat_n100_a5.2,3,100,5.2,520,5,optimal,46.776,4,4,eligible,24,10,3,3,1.511,1.565,1.000,1,0,0,1,3,3,0,0
data/generated/calib_b/wksat_v100_k3_sr5.50_hr0.00_w1_uniform_s1.wcnf,ad0179c31501daddf81b2978b2d57ae9fbdc57509cd85eda9c05e880e8762a9a,calib_b,max3sat_n100_a5.5,3,100,5.5,550,1,optimal,173.843,5,5,eligible,25,,3,3,3.202,4.060,2.667,5,0,0,0,3,3,0,0
data/generated/calib_b/wksat_v100_k3_sr5.50_hr0.00_w1_uniform_s2.wcnf,3895ab13de6a6ff4ba4ddfc8d7ba4d80330cf8f2014fa7f66e61193d2e8569c6,calib_b,max3sat_n100_a5.5,3,100,5.5,550,2,subprocess_killed,,,5,censored,,,,,,,,,,,,,,,
data/generated/calib_b/wksat_v100_k3_sr5.50_hr0.00_w1_uniform_s3.wcnf,e1300e27e840b91233dd80824eb9585bfe4da7d2455a4bd9714b405fa8c706e7,calib_b,max3sat_n100_a5.5,3,100,5.5,550,3,optimal,156.628,5,5,eligible,26,,3,3,1.616,1.617,1.000,1,0,0,1,3,3,0,0
data/generated/calib_b/wksat_v100_k3_sr5.50_hr0.00_w1_uniform_s4.wcnf,f2dcaaa1ebd871be0b0071d50e291c677e025523a997d87713ec94540d56519c,calib_b,max3sat_n100_a5.5,3,100,5.5,550,4,optimal,62.006,4,4,eligible,27,,3,3,4.680,9.279,6.000,12,0,0,0,3,3,0,0
data/generated/calib_b/wksat_v100_k3_sr5.50_hr0.00_w1_uniform_s5.wcnf,396eb1de9b89332d785f43c733b053d17da1da497a3f33e78f6166746d7eb9b0,calib_b,max3sat_n100_a5.5,3,100,5.5,550,5,subprocess_killed,,,5,censored,,,,,,,,,,,,,,,
data/generated/calib_a/wksat_v100_k3_sr6.00_hr0.00_w1_uniform_s1.wcnf,f425f3b161ab6f6870c78dd0f76e7c451183b062bc752cc39599b79477558130,calib_a,max3sat_n100_a6,3,100,6.0,600,1,subprocess_killed,,,6,censored,,,,,,,,,,,,,,,
data/generated/calib_a/wksat_v100_k3_sr6.00_hr0.00_w1_uniform_s2.wcnf,14d696c70b96c1f671f57f20fb3e9bb3d4cd1a3632a6ee8c2d875f93ddecba23,calib_a,max3sat_n100_a6,3,100,6.0,600,2,subprocess_killed,,,6,censored,,,,,,,,,,,,,,,
data/generated/calib_a/wksat_v100_k3_sr6.00_hr0.00_w1_uniform_s3.wcnf,96b9477161159bc9e536b09a15070e85daf879ca987da5388f5f47ef73906398,calib_a,max3sat_n100_a6,3,100,6.0,600,3,subprocess_killed,,,6,censored,,,,,,,,,,,,,,,
data/generated/calib_a/wksat_v100_k3_sr6.00_hr0.00_w1_uniform_s4.wcnf,b2da5505c3c2d2b80c401af0db4bbc56e2373548ccd020e35569219a538e384f,calib_a,max3sat_n100_a6,3,100,6.0,600,4,subprocess_killed,,,6,censored,,,,,,,,,,,,,,,
data/generated/calib_a/wksat_v100_k3_sr6.00_hr0.00_w1_uniform_s5.wcnf,30bd084ba24bcbf03e0d8622afc2e3db818ca79ca057c01a0701430ee7ee799f,calib_a,max3sat_n100_a6,3,100,6.0,600,5,subprocess_killed,,,5,censored,,,,,,,,,,,,,,,
data/generated/calib_a/wksat_v100_k3_sr8.00_hr0.00_w1_uniform_s1.wcnf,5a247251281f4b1db37de31af7f137d8ecf7ec8f7bad3394096399aa46299a81,calib_a,max3sat_n100_a8,3,100,8.0,800,1,subprocess_killed,,,7,censored,,,,,,,,,,,,,,,
data/generated/calib_a/wksat_v100_k3_sr8.00_hr0.00_w1_uniform_s2.wcnf,5c362515bc654320fc0ed172198591ef8cb35fa0ea2e800958473d14fdc756b0,calib_a,max3sat_n100_a8,3,100,8.0,800,2,subprocess_killed,,,7,censored,,,,,,,,,,,,,,,
data/generated/calib_a/wksat_v100_k3_sr8.00_hr0.00_w1_uniform_s3.wcnf,91d7cdc000830d1390fe59db49a8869e8cc51d8df314fd55a0d7a0a8fa20e70d,calib_a,max3sat_n100_a8,3,100,8.0,800,3,subprocess_killed,,,7,censored,,,,,,,,,,,,,,,
data/generated/calib_a/wksat_v100_k3_sr8.00_hr0.00_w1_uniform_s4.wcnf,2b082fb7f15cda5b6cfa0317ae0ad5d232f966b42bb79fb03b5dd2c8e67e1929,calib_a,max3sat_n100_a8,3,100,8.0,800,4,subprocess_killed,,,8,censored,,,,,,,,,,,,,,,
data/generated/calib_a/wksat_v100_k3_sr8.00_hr0.00_w1_uniform_s5.wcnf,a36fe12555504e555165f8edfac9ad4228679cba88d5af8ca966d419595189e3,calib_a,max3sat_n100_a8,3,100,8.0,800,5,subprocess_killed,,,7,censored,,,,,,,,,,,,,,,
data/generated/calib_a/wksat_v150_k3_sr4.26_hr0.00_w1_uniform_s1.wcnf,e3c51a981e73eae4dddce9b61b1326e895dc19a2b65854844d584f1b9527af32,calib_a,max3sat_n150_a4.26,3,150,4.26,639,1,optimal,0.018,0,0,below,,,,,,,,,,,,,,,
data/generated/calib_a/wksat_v150_k3_sr4.26_hr0.00_w1_uniform_s2.wcnf,7718f15f68d57a9670cb01726d94f2982c321714a25d8fc3c389a28a4065fe01,calib_a,max3sat_n150_a4.26,3,150,4.26,639,2,optimal,0.014,0,0,below,,,,,,,,,,,,,,,
data/generated/calib_a/wksat_v150_k3_sr4.26_hr0.00_w1_uniform_s3.wcnf,54800c85f1221a1503754add9dab94d6c51649ebe0ee877a912aefb6d561aca7,calib_a,max3sat_n150_a4.26,3,150,4.26,639,3,optimal,0.04,0,0,below,,,,,,,,,,,,,,,
data/generated/calib_a/wksat_v150_k3_sr4.26_hr0.00_w1_uniform_s4.wcnf,eeb158e038737e323447ae80729e456a16fef2e844cf6d4bf1aeddc48f2a6cc7,calib_a,max3sat_n150_a4.26,3,150,4.26,639,4,optimal,0.07,0,0,below,,,,,,,,,,,,,,,
data/generated/calib_a/wksat_v150_k3_sr4.26_hr0.00_w1_uniform_s5.wcnf,a5a3b3469649616c1a846f3b8dd4f997263194778150fd610a6910d8b1b2e904,calib_a,max3sat_n150_a4.26,3,150,4.26,639,5,optimal,2.004,1,1,below,,,,,,,,,,,,,,,
data/generated/calib_b/wksat_v150_k3_sr4.60_hr0.00_w1_uniform_s1.wcnf,ec092e8b2ddd4c65069fe5dea593b241c779d6b6ff145e3e9c337d8465992118,calib_b,max3sat_n150_a4.6,3,150,4.6,690,1,optimal,0.212,0,0,below,,,,,,,,,,,,,,,
data/generated/calib_b/wksat_v150_k3_sr4.60_hr0.00_w1_uniform_s2.wcnf,2fabcebd39409f6ebee174cafab33d6bbc39d44381efa76709f2dc8eb9d05a32,calib_b,max3sat_n150_a4.6,3,150,4.6,690,2,optimal,0.18,1,1,below,,,,,,,,,,,,,,,
data/generated/calib_b/wksat_v150_k3_sr4.60_hr0.00_w1_uniform_s3.wcnf,8a734560700eb86bce8d6aef6974380b0fe70d4638b1c0aa3d61d821b9d3a849,calib_b,max3sat_n150_a4.6,3,150,4.6,690,3,optimal,1.076,1,1,below,,,,,,,,,,,,,,,
data/generated/calib_b/wksat_v150_k3_sr4.60_hr0.00_w1_uniform_s4.wcnf,d75b84d7746c5014e1eeccef096fda5494813328d56481136eb2e7333a29b172,calib_b,max3sat_n150_a4.6,3,150,4.6,690,4,optimal,0.42,1,1,below,,,,,,,,,,,,,,,
data/generated/calib_b/wksat_v150_k3_sr4.60_hr0.00_w1_uniform_s5.wcnf,9c01c9a9161130a95a681acd8bdede09f85714240eb5b1e95fb2f7716311f4d8,calib_b,max3sat_n150_a4.6,3,150,4.6,690,5,subprocess_killed,,,3,censored,,,,,,,,,,,,,,,
data/generated/calib_b/wksat_v150_k3_sr4.80_hr0.00_w1_uniform_s1.wcnf,101351f7073ea8ef5788ceca91db9d393b51b617181e6bd71e37bd6f2dd4d0f0,calib_b,max3sat_n150_a4.8,3,150,4.8,720,1,optimal,0.046,0,0,below,,,,,,,,,,,,,,,
data/generated/calib_b/wksat_v150_k3_sr4.80_hr0.00_w1_uniform_s2.wcnf,faaab381d2fa4fe7f304585b79ceb3409ddf4b179b787866a20ded3dc9df52f8,calib_b,max3sat_n150_a4.8,3,150,4.8,720,2,subprocess_killed,,,4,censored,,,,,,,,,,,,,,,
data/generated/calib_b/wksat_v150_k3_sr4.80_hr0.00_w1_uniform_s3.wcnf,669e13c0b0f2cdeaf50184b1cce69e68d2e844691cd8bde6a56d79849c227eb1,calib_b,max3sat_n150_a4.8,3,150,4.8,720,3,optimal,34.908,2,2,eligible,33,9,3,3,47.238,61.257,30.333,59,1,1,0,3,3,2,0
data/generated/calib_b/wksat_v150_k3_sr4.80_hr0.00_w1_uniform_s4.wcnf,bc50da57dec9107f37a0778c3c9c7b93c12f21f28564585dbb6854fc58031c66,calib_b,max3sat_n150_a4.8,3,150,4.8,720,4,optimal,1.857,1,1,below,,,,,,,,,,,,,,,
data/generated/calib_b/wksat_v150_k3_sr4.80_hr0.00_w1_uniform_s5.wcnf,6a7cf412b9164a68c8a1cacbac8b70e1fc546cdff7211f743d2badf9adf80436,calib_b,max3sat_n150_a4.8,3,150,4.8,720,5,subprocess_killed,,,3,censored,,,,,,,,,,,,,,,
data/generated/calib_a/wksat_v150_k3_sr5.00_hr0.00_w1_uniform_s1.wcnf,addc5ac458f6ae41192ba75685b519c0527f915b3739c328740e18364f4c26a6,calib_a,max3sat_n150_a5,3,150,5.0,750,1,optimal,2.758,1,1,below,,,,,,,,,,,,,,,
data/generated/calib_a/wksat_v150_k3_sr5.00_hr0.00_w1_uniform_s2.wcnf,ade9eef91895f53d3b5ea5aa3591ddbd5f4ad72de02f16b15fb844e7ae46474c,calib_a,max3sat_n150_a5,3,150,5.0,750,2,subprocess_killed,,,4,censored,,,,,,,,,,,,,,,
data/generated/calib_a/wksat_v150_k3_sr5.00_hr0.00_w1_uniform_s3.wcnf,1bd61c544756086435e145f38cad51c8ca28898ff76478a941a19128c331dabb,calib_a,max3sat_n150_a5,3,150,5.0,750,3,optimal,772.234,3,3,eligible,6,4,3,3,8.333,8.451,3.667,7,0,0,0,3,3,0,0
data/generated/calib_a/wksat_v150_k3_sr5.00_hr0.00_w1_uniform_s4.wcnf,a7c1ed6496c26efbedfcffaeff03de556b95f19d5df10326ba0324c3bcd781f4,calib_a,max3sat_n150_a5,3,150,5.0,750,4,optimal,14.906,2,2,below,,,,,,,,,,,,,,,
data/generated/calib_a/wksat_v150_k3_sr5.00_hr0.00_w1_uniform_s5.wcnf,4ca11e81472a995aa9d73b38b00fffe7234c72aec9c4b23b631708f7cc5c2562,calib_a,max3sat_n150_a5,3,150,5.0,750,5,subprocess_killed,,,3,censored,,,,,,,,,,,,,,,
data/generated/calib_a/wksat_v150_k3_sr6.00_hr0.00_w1_uniform_s1.wcnf,4450a3778cd0ff5bd51c37074d5c2e2ce186cdb1f76d7dbbf6e7a04a7a1353ea,calib_a,max3sat_n150_a6,3,150,6.0,900,1,subprocess_killed,,,4,censored,,,,,,,,,,,,,,,
data/generated/calib_a/wksat_v150_k3_sr6.00_hr0.00_w1_uniform_s2.wcnf,41c96ca93a22d6e0bd6b1490f5a3c9aecb6b83bd0fe56fc950681eb0269a4f77,calib_a,max3sat_n150_a6,3,150,6.0,900,2,subprocess_killed,,,4,censored,,,,,,,,,,,,,,,
data/generated/calib_a/wksat_v150_k3_sr6.00_hr0.00_w1_uniform_s3.wcnf,880142a90989562faa418c9e17c8dd825c0fd01a11f9f177250fa482db6a7eae,calib_a,max3sat_n150_a6,3,150,6.0,900,3,subprocess_killed,,,4,censored,,,,,,,,,,,,,,,
data/generated/calib_a/wksat_v150_k3_sr6.00_hr0.00_w1_uniform_s4.wcnf,afae248246062f6ef9670ff29412e6668abc77e06e44bddcad517a682ca10e1a,calib_a,max3sat_n150_a6,3,150,6.0,900,4,subprocess_killed,,,4,censored,,,,,,,,,,,,,,,
data/generated/calib_a/wksat_v150_k3_sr6.00_hr0.00_w1_uniform_s5.wcnf,58efc4ef765b11bd98d46dae8f5373742d1c128a1992957eee3045f40a639407,calib_a,max3sat_n150_a6,3,150,6.0,900,5,subprocess_killed,,,4,censored,,,,,,,,,,,,,,,
data/generated/calib_a/wksat_v150_k3_sr8.00_hr0.00_w1_uniform_s1.wcnf,6e502a8c18896ef912167d0508627152bc4e73034df32caf1bc123ffc0eddd5a,calib_a,max3sat_n150_a8,3,150,8.0,1200,1,subprocess_killed,,,5,censored,,,,,,,,,,,,,,,
data/generated/calib_a/wksat_v150_k3_sr8.00_hr0.00_w1_uniform_s2.wcnf,0280e6a41570995444aa4a7ca3499d7b386a2e552ad2b5c5776191d765eb0a1a,calib_a,max3sat_n150_a8,3,150,8.0,1200,2,subprocess_killed,,,5,censored,,,,,,,,,,,,,,,
data/generated/calib_a/wksat_v150_k3_sr8.00_hr0.00_w1_uniform_s3.wcnf,ad5896a400a01ccbf1f473f59aefe3f342571e58016ece8b3b059327321fce48,calib_a,max3sat_n150_a8,3,150,8.0,1200,3,subprocess_killed,,,6,censored,,,,,,,,,,,,,,,
data/generated/calib_a/wksat_v150_k3_sr8.00_hr0.00_w1_uniform_s4.wcnf,8d952cb653c7b3b667cd21ff7b366834bf82be1be9f1adedf58608f960d872bd,calib_a,max3sat_n150_a8,3,150,8.0,1200,4,subprocess_killed,,,5,censored,,,,,,,,,,,,,,,
data/generated/calib_a/wksat_v150_k3_sr8.00_hr0.00_w1_uniform_s5.wcnf,876333b7ea459972607cec81f2a9a585ba338a0348f1fb87a64c9ae38a068c72,calib_a,max3sat_n150_a8,3,150,8.0,1200,5,subprocess_killed,,,6,censored,,,,,,,,,,,,,,,
data/generated/calib_a/wksat_v250_k3_sr4.26_hr0.00_w1_uniform_s1.wcnf,3747e40649ca8e3b7150045ad1f5295d385b05011a7a3be6c355ff93bf662bd9,calib_a,max3sat_n250_a4.26,3,250,4.26,1065,1,optimal,50.766,1,1,eligible,7,,3,3,232.552,206.679,72.333,87,3,1,0,3,3,3,1
data/generated/calib_a/wksat_v250_k3_sr4.26_hr0.00_w1_uniform_s2.wcnf,a467213a83ad3e50c481e229ce1d133789b3d94a6110592f3080f72af3f16e11,calib_a,max3sat_n250_a4.26,3,250,4.26,1065,2,optimal,281.412,1,1,eligible,8,,3,3,58.218,66.484,23.000,32,0,1,0,3,3,1,0
data/generated/calib_a/wksat_v250_k3_sr4.26_hr0.00_w1_uniform_s3.wcnf,5376087348c17cbf06076a7edb5e8b53f4ed42ec3065e51959fe1940f6ec758b,calib_a,max3sat_n250_a4.26,3,250,4.26,1065,3,subprocess_killed,,,1,censored,,,,,,,,,,,,,,,
data/generated/calib_a/wksat_v250_k3_sr4.26_hr0.00_w1_uniform_s4.wcnf,be4183b0bd4dbeab650cc5a709ddacfd03be88ce4f27182aa31521b4ca2b366a,calib_a,max3sat_n250_a4.26,3,250,4.26,1065,4,optimal,387.757,1,1,eligible,9,,3,3,170.643,130.186,44.333,63,2,1,0,3,1,3,1
data/generated/calib_a/wksat_v250_k3_sr4.26_hr0.00_w1_uniform_s5.wcnf,aa7f3eb654d84e64cbf5bcb8bd379ed08d70d07e915ba81c8bd66e6ad1ebd16f,calib_a,max3sat_n250_a4.26,3,250,4.26,1065,5,optimal,0.482,0,0,below,,,,,,,,,,,,,,,
data/generated/calib_b/wksat_v250_k3_sr4.26_hr0.00_w1_uniform_s6.wcnf,790ff88c3ae100e1bb012f046929ad6571fc7ba379f6560dfad1e45729679ef0,calib_b,max3sat_n250_a4.26,3,250,4.26,1065,6,optimal,0.681,0,0,below,,,,,,,,,,,,,,,
data/generated/calib_b/wksat_v250_k3_sr4.26_hr0.00_w1_uniform_s7.wcnf,72d34e7a3da8965710ba686bce7221d88afa9b97451cc2660efb14995a0ae38d,calib_b,max3sat_n250_a4.26,3,250,4.26,1065,7,optimal,32.977,1,1,eligible,37,,3,3,80.480,76.708,26.667,30,0,1,0,3,3,2,0
data/generated/calib_b/wksat_v250_k3_sr4.26_hr0.00_w1_uniform_s8.wcnf,56c796bb3a48c102dd1dc8b7b23569d026700676098bc199b9969d3694ef5af3,calib_b,max3sat_n250_a4.26,3,250,4.26,1065,8,optimal,113.526,1,1,eligible,38,,3,2,243.028,650.446,221.000,298,3,1,0,3,1,3,1
data/generated/calib_b/wksat_v250_k3_sr4.26_hr0.00_w1_uniform_s9.wcnf,976c8d25c7b9ee198c1a2f0397ea7380b9a88116101844535d5e780a3683eaef,calib_b,max3sat_n250_a4.26,3,250,4.26,1065,9,optimal,0.553,0,0,below,,,,,,,,,,,,,,,
data/generated/calib_b/wksat_v250_k3_sr4.26_hr0.00_w1_uniform_s10.wcnf,4fcc71c5989460862c892c9ba67f8383c34ec8c86550bec884a56b122c86f4ba,calib_b,max3sat_n250_a4.26,3,250,4.26,1065,10,optimal,53.407,1,1,eligible,36,,3,3,38.443,41.675,14.667,20,0,0,0,3,3,2,0
data/generated/calib_b/wksat_v250_k3_sr4.35_hr0.00_w1_uniform_s1.wcnf,b22eaf92dc8faaf9a0d6f02d70bf639c593052210bb10d2ec6ca0f49e772c713,calib_b,max3sat_n250_a4.35,3,250,4.35,1088,1,subprocess_killed,,,2,censored,,,,,,,,,,,,,,,
data/generated/calib_b/wksat_v250_k3_sr4.35_hr0.00_w1_uniform_s2.wcnf,9bb5c889d02025d1ee908bc35ad0fe5c37ee0b0aaf4b7f89584bd309c8c49407,calib_b,max3sat_n250_a4.35,3,250,4.35,1088,2,optimal,323.722,1,1,eligible,39,8,3,2,99.417,509.639,164.500,292,1,1,0,3,1,3,1
data/generated/calib_b/wksat_v250_k3_sr4.35_hr0.00_w1_uniform_s3.wcnf,5b8878a57eb3128c4453479f3a1bb6594d9e9267c6d85c07da1c24b8a97250ad,calib_b,max3sat_n250_a4.35,3,250,4.35,1088,3,subprocess_killed,,,1,censored,,,,,,,,,,,,,,,
data/generated/calib_b/wksat_v250_k3_sr4.35_hr0.00_w1_uniform_s4.wcnf,b9aaeb07131974fc4cc28da26756d8705745e948baa6fdd2c202eccfaa973128,calib_b,max3sat_n250_a4.35,3,250,4.35,1088,4,subprocess_killed,,,1,censored,,,,,,,,,,,,,,,
data/generated/calib_b/wksat_v250_k3_sr4.35_hr0.00_w1_uniform_s5.wcnf,303da7f95d4640f0dcd711a6139922da220676bfb5f79a8d374d958449586f98,calib_b,max3sat_n250_a4.35,3,250,4.35,1088,5,optimal,103.423,1,1,eligible,40,,3,3,24.553,23.654,7.667,10,0,0,0,3,3,0,0
data/generated/calib_a/wksat_v250_k3_sr5.00_hr0.00_w1_uniform_s1.wcnf,463a86c08261d81b6340e45872dde0b55c7350155144bea94ac2c85c7db8bee3,calib_a,max3sat_n250_a5,3,250,5.0,1250,1,subprocess_killed,,,2,censored,,,,,,,,,,,,,,,
data/generated/calib_a/wksat_v250_k3_sr5.00_hr0.00_w1_uniform_s2.wcnf,1c0fe560a1de1c6f874ecdb6c5601a3fb70c9be21e26c4bf591447390cb2ad55,calib_a,max3sat_n250_a5,3,250,5.0,1250,2,subprocess_killed,,,2,censored,,,,,,,,,,,,,,,
data/generated/calib_a/wksat_v250_k3_sr5.00_hr0.00_w1_uniform_s3.wcnf,7d74036c25e0d0dcccb7bb0d877a791979ca03b7893c90e63a311bed2ae1d1d0,calib_a,max3sat_n250_a5,3,250,5.0,1250,3,subprocess_killed,,,2,censored,,,,,,,,,,,,,,,
data/generated/calib_a/wksat_v250_k3_sr5.00_hr0.00_w1_uniform_s4.wcnf,89f4c0668d12a8b046cffe3b24c0addaf455102a399dfc5d3374ed8a33f8b327,calib_a,max3sat_n250_a5,3,250,5.0,1250,4,subprocess_killed,,,2,censored,,,,,,,,,,,,,,,
data/generated/calib_a/wksat_v250_k3_sr5.00_hr0.00_w1_uniform_s5.wcnf,25735c772d454391b92c4ac8a6f9f221315a34840829287f56014433e2e1c680,calib_a,max3sat_n250_a5,3,250,5.0,1250,5,subprocess_killed,,,2,censored,,,,,,,,,,,,,,,
data/generated/calib_a/wksat_v250_k3_sr6.00_hr0.00_w1_uniform_s1.wcnf,5d5a2230542f1477be6265af2aeabaa33574a7f104218ca78750b03df54c98b9,calib_a,max3sat_n250_a6,3,250,6.0,1500,1,subprocess_killed,,,3,censored,,,,,,,,,,,,,,,
data/generated/calib_a/wksat_v250_k3_sr6.00_hr0.00_w1_uniform_s2.wcnf,f10ba17d22e7556ee111619204ddd6ddbe9b0007b276bd341e5612fb4acac5c8,calib_a,max3sat_n250_a6,3,250,6.0,1500,2,subprocess_killed,,,3,censored,,,,,,,,,,,,,,,
data/generated/calib_a/wksat_v250_k3_sr6.00_hr0.00_w1_uniform_s3.wcnf,db17c5aeba313382f69eb2722f7b40154b09af93a613e8aab8a58aad7953e104,calib_a,max3sat_n250_a6,3,250,6.0,1500,3,subprocess_killed,,,3,censored,,,,,,,,,,,,,,,
data/generated/calib_a/wksat_v250_k3_sr6.00_hr0.00_w1_uniform_s4.wcnf,9834af5efd696d3fdc93e75a88cc1777cdfe2651f7d43ae2741d14dc41187b5e,calib_a,max3sat_n250_a6,3,250,6.0,1500,4,subprocess_killed,,,3,censored,,,,,,,,,,,,,,,
data/generated/calib_a/wksat_v250_k3_sr6.00_hr0.00_w1_uniform_s5.wcnf,59e0e3d4116e5aed5da1529a40e8dd33ddf9d196afa591ac0f769d064919d58e,calib_a,max3sat_n250_a6,3,250,6.0,1500,5,subprocess_killed,,,3,censored,,,,,,,,,,,,,,,
data/generated/calib_a/wksat_v250_k3_sr8.00_hr0.00_w1_uniform_s1.wcnf,d97b651fd31eeef458255ba399cc8333b91199bcc2e83d09f098c4cfa228ee54,calib_a,max3sat_n250_a8,3,250,8.0,2000,1,subprocess_killed,,,4,censored,,,,,,,,,,,,,,,
data/generated/calib_a/wksat_v250_k3_sr8.00_hr0.00_w1_uniform_s2.wcnf,93a2aafc7e83d8b964fb087361d2947289fd3b61b0f15189825e353fb049dbfc,calib_a,max3sat_n250_a8,3,250,8.0,2000,2,subprocess_killed,,,4,censored,,,,,,,,,,,,,,,
data/generated/calib_a/wksat_v250_k3_sr8.00_hr0.00_w1_uniform_s3.wcnf,3ce9675068836fd4240d068291cf5a60ba0aaff1a3c6a4a3f85043627a4f565c,calib_a,max3sat_n250_a8,3,250,8.0,2000,3,subprocess_killed,,,4,censored,,,,,,,,,,,,,,,
data/generated/calib_a/wksat_v250_k3_sr8.00_hr0.00_w1_uniform_s4.wcnf,5fb23c720f12df2e353a3352a7dd843c98acdc57ea5ae40f24cd165c29f6a989,calib_a,max3sat_n250_a8,3,250,8.0,2000,4,subprocess_killed,,,4,censored,,,,,,,,,,,,,,,
data/generated/calib_a/wksat_v250_k3_sr8.00_hr0.00_w1_uniform_s5.wcnf,219560def5a81645d92821fdbd48ee33fe7f183260133b7f9cacbf3ae490c4f5,calib_a,max3sat_n250_a8,3,250,8.0,2000,5,subprocess_killed,,,4,censored,,,,,,,,,,,,,,,
data/generated/calib_a/wksat_v50_k3_sr4.26_hr0.00_w1_uniform_s1.wcnf,a0bb0cdaf063639f31de83d514b8a7aef4b38c52d3a6905d8e1a892aa13ca869,calib_a,max3sat_n50_a4.26,3,50,4.26,213,1,optimal,0.014,1,1,below,,,,,,,,,,,,,,,
data/generated/calib_a/wksat_v50_k3_sr4.26_hr0.00_w1_uniform_s2.wcnf,83e95ccf210d8177db1a839bf6145bd44c2c5e9908d25691c68ce10a136c1c56,calib_a,max3sat_n50_a4.26,3,50,4.26,213,2,optimal,0.018,1,1,below,,,,,,,,,,,,,,,
data/generated/calib_a/wksat_v50_k3_sr4.26_hr0.00_w1_uniform_s3.wcnf,aae0590ef21e6c9242237367fcdbd8203d40b010243d56818b24edfd4f6d6ac9,calib_a,max3sat_n50_a4.26,3,50,4.26,213,3,optimal,0.008,1,1,below,,,,,,,,,,,,,,,
data/generated/calib_a/wksat_v50_k3_sr4.26_hr0.00_w1_uniform_s4.wcnf,b79b2f1e808735629741c7a910ab3f433122b7242c62277552af811dcaa3ac64,calib_a,max3sat_n50_a4.26,3,50,4.26,213,4,optimal,0.005,0,0,below,,,,,,,,,,,,,,,
data/generated/calib_a/wksat_v50_k3_sr4.26_hr0.00_w1_uniform_s5.wcnf,ffcd91fa04b1e43acb1282ddd056a8199bd76b11c1bf7c3e4ff4bccda1b25cbc,calib_a,max3sat_n50_a4.26,3,50,4.26,213,5,optimal,0.008,1,1,below,,,,,,,,,,,,,,,
data/generated/calib_a/wksat_v50_k3_sr5.00_hr0.00_w1_uniform_s1.wcnf,443e9323db524321e008a5c6e46b3acb86ee9b2226fa39643651c8820e85dc87,calib_a,max3sat_n50_a5,3,50,5.0,250,1,optimal,0.014,1,1,below,,,,,,,,,,,,,,,
data/generated/calib_a/wksat_v50_k3_sr5.00_hr0.00_w1_uniform_s2.wcnf,abf3c3ceb65ec1a9c4c46a9f1050c7953a1a6ec128d0868556928ee2ae7cb7cc,calib_a,max3sat_n50_a5,3,50,5.0,250,2,optimal,0.009,1,1,below,,,,,,,,,,,,,,,
data/generated/calib_a/wksat_v50_k3_sr5.00_hr0.00_w1_uniform_s3.wcnf,851c74c20179f5af7a116055e8b3b6f8c7eb3174505c3253fc89f213c90c8075,calib_a,max3sat_n50_a5,3,50,5.0,250,3,optimal,0.009,1,1,below,,,,,,,,,,,,,,,
data/generated/calib_a/wksat_v50_k3_sr5.00_hr0.00_w1_uniform_s4.wcnf,ddb8a1ce3d738405bbfaa4085875eaeb244a83ceff7f29411f39e4f4e6e7df79,calib_a,max3sat_n50_a5,3,50,5.0,250,4,optimal,0.065,2,2,below,,,,,,,,,,,,,,,
data/generated/calib_a/wksat_v50_k3_sr5.00_hr0.00_w1_uniform_s5.wcnf,3a454fd6807e6be0520d9b8eb36151519c84dcbe8bbb47e1050881db65af06a7,calib_a,max3sat_n50_a5,3,50,5.0,250,5,optimal,0.025,2,2,below,,,,,,,,,,,,,,,
data/generated/calib_a/wksat_v50_k3_sr6.00_hr0.00_w1_uniform_s1.wcnf,24745a3ef91377382e89f947a8979e125b2d02fa1221cab52ae07aeea054cdf8,calib_a,max3sat_n50_a6,3,50,6.0,300,1,optimal,4.534,6,6,below,,,,,,,,,,,,,,,
data/generated/calib_a/wksat_v50_k3_sr6.00_hr0.00_w1_uniform_s2.wcnf,9a263c13d1a148cffe46e655fd3a1caaeac815c8e1852e12e7e5fc85f1bfba10,calib_a,max3sat_n50_a6,3,50,6.0,300,2,optimal,1.018,4,4,below,,,,,,,,,,,,,,,
data/generated/calib_a/wksat_v50_k3_sr6.00_hr0.00_w1_uniform_s3.wcnf,fc2f418b4eb992bfd36ba7d1b0f11ec98ae7a01e1b5a8a28fbd4d5a179230515,calib_a,max3sat_n50_a6,3,50,6.0,300,3,optimal,0.077,3,3,below,,,,,,,,,,,,,,,
data/generated/calib_a/wksat_v50_k3_sr6.00_hr0.00_w1_uniform_s4.wcnf,5b97c1accbe6da048f6a8b9462e099bb3be6083363d267d52498dbd03233ac96,calib_a,max3sat_n50_a6,3,50,6.0,300,4,optimal,0.04,3,3,below,,,,,,,,,,,,,,,
data/generated/calib_a/wksat_v50_k3_sr6.00_hr0.00_w1_uniform_s5.wcnf,5ac3d65ede5f158e1e39ba2e539378c52ab24ddf3f5d2c2ef57122264ddc15ac,calib_a,max3sat_n50_a6,3,50,6.0,300,5,optimal,0.34,4,4,below,,,,,,,,,,,,,,,
data/generated/calib_a/wksat_v50_k3_sr8.00_hr0.00_w1_uniform_s1.wcnf,6c42f48dd5be35d928c1a529c6941dcf3cabeff4b5391eed718aff57a0d3f4a3,calib_a,max3sat_n50_a8,3,50,8.0,400,1,optimal,65.659,10,10,eligible,11,,3,3,1.322,1.396,1.000,1,0,0,1,3,3,0,0
data/generated/calib_a/wksat_v50_k3_sr8.00_hr0.00_w1_uniform_s2.wcnf,308041817cf320b05bb62a0225928a6c600855e2f9fa5b153966fee2096921fa,calib_a,max3sat_n50_a8,3,50,8.0,400,2,optimal,88.686,10,10,eligible,12,,3,3,1.232,1.205,1.000,1,0,0,1,3,3,0,0
data/generated/calib_a/wksat_v50_k3_sr8.00_hr0.00_w1_uniform_s3.wcnf,bab18857122eaec14b0c657af9fcfc885e69b2b67dae889d516721e5acaa697f,calib_a,max3sat_n50_a8,3,50,8.0,400,3,optimal,9.861,8,8,below,,,,,,,,,,,,,,,
data/generated/calib_a/wksat_v50_k3_sr8.00_hr0.00_w1_uniform_s4.wcnf,4847f9a215a190a115626c51f6a99a8be32098f8ef0310390c504ed20911cd48,calib_a,max3sat_n50_a8,3,50,8.0,400,4,optimal,76.107,11,11,eligible,13,,3,3,1.254,1.373,1.000,1,0,0,1,3,3,0,0
data/generated/calib_a/wksat_v50_k3_sr8.00_hr0.00_w1_uniform_s5.wcnf,b0f53015b9d1889879a0f94a6b675413b63618fa83da28e1df0ef2b3d383a7cf,calib_a,max3sat_n50_a8,3,50,8.0,400,5,optimal,32.836,9,9,eligible,14,,3,3,1.275,1.292,1.000,1,0,0,1,3,3,0,0
data/generated/calib_b/wksat_v50_k3_sr8.00_hr0.00_w1_uniform_s6.wcnf,3a14298cd1f54c7cbfa57e3c1bad3dcdc96923256bc6e7a1125bfa56ead237a8,calib_b,max3sat_n50_a8,3,50,8.0,400,6,optimal,621.852,11,11,eligible,52,,3,3,1.227,1.246,1.000,1,0,0,1,3,3,0,0
data/generated/calib_b/wksat_v50_k3_sr8.00_hr0.00_w1_uniform_s7.wcnf,2c53146d55c17431dfa158c93789c83b2e1346dab20427fa3d9bbbf80f86265f,calib_b,max3sat_n50_a8,3,50,8.0,400,7,optimal,213.237,11,11,eligible,53,,3,3,1.235,1.264,1.000,1,0,0,1,3,3,0,0
data/generated/calib_b/wksat_v50_k3_sr8.00_hr0.00_w1_uniform_s8.wcnf,ea912a3740a0a571399f7580c816aefa3324b3680db714c3f0e601924c1d73e7,calib_b,max3sat_n50_a8,3,50,8.0,400,8,optimal,648.681,11,11,eligible,54,,3,3,1.342,1.340,1.000,1,0,0,1,3,3,0,0
data/generated/calib_b/wksat_v50_k3_sr8.00_hr0.00_w1_uniform_s9.wcnf,23a5aa86e0c01d3fc8763bf6a59e82f2a8073e986ed7e3ffb1c35693ce32d0f1,calib_b,max3sat_n50_a8,3,50,8.0,400,9,optimal,21.833,8,8,below,,,,,,,,,,,,,,,
data/generated/calib_b/wksat_v50_k3_sr8.00_hr0.00_w1_uniform_s10.wcnf,5959ea58db2a9fa8b70b37544a113ca1af4c0f861cc77c530a04b11fcecd115f,calib_b,max3sat_n50_a8,3,50,8.0,400,10,optimal,35.64,9,9,eligible,51,,3,3,1.284,1.282,1.000,1,0,0,1,3,3,0,0
data/generated/calib_b/wksat_v50_k3_sr8.50_hr0.00_w1_uniform_s1.wcnf,64ab6383c6b196db3ac7c625451a974b009ad13ccbd7d69acbe168636d992b56,calib_b,max3sat_n50_a8.5,3,50,8.5,425,1,subprocess_killed,,,12,censored,,,,,,,,,,,,,,,
data/generated/calib_b/wksat_v50_k3_sr8.50_hr0.00_w1_uniform_s2.wcnf,bb96fb751023063900879842846c68c880906416674be693ac3ead671eaf91e0,calib_b,max3sat_n50_a8.5,3,50,8.5,425,2,optimal,612.003,12,12,eligible,55,,3,3,1.335,1.349,1.000,1,0,0,1,3,3,0,0
data/generated/calib_b/wksat_v50_k3_sr8.50_hr0.00_w1_uniform_s3.wcnf,402a90ac29aab57ec92979c6e1694b3252282042b8834d62924d3a30d21417b6,calib_b,max3sat_n50_a8.5,3,50,8.5,425,3,optimal,45.126,9,9,eligible,56,,3,3,1.317,1.296,1.000,1,0,0,1,3,3,0,0
data/generated/calib_b/wksat_v50_k3_sr8.50_hr0.00_w1_uniform_s4.wcnf,ca3df971889566190a1bfb31d4acf114855e12e9c354e317d8373fb8de9e1fbc,calib_b,max3sat_n50_a8.5,3,50,8.5,425,4,optimal,626.747,12,12,eligible,57,,3,3,1.426,1.400,1.000,1,0,0,1,3,3,0,0
data/generated/calib_b/wksat_v50_k3_sr8.50_hr0.00_w1_uniform_s5.wcnf,ba5d8b71ad4628f8c8e75d596dd8c71cb74487d5fb810cbba9c1430d734e0749,calib_b,max3sat_n50_a8.5,3,50,8.5,425,5,optimal,354.613,11,11,eligible,58,,3,3,1.418,1.416,1.000,1,0,0,1,3,3,0,0
data/generated/calib_b/wksat_v50_k3_sr9.00_hr0.00_w1_uniform_s1.wcnf,870ee35f24a8ecabea57a55791d0e7b2b59627875ea46b8a2ecfb03e40b46854,calib_b,max3sat_n50_a9,3,50,9.0,450,1,subprocess_killed,,,13,censored,,,,,,,,,,,,,,,
data/generated/calib_b/wksat_v50_k3_sr9.00_hr0.00_w1_uniform_s2.wcnf,3b7745b720319d621f6b0b1d977cb903bec2a18190db50850d1936e75ca8d7f9,calib_b,max3sat_n50_a9,3,50,9.0,450,2,subprocess_killed,,,13,censored,,,,,,,,,,,,,,,
data/generated/calib_b/wksat_v50_k3_sr9.00_hr0.00_w1_uniform_s3.wcnf,e7a0d53c9348e03a2fe5ebc1885f868f9115aa781d47efd39b89af0146a359d1,calib_b,max3sat_n50_a9,3,50,9.0,450,3,optimal,152.05,11,11,eligible,59,,3,3,1.312,1.333,1.000,1,0,0,1,3,3,0,0
data/generated/calib_b/wksat_v50_k3_sr9.00_hr0.00_w1_uniform_s4.wcnf,3d42baae2c4c619dfa6cfba75feb9f735dd8f5da8d8ffec7b4a983e550a1cbc6,calib_b,max3sat_n50_a9,3,50,9.0,450,4,timeout,,,14,censored,,,,,,,,,,,,,,,
data/generated/calib_b/wksat_v50_k3_sr9.00_hr0.00_w1_uniform_s5.wcnf,a8133e0c929861b71f08385c9e721d97546b8b150d3493accda20d29a7b1207f,calib_b,max3sat_n50_a9,3,50,9.0,450,5,optimal,847.272,13,13,eligible,60,3,3,3,1.464,1.483,1.000,1,0,0,1,3,3,0,0
data/generated/calib_a/wksat_v70_k3_sr4.26_hr0.00_w1_uniform_s1.wcnf,fac475be923403b8f402cf90d4d0745c316f033ddcf84d5d4b058e467a78af31,calib_a,max3sat_n70_a4.26,3,70,4.26,298,1,optimal,0.003,0,0,below,,,,,,,,,,,,,,,
data/generated/calib_a/wksat_v70_k3_sr4.26_hr0.00_w1_uniform_s2.wcnf,9879495247d0c4681676952d5965fb71c06b436bbba9c9629aeb8d2fa7290288,calib_a,max3sat_n70_a4.26,3,70,4.26,298,2,optimal,0.009,1,1,below,,,,,,,,,,,,,,,
data/generated/calib_a/wksat_v70_k3_sr4.26_hr0.00_w1_uniform_s3.wcnf,ccb17b82918511857946f0ad7abd9e058d42bad398d41ac58370030c73e954ec,calib_a,max3sat_n70_a4.26,3,70,4.26,298,3,optimal,0.003,0,0,below,,,,,,,,,,,,,,,
data/generated/calib_a/wksat_v70_k3_sr4.26_hr0.00_w1_uniform_s4.wcnf,27327c06c8c3fca21fd23f7f19798fc219d705bcdb0273620d21bdda7c606411,calib_a,max3sat_n70_a4.26,3,70,4.26,298,4,optimal,0.003,0,0,below,,,,,,,,,,,,,,,
data/generated/calib_a/wksat_v70_k3_sr4.26_hr0.00_w1_uniform_s5.wcnf,d08663443a80442d51afb9cf583cc957eb5e1fb247bb8318466316d16a7c0d58,calib_a,max3sat_n70_a4.26,3,70,4.26,298,5,optimal,0.003,0,0,below,,,,,,,,,,,,,,,
data/generated/calib_a/wksat_v70_k3_sr5.00_hr0.00_w1_uniform_s1.wcnf,293e2665a019e3818ac0b8bd965f81979035591fdd7f9f684936f4b012a5d477,calib_a,max3sat_n70_a5,3,70,5.0,350,1,optimal,0.088,2,2,below,,,,,,,,,,,,,,,
data/generated/calib_a/wksat_v70_k3_sr5.00_hr0.00_w1_uniform_s2.wcnf,3eb91432c946b4d6f7fc81fc9d2b1c1cd603fd76762ef7550501d4ee89011ad7,calib_a,max3sat_n70_a5,3,70,5.0,350,2,optimal,8.09,4,4,below,,,,,,,,,,,,,,,
data/generated/calib_a/wksat_v70_k3_sr5.00_hr0.00_w1_uniform_s3.wcnf,69e955d5265c7b3f11869f9fbc80312dc2afe1ba75a9657d555462b865fb3d97,calib_a,max3sat_n70_a5,3,70,5.0,350,3,optimal,0.01,1,1,below,,,,,,,,,,,,,,,
data/generated/calib_a/wksat_v70_k3_sr5.00_hr0.00_w1_uniform_s4.wcnf,77aa4c7fb44fb9f45529ff6d04366139fcc98b675c521df48ce2b3e61cc557a9,calib_a,max3sat_n70_a5,3,70,5.0,350,4,optimal,0.126,2,2,below,,,,,,,,,,,,,,,
data/generated/calib_a/wksat_v70_k3_sr5.00_hr0.00_w1_uniform_s5.wcnf,1706bcf14d441e46135cd0b128e13be863fa4224c98f06470ac4a8fbb9b97f83,calib_a,max3sat_n70_a5,3,70,5.0,350,5,optimal,0.011,1,1,below,,,,,,,,,,,,,,,
data/generated/calib_a/wksat_v70_k3_sr6.00_hr0.00_w1_uniform_s1.wcnf,8f5163b516d92a20edd66e1cd3083fe58c18190e540f4c28f449ce206588fa39,calib_a,max3sat_n70_a6,3,70,6.0,420,1,optimal,5.722,5,5,below,,,,,,,,,,,,,,,
data/generated/calib_a/wksat_v70_k3_sr6.00_hr0.00_w1_uniform_s2.wcnf,55084c5ac6ab8ef8886112e05dd9d245542c0653b33fb106619a3e6fe81a11ee,calib_a,max3sat_n70_a6,3,70,6.0,420,2,optimal,159.513,7,7,eligible,15,,3,3,1.230,1.380,1.000,1,0,0,1,3,3,0,0
data/generated/calib_a/wksat_v70_k3_sr6.00_hr0.00_w1_uniform_s3.wcnf,fa3ed4ad1c1be9ce43b0e169d781e411a608558ed50c5dc12a2a8932ed6261c1,calib_a,max3sat_n70_a6,3,70,6.0,420,3,optimal,8.636,5,5,below,,,,,,,,,,,,,,,
data/generated/calib_a/wksat_v70_k3_sr6.00_hr0.00_w1_uniform_s4.wcnf,1d11385905c08c0afe97508f3b2167e7b45d7382d472300c7d8f07333a610f8e,calib_a,max3sat_n70_a6,3,70,6.0,420,4,optimal,53.3,6,6,eligible,16,,3,3,12.417,30.102,25.667,64,1,0,0,3,3,1,0
data/generated/calib_a/wksat_v70_k3_sr6.00_hr0.00_w1_uniform_s5.wcnf,ef29b3a0a96cc809785c9cfe729a17b008ec29831b9cb4a57a093492454a0bb1,calib_a,max3sat_n70_a6,3,70,6.0,420,5,optimal,75.355,6,6,eligible,17,,3,3,1.300,1.310,1.000,1,0,0,1,3,3,0,0
data/generated/calib_b/wksat_v70_k3_sr6.00_hr0.00_w1_uniform_s6.wcnf,c14e194064e9c07508d5e8a55b51b340edd990dc24311d380a6f02cf33c823f4,calib_b,max3sat_n70_a6,3,70,6.0,420,6,optimal,5.344,4,4,below,,,,,,,,,,,,,,,
data/generated/calib_b/wksat_v70_k3_sr6.00_hr0.00_w1_uniform_s7.wcnf,a4b02be277bf2a92743a4782f785c66fd2ee665cdf624eacde65b191e6d8a5a3,calib_b,max3sat_n70_a6,3,70,6.0,420,7,optimal,170.377,7,7,eligible,62,,3,3,1.167,1.199,1.000,1,0,0,1,3,3,0,0
data/generated/calib_b/wksat_v70_k3_sr6.00_hr0.00_w1_uniform_s8.wcnf,8869a72776b9b873fb32bd957e9f4c35f0872f42a23b12fe8b52c6c5a209192a,calib_b,max3sat_n70_a6,3,70,6.0,420,8,optimal,28.658,5,5,below,,,,,,,,,,,,,,,
data/generated/calib_b/wksat_v70_k3_sr6.00_hr0.00_w1_uniform_s9.wcnf,b0e8efdaa1af31f316007d75baf264a9ca6317ea09f3b69292d3a61d4dc746e8,calib_b,max3sat_n70_a6,3,70,6.0,420,9,optimal,367.267,7,7,eligible,63,,3,3,1.382,1.370,1.000,1,0,0,1,3,3,0,0
data/generated/calib_b/wksat_v70_k3_sr6.00_hr0.00_w1_uniform_s10.wcnf,e0e5710434a6320bd8f9448b61a1a548d1428619b2f126f34d49b8c61643b701,calib_b,max3sat_n70_a6,3,70,6.0,420,10,optimal,34.918,5,5,eligible,61,,3,3,1.287,1.323,1.000,1,0,0,1,3,3,0,0
data/generated/calib_b/wksat_v70_k3_sr6.20_hr0.00_w1_uniform_s1.wcnf,cb4241827e50f6ecac9be96b547705fcc645735b688a48f8b0b11469e476e254,calib_b,max3sat_n70_a6.2,3,70,6.2,434,1,optimal,13.362,6,6,below,,,,,,,,,,,,,,,
data/generated/calib_b/wksat_v70_k3_sr6.20_hr0.00_w1_uniform_s2.wcnf,3d1f695567b9df8dca4ef7894855b92b0cba8768bf8685e8ed73c72d91063dad,calib_b,max3sat_n70_a6.2,3,70,6.2,434,2,optimal,197.211,7,7,eligible,64,,3,3,1.322,1.366,1.000,1,0,0,1,3,3,0,0
data/generated/calib_b/wksat_v70_k3_sr6.20_hr0.00_w1_uniform_s3.wcnf,a7fc9e09f500820bec7c30d358147955b4d7a0e995dbca7a130140704cc70232,calib_b,max3sat_n70_a6.2,3,70,6.2,434,3,optimal,20.934,6,6,below,,,,,,,,,,,,,,,
data/generated/calib_b/wksat_v70_k3_sr6.20_hr0.00_w1_uniform_s4.wcnf,2de914f690c1febc4ff8185933510cf90cca3531c010668759edeb703ce466e8,calib_b,max3sat_n70_a6.2,3,70,6.2,434,4,optimal,290.487,7,7,eligible,65,,3,3,1.199,1.228,1.000,1,0,0,1,3,3,0,0
data/generated/calib_b/wksat_v70_k3_sr6.20_hr0.00_w1_uniform_s5.wcnf,22cb764d83c1d083b11e7660083d5ad102c189497a7218b249bd352fc5c7e34c,calib_b,max3sat_n70_a6.2,3,70,6.2,434,5,optimal,152.505,6,6,eligible,66,,3,3,1.335,1.787,1.333,2,0,0,0,3,3,0,0
data/generated/calib_b/wksat_v70_k3_sr6.50_hr0.00_w1_uniform_s1.wcnf,092822b0dd4f9d236be9a106b39bf3b26037501e5e916fe6c7481ad7340361d9,calib_b,max3sat_n70_a6.5,3,70,6.5,455,1,optimal,436.403,8,8,eligible,67,,3,3,1.385,1.756,1.333,2,0,0,0,3,3,0,0
data/generated/calib_b/wksat_v70_k3_sr6.50_hr0.00_w1_uniform_s2.wcnf,2bc4e1063fc1fefc9542b4a1b5023a12b0b0852e3a41ca9b5632d47e07534587,calib_b,max3sat_n70_a6.5,3,70,6.5,455,2,subprocess_killed,,,7,censored,,,,,,,,,,,,,,,
data/generated/calib_b/wksat_v70_k3_sr6.50_hr0.00_w1_uniform_s3.wcnf,e738757fe767024543d8518c7dfce34262d35309efaf36597f432545fb5dcdb8,calib_b,max3sat_n70_a6.5,3,70,6.5,455,3,optimal,148.075,7,7,eligible,68,,3,3,1.272,1.301,1.000,1,0,0,1,3,3,0,0
data/generated/calib_b/wksat_v70_k3_sr6.50_hr0.00_w1_uniform_s4.wcnf,fc125f4de8ed58b088b5f719e9931c060234609c5ae0ece87044ebd72b964f87,calib_b,max3sat_n70_a6.5,3,70,6.5,455,4,optimal,217.782,7,7,eligible,69,7,3,3,1.462,1.490,1.000,1,0,0,1,3,3,0,0
data/generated/calib_b/wksat_v70_k3_sr6.50_hr0.00_w1_uniform_s5.wcnf,375fc3ea17b22a5964d8689ab6b14cbcf266872d177aab7abbf9c5eb892dfc76,calib_b,max3sat_n70_a6.5,3,70,6.5,455,5,optimal,146.388,7,7,eligible,70,,3,3,1.338,1.482,1.000,1,0,0,1,3,3,0,0
data/generated/calib_a/wksat_v70_k3_sr8.00_hr0.00_w1_uniform_s1.wcnf,3165f3f2a12de2b2b7bf1f34b8f98343defb41d45446eb28472ae3f282a97082,calib_a,max3sat_n70_a8,3,70,8.0,560,1,subprocess_killed,,,9,censored,,,,,,,,,,,,,,,
data/generated/calib_a/wksat_v70_k3_sr8.00_hr0.00_w1_uniform_s2.wcnf,30796471c1b8b04de879ade974fd63134d417b2994b00d4616d60bf0d8b5fb01,calib_a,max3sat_n70_a8,3,70,8.0,560,2,subprocess_killed,,,9,censored,,,,,,,,,,,,,,,
data/generated/calib_a/wksat_v70_k3_sr8.00_hr0.00_w1_uniform_s3.wcnf,92b06641ca663400f81fb46f8ecf3e2be5814a36633ead64f1c83c81056dc9cc,calib_a,max3sat_n70_a8,3,70,8.0,560,3,subprocess_killed,,,9,censored,,,,,,,,,,,,,,,
data/generated/calib_a/wksat_v70_k3_sr8.00_hr0.00_w1_uniform_s4.wcnf,936e663f97e9ad023d59a4e89bf9ef35d3d35e98fe596a6d6f89c359eaa098f5,calib_a,max3sat_n70_a8,3,70,8.0,560,4,subprocess_killed,,,9,censored,,,,,,,,,,,,,,,
data/generated/calib_a/wksat_v70_k3_sr8.00_hr0.00_w1_uniform_s5.wcnf,72009fdc3680d1249eb364741f1fc4fb2c2971a4270c96a2c9620a40599576a8,calib_a,max3sat_n70_a8,3,70,8.0,560,5,subprocess_killed,,,9,censored,,,,,,,,,,,,,,,
