k,n,cstar,source,certified,below,eligible,t_min,t_med,t_max,alphas,q2_a35
2,100,1,calib,1,1,0,0.0,0.0,0.0,2,
2,100,2,calib,1,1,0,0.01,0.01,0.01,2,
2,100,3,calib,1,1,0,0.01,0.01,0.01,2,
2,100,4,calib,1,1,0,0.01,0.01,0.01,2,
2,100,5,calib,1,1,0,0.01,0.01,0.01,2,
2,100,12,calib,1,1,0,0.03,0.03,0.03,3,
2,100,13,calib,1,1,0,0.02,0.02,0.02,3,
2,100,15,calib,2,2,0,0.26,0.31,0.36,3,
2,100,16,calib,1,1,0,0.77,0.77,0.77,3,
2,100,24,calib,1,1,0,3.09,3.09,3.09,4,
2,100,25,calib,1,1,0,8.06,8.06,8.06,4,
2,100,27,calib,2,2,0,4.91,8.89,12.87,4,
2,100,30,calib,1,1,0,16.26,16.26,16.26,4.5,
2,100,31,calib,1,0,1,173.65,173.65,173.65,4,
2,100,32,calib,1,0,1,66.55,66.55,66.55,4.5,
2,100,35,calib,3,0,3,31.15,83.97,126.03,4.5 5,
2,100,50,calib,1,0,1,752.75,752.75,752.75,6,
2,150,6,calib,3,3,0,0.01,0.01,0.02,2,
2,150,7,calib,2,2,0,0.01,0.01,0.01,2,
2,150,18,calib,1,1,0,4.52,4.52,4.52,3,
2,150,19,calib,2,2,0,1.77,2.01,2.26,3,
2,150,20,calib,2,2,0,1.03,7.56,14.09,3 3.15,
2,150,21,calib,2,2,0,3.15,10.19,17.22,3,
2,150,23,calib,3,1,2,1.5,32.35,65.08,3 3.15,
2,150,24,calib,1,0,1,36.35,36.35,36.35,3,
2,150,25,calib,3,2,1,2.76,23.98,34.07,3.15 3.3,
2,150,26,calib,1,0,1,300.85,300.85,300.85,3.15,
2,150,27,calib,1,0,1,170.82,170.82,170.82,3.3,
2,150,28,calib,1,0,1,226.56,226.56,226.56,3.3,
2,250,8,calib,1,1,0,0.03,0.03,0.03,2,
2,250,9,calib,1,1,0,0.18,0.18,0.18,2,
2,250,10,calib,1,1,0,0.74,0.74,0.74,2,
2,250,12,calib,1,1,0,0.1,0.1,0.1,2,
2,250,14,calib,2,2,0,0.23,1.42,2.61,2 2.35,
2,250,15,calib,1,1,0,3.37,3.37,3.37,2.35,
2,250,17,calib,1,1,0,4.88,4.88,4.88,2.5,
2,250,18,calib,1,0,1,71.06,71.06,71.06,2.35,
2,250,19,calib,1,1,0,9.47,9.47,9.47,2.5,
2,250,21,calib,1,1,0,28.56,28.56,28.56,2.5,
2,250,22,calib,1,0,1,610.25,610.25,610.25,2.35,
2,400,12,calib,1,1,0,1.12,1.12,1.12,2,
2,400,15,calib,2,2,0,3.63,10.55,17.46,2,
2,400,16,calib,2,2,0,3.31,4.55,5.79,2 2.15,
2,400,17,calib,2,2,0,14.9,16.82,18.74,2,
2,400,18,calib,2,0,2,42.96,94.77,146.57,2 2.15,
2,400,19,calib,2,0,2,131.08,271.91,412.73,2,
2,400,20,calib,3,0,3,53.52,147.6,158.69,2 2.15 2.3,
2,400,21,calib,2,0,2,210.26,295.44,380.62,2.15,
2,400,23,calib,2,0,2,144.87,256.01,367.16,2.3,
3,50,0,calib,1,1,0,0.01,0.01,0.01,4.26,
3,50,1,calib,7,7,0,0.01,0.01,0.02,4.26 5,
3,50,1,satlib,10,10,0,0.01,0.01,0.01,4.26,
3,50,2,calib,2,2,0,0.03,0.04,0.07,5,
3,50,3,calib,2,2,0,0.04,0.06,0.08,6,
3,50,4,calib,2,2,0,0.34,0.68,1.02,6,
3,50,6,calib,1,1,0,4.53,4.53,4.53,6,
3,50,8,calib,2,2,0,9.86,15.85,21.83,8,
3,50,9,calib,3,0,3,32.84,35.64,45.13,8 8.5,
3,50,10,calib,2,0,2,65.66,77.17,88.69,8,
3,50,11,calib,6,0,6,76.11,283.93,648.68,8 8.5 9,
3,50,12,calib,2,0,2,612.0,619.38,626.75,8.5,
3,50,13,calib,1,0,1,847.27,847.27,847.27,9,
3,70,0,calib,4,4,0,0.0,0.0,0.0,4.26,
3,70,1,calib,3,3,0,0.01,0.01,0.01,4.26 5,
3,70,2,calib,2,2,0,0.09,0.11,0.13,5,
3,70,4,calib,2,2,0,5.34,6.72,8.09,5 6,
3,70,5,calib,4,3,1,5.72,18.65,34.92,6,
3,70,6,calib,5,2,3,13.36,53.3,152.5,6 6.2,
3,70,7,calib,8,0,8,146.39,183.79,367.27,6 6.2 6.5,
3,70,8,calib,1,0,1,436.4,436.4,436.4,6.5,
3,100,0,calib,4,4,0,0.0,0.01,0.01,4.26,
3,100,1,calib,1,1,0,0.13,0.13,0.13,4.26,
3,100,1,satlib,7,7,0,0.01,0.1,0.31,4.26,
3,100,2,calib,1,1,0,0.63,0.63,0.63,5,
3,100,2,satlib,3,3,0,0.37,0.85,0.96,4.26,
3,100,3,calib,5,5,0,1.45,5.64,17.11,5 5.2,
3,100,4,calib,4,0,4,46.78,77.51,211.01,5 5.2 5.5,
3,100,5,calib,3,0,3,156.63,173.84,213.21,5.2 5.5,
3,150,0,calib,6,6,0,0.01,0.04,0.21,4.26 4.6 4.8,
3,150,1,calib,6,6,0,0.18,1.47,2.76,4.26 4.6 4.8 5,
3,150,1,satlib,7,7,0,0.33,1.43,6.4,4.26,
3,150,2,calib,2,1,1,14.91,24.91,34.91,4.8 5,
3,150,2,satlib,3,3,0,3.93,4.67,21.61,4.26,
3,150,3,calib,1,0,1,772.23,772.23,772.23,5,
3,200,1,satlib,8,4,4,1.86,30.07,43.37,4.26,
3,200,2,satlib,2,0,2,128.5,217.95,307.4,4.26,
3,250,0,calib,3,3,0,0.48,0.55,0.68,4.26,
3,250,1,calib,8,0,8,32.98,108.47,387.76,4.26 4.35,
3,250,1,satlib,77,7,70,14.58,110.62,889.58,4.26,
