pop_idx,k,n,alpha,m,c_star,rc2_solve_s,a05_succ,a35_succ,a05_ert_s,a35_ert_s,ert_s_ratio_a35_over_a05,a05_ert_flips,a35_ert_flips,ert_flips_ratio_a35_over_a05,a05_ttt_s1_s2_s3,a35_ttt_s1_s2_s3
7,3,250,4.26,1065,1,50.766,3,3,48.201,206.679,4.288,203581.3,904166.7,4.441,56.416;56.408;31.734,252.615;134.825;232.552
8,3,250,4.26,1065,1,281.412,3,3,17.306,66.484,3.842,74650.3,287500.0,3.851,11.581;14.103;26.191,58.218;49.629;91.56
9,3,250,4.26,1065,1,387.757,1,3,1830.735,130.186,0.071,8045809.0,554166.7,0.069,fail;fail;30.72,170.643;35.506;184.365
16,3,70,6.0,420,6,53.3,3,3,22.074,30.102,1.364,226458.3,320833.3,1.417,5.017;51.659;9.529,12.417;74.177;3.694
31,2,150,3.3,495,27,170.816,3,3,26.934,41.902,1.556,242632.0,383333.3,1.58,25.094;33.608;22.076,37.054;33.419;55.212
33,3,150,4.8,720,2,34.908,3,3,87.393,61.257,0.701,417929.0,379166.7,0.907,213.838;35.239;13.068,118.171;18.332;47.238
36,3,250,4.26,1065,1,53.407,3,3,21.166,41.675,1.969,90866.7,183333.3,2.018,10.076;30.214;23.166,57.76;38.443;28.779
37,3,250,4.26,1065,1,32.977,3,3,24.53,76.708,3.127,104669.0,333333.3,3.185,18.634;20.663;34.251,80.48;87.77;61.833
38,3,250,4.26,1065,1,113.526,1,2,1886.641,650.446,0.345,7914988.0,2758634.0,0.349,86.627;fail;fail,fail;157.838;243.028
39,3,250,4.35,1088,1,323.722,1,2,1950.091,509.639,0.261,7913652.0,2053901.0,0.26,fail;fail;150.077,fail;19.832;99.417
41,2,400,2.0,800,19,412.73,3,3,178.069,123.085,0.691,1093112.0,733333.3,0.671,19.112;43.24;471.819,81.978;118.624;168.616
43,2,400,2.0,800,20,158.692,3,3,27.838,27.9,1.002,160017.3,166666.7,1.042,35.704;33.694;14.079,68.868;4.367;10.429
46,2,400,2.15,860,20,147.596,3,3,13.434,5.33,0.397,66888.3,29166.7,0.436,7.546;4.527;28.191,2.33;8.855;4.758
47,2,400,2.15,860,21,380.618,1,3,1860.879,58.953,0.032,9551542.0,320833.3,0.034,60.867;fail;fail,30.049;68.361;78.413
48,2,400,2.3,920,23,367.162,3,3,7.562,4.24,0.561,39585.0,20833.3,0.526,19.624;2.015;1.007,2.509;5.006;5.15
