instance,batch,cell_id,k,n,alpha,m,gen_seed,rc2_status,rc2_completed,rc2_solve_s,c_star,rc2_lower_bound,in_m2_full_pool
data/generated/calib_a/wksat_v100_k2_sr2.00_hr0.00_w1_uniform_s1.wcnf,calib_a,max2sat_n100_a2,2,100,2.0,200,1,optimal,1,0.007,2,2,0
data/generated/calib_a/wksat_v100_k2_sr2.00_hr0.00_w1_uniform_s2.wcnf,calib_a,max2sat_n100_a2,2,100,2.0,200,2,optimal,1,0.003,1,1,0
data/generated/calib_a/wksat_v100_k2_sr2.00_hr0.00_w1_uniform_s3.wcnf,calib_a,max2sat_n100_a2,2,100,2.0,200,3,optimal,1,0.007,5,5,0
data/generated/calib_a/wksat_v100_k2_sr2.00_hr0.00_w1_uniform_s4.wcnf,calib_a,max2sat_n100_a2,2,100,2.0,200,4,optimal,1,0.005,3,3,0
data/generated/calib_a/wksat_v100_k2_sr2.00_hr0.00_w1_uniform_s5.wcnf,calib_a,max2sat_n100_a2,2,100,2.0,200,5,optimal,1,0.005,4,4,0
data/generated/calib_a/wksat_v100_k2_sr3.00_hr0.00_w1_uniform_s1.wcnf,calib_a,max2sat_n100_a3,2,100,3.0,300,1,optimal,1,0.03,12,12,0
data/generated/calib_a/wksat_v100_k2_sr3.00_hr0.00_w1_uniform_s2.wcnf,calib_a,max2sat_n100_a3,2,100,3.0,300,2,optimal,1,0.357,15,15,0
data/generated/calib_a/wksat_v100_k2_sr3.00_hr0.00_w1_uniform_s3.wcnf,calib_a,max2sat_n100_a3,2,100,3.0,300,3,optimal,1,0.773,16,16,0
data/generated/calib_a/wksat_v100_k2_sr3.00_hr0.00_w1_uniform_s4.wcnf,calib_a,max2sat_n100_a3,2,100,3.0,300,4,optimal,1,0.021,13,13,0
data/generated/calib_a/wksat_v100_k2_sr3.00_hr0.00_w1_uniform_s5.wcnf,calib_a,max2sat_n100_a3,2,100,3.0,300,5,optimal,1,0.255,15,15,0
data/generated/calib_a/wksat_v100_k2_sr4.00_hr0.00_w1_uniform_s1.wcnf,calib_a,max2sat_n100_a4,2,100,4.0,400,1,optimal,1,8.056,25,25,0
data/generated/calib_a/wksat_v100_k2_sr4.00_hr0.00_w1_uniform_s2.wcnf,calib_a,max2sat_n100_a4,2,100,4.0,400,2,optimal,1,4.906,27,27,0
data/generated/calib_a/wksat_v100_k2_sr4.00_hr0.00_w1_uniform_s3.wcnf,calib_a,max2sat_n100_a4,2,100,4.0,400,3,optimal,1,173.651,31,31,1
data/generated/calib_a/wksat_v100_k2_sr4.00_hr0.00_w1_uniform_s4.wcnf,calib_a,max2sat_n100_a4,2,100,4.0,400,4,optimal,1,3.088,24,24,0
data/generated/calib_a/wksat_v100_k2_sr4.00_hr0.00_w1_uniform_s5.wcnf,calib_a,max2sat_n100_a4,2,100,4.0,400,5,optimal,1,12.87,27,27,0
data/generated/calib_a/wksat_v100_k2_sr6.00_hr0.00_w1_uniform_s1.wcnf,calib_a,max2sat_n100_a6,2,100,6.0,600,1,optimal,1,752.749,50,50,1
data/generated/calib_a/wksat_v100_k2_sr6.00_hr0.00_w1_uniform_s2.wcnf,calib_a,max2sat_n100_a6,2,100,6.0,600,2,subprocess_killed,0,960.105,,54,0
data/generated/calib_a/wksat_v100_k2_sr6.00_hr0.00_w1_uniform_s3.wcnf,calib_a,max2sat_n100_a6,2,100,6.0,600,3,subprocess_killed,0,960.109,,53,0
data/generated/calib_a/wksat_v100_k2_sr6.00_hr0.00_w1_uniform_s4.wcnf,calib_a,max2sat_n100_a6,2,100,6.0,600,4,subprocess_killed,0,960.105,,50,0
data/generated/calib_a/wksat_v100_k2_sr6.00_hr0.00_w1_uniform_s5.wcnf,calib_a,max2sat_n100_a6,2,100,6.0,600,5,subprocess_killed,0,960.106,,49,0
data/generated/calib_a/wksat_v100_k3_sr4.26_hr0.00_w1_uniform_s1.wcnf,calib_a,max3sat_n100_a4.26,3,100,4.26,426,1,optimal,1,0.008,0,0,0
data/generated/calib_a/wksat_v100_k3_sr4.26_hr0.00_w1_uniform_s2.wcnf,calib_a,max3sat_n100_a4.26,3,100,4.26,426,2,optimal,1,0.129,1,1,0
data/generated/calib_a/wksat_v100_k3_sr4.26_hr0.00_w1_uniform_s3.wcnf,calib_a,max3sat_n100_a4.26,3,100,4.26,426,3,optimal,1,0.006,0,0,0
data/generated/calib_a/wksat_v100_k3_sr4.26_hr0.00_w1_uniform_s4.wcnf,calib_a,max3sat_n100_a4.26,3,100,4.26,426,4,optimal,1,0.007,0,0,0
data/generated/calib_a/wksat_v100_k3_sr4.26_hr0.00_w1_uniform_s5.wcnf,calib_a,max3sat_n100_a4.26,3,100,4.26,426,5,optimal,1,0.003,0,0,0
data/generated/calib_a/wksat_v100_k3_sr5.00_hr0.00_w1_uniform_s1.wcnf,calib_a,max3sat_n100_a5,3,100,5.0,500,1,optimal,1,11.897,3,3,0
data/generated/calib_a/wksat_v100_k3_sr5.00_hr0.00_w1_uniform_s2.wcnf,calib_a,max3sat_n100_a5,3,100,5.0,500,2,optimal,1,93.01,4,4,1
data/generated/calib_a/wksat_v100_k3_sr5.00_hr0.00_w1_uniform_s3.wcnf,calib_a,max3sat_n100_a5,3,100,5.0,500,3,optimal,1,0.628,2,2,0
data/generated/calib_a/wksat_v100_k3_sr5.00_hr0.00_w1_uniform_s4.wcnf,calib_a,max3sat_n100_a5,3,100,5.0,500,4,optimal,1,1.447,3,3,0
data/generated/calib_a/wksat_v100_k3_sr5.00_hr0.00_w1_uniform_s5.wcnf,calib_a,max3sat_n100_a5,3,100,5.0,500,5,optimal,1,5.638,3,3,0
data/generated/calib_a/wksat_v100_k3_sr6.00_hr0.00_w1_uniform_s1.wcnf,calib_a,max3sat_n100_a6,3,100,6.0,600,1,subprocess_killed,0,960.107,,6,0
data/generated/calib_a/wksat_v100_k3_sr6.00_hr0.00_w1_uniform_s2.wcnf,calib_a,max3sat_n100_a6,3,100,6.0,600,2,subprocess_killed,0,960.107,,6,0
data/generated/calib_a/wksat_v100_k3_sr6.00_hr0.00_w1_uniform_s3.wcnf,calib_a,max3sat_n100_a6,3,100,6.0,600,3,subprocess_killed,0,960.107,,6,0
data/generated/calib_a/wksat_v100_k3_sr6.00_hr0.00_w1_uniform_s4.wcnf,calib_a,max3sat_n100_a6,3,100,6.0,600,4,subprocess_killed,0,960.108,,6,0
data/generated/calib_a/wksat_v100_k3_sr6.00_hr0.00_w1_uniform_s5.wcnf,calib_a,max3sat_n100_a6,3,100,6.0,600,5,subprocess_killed,0,960.107,,5,0
data/generated/calib_a/wksat_v100_k3_sr8.00_hr0.00_w1_uniform_s1.wcnf,calib_a,max3sat_n100_a8,3,100,8.0,800,1,subprocess_killed,0,960.106,,7,0
data/generated/calib_a/wksat_v100_k3_sr8.00_hr0.00_w1_uniform_s2.wcnf,calib_a,max3sat_n100_a8,3,100,8.0,800,2,subprocess_killed,0,960.024,,7,0
data/generated/calib_a/wksat_v100_k3_sr8.00_hr0.00_w1_uniform_s3.wcnf,calib_a,max3sat_n100_a8,3,100,8.0,800,3,subprocess_killed,0,960.107,,7,0
data/generated/calib_a/wksat_v100_k3_sr8.00_hr0.00_w1_uniform_s4.wcnf,calib_a,max3sat_n100_a8,3,100,8.0,800,4,subprocess_killed,0,960.051,,8,0
data/generated/calib_a/wksat_v100_k3_sr8.00_hr0.00_w1_uniform_s5.wcnf,calib_a,max3sat_n100_a8,3,100,8.0,800,5,subprocess_killed,0,960.103,,7,0
data/generated/calib_a/wksat_v150_k2_sr2.00_hr0.00_w1_uniform_s1.wcnf,calib_a,max2sat_n150_a2,2,150,2.0,300,1,optimal,1,0.021,6,6,0
data/generated/calib_a/wksat_v150_k2_sr2.00_hr0.00_w1_uniform_s2.wcnf,calib_a,max2sat_n150_a2,2,150,2.0,300,2,optimal,1,0.011,7,7,0
data/generated/calib_a/wksat_v150_k2_sr2.00_hr0.00_w1_uniform_s3.wcnf,calib_a,max2sat_n150_a2,2,150,2.0,300,3,optimal,1,0.007,6,6,0
data/generated/calib_a/wksat_v150_k2_sr2.00_hr0.00_w1_uniform_s4.wcnf,calib_a,max2sat_n150_a2,2,150,2.0,300,4,optimal,1,0.008,6,6,0
data/generated/calib_a/wksat_v150_k2_sr2.00_hr0.00_w1_uniform_s5.wcnf,calib_a,max2sat_n150_a2,2,150,2.0,300,5,optimal,1,0.009,7,7,0
data/generated/calib_a/wksat_v150_k2_sr3.00_hr0.00_w1_uniform_s1.wcnf,calib_a,max2sat_n150_a3,2,150,3.0,450,1,optimal,1,2.257,19,19,0
data/generated/calib_a/wksat_v150_k2_sr3.00_hr0.00_w1_uniform_s2.wcnf,calib_a,max2sat_n150_a3,2,150,3.0,450,2,optimal,1,3.151,21,21,0
data/generated/calib_a/wksat_v150_k2_sr3.00_hr0.00_w1_uniform_s3.wcnf,calib_a,max2sat_n150_a3,2,150,3.0,450,3,optimal,1,65.08,23,23,1
data/generated/calib_a/wksat_v150_k2_sr3.00_hr0.00_w1_uniform_s4.wcnf,calib_a,max2sat_n150_a3,2,150,3.0,450,4,optimal,1,36.352,24,24,1
data/generated/calib_a/wksat_v150_k2_sr3.00_hr0.00_w1_uniform_s5.wcnf,calib_a,max2sat_n150_a3,2,150,3.0,450,5,subprocess_killed,0,960.094,,28,0
data/generated/calib_a/wksat_v150_k2_sr4.00_hr0.00_w1_uniform_s1.wcnf,calib_a,max2sat_n150_a4,2,150,4.0,600,1,subprocess_killed,0,960.109,,36,0
data/generated/calib_a/wksat_v150_k2_sr4.00_hr0.00_w1_uniform_s2.wcnf,calib_a,max2sat_n150_a4,2,150,4.0,600,2,subprocess_killed,0,960.108,,40,0
data/generated/calib_a/wksat_v150_k2_sr4.00_hr0.00_w1_uniform_s3.wcnf,calib_a,max2sat_n150_a4,2,150,4.0,600,3,subprocess_killed,0,960.105,,35,0
data/generated/calib_a/wksat_v150_k2_sr4.00_hr0.00_w1_uniform_s4.wcnf,calib_a,max2sat_n150_a4,2,150,4.0,600,4,subprocess_killed,0,960.105,,37,0
data/generated/calib_a/wksat_v150_k2_sr4.00_hr0.00_w1_uniform_s5.wcnf,calib_a,max2sat_n150_a4,2,150,4.0,600,5,subprocess_killed,0,960.097,,39,0
data/generated/calib_a/wksat_v150_k2_sr6.00_hr0.00_w1_uniform_s1.wcnf,calib_a,max2sat_n150_a6,2,150,6.0,900,1,subprocess_killed,0,960.105,,62,0
data/generated/calib_a/wksat_v150_k2_sr6.00_hr0.00_w1_uniform_s2.wcnf,calib_a,max2sat_n150_a6,2,150,6.0,900,2,subprocess_killed,0,960.106,,66,0
data/generated/calib_a/wksat_v150_k2_sr6.00_hr0.00_w1_uniform_s3.wcnf,calib_a,max2sat_n150_a6,2,150,6.0,900,3,timeout,0,942.803,,59,0
data/generated/calib_a/wksat_v150_k2_sr6.00_hr0.00_w1_uniform_s4.wcnf,calib_a,max2sat_n150_a6,2,150,6.0,900,4,subprocess_killed,0,960.108,,55,0
data/generated/calib_a/wksat_v150_k2_sr6.00_hr0.00_w1_uniform_s5.wcnf,calib_a,max2sat_n150_a6,2,150,6.0,900,5,timeout,0,916.425,,60,0
data/generated/calib_a/wksat_v150_k3_sr4.26_hr0.00_w1_uniform_s1.wcnf,calib_a,max3sat_n150_a4.26,3,150,4.26,639,1,optimal,1,0.018,0,0,0
data/generated/calib_a/wksat_v150_k3_sr4.26_hr0.00_w1_uniform_s2.wcnf,calib_a,max3sat_n150_a4.26,3,150,4.26,639,2,optimal,1,0.014,0,0,0
data/generated/calib_a/wksat_v150_k3_sr4.26_hr0.00_w1_uniform_s3.wcnf,calib_a,max3sat_n150_a4.26,3,150,4.26,639,3,optimal,1,0.04,0,0,0
data/generated/calib_a/wksat_v150_k3_sr4.26_hr0.00_w1_uniform_s4.wcnf,calib_a,max3sat_n150_a4.26,3,150,4.26,639,4,optimal,1,0.07,0,0,0
data/generated/calib_a/wksat_v150_k3_sr4.26_hr0.00_w1_uniform_s5.wcnf,calib_a,max3sat_n150_a4.26,3,150,4.26,639,5,optimal,1,2.004,1,1,0
data/generated/calib_a/wksat_v150_k3_sr5.00_hr0.00_w1_uniform_s1.wcnf,calib_a,max3sat_n150_a5,3,150,5.0,750,1,optimal,1,2.758,1,1,0
data/generated/calib_a/wksat_v150_k3_sr5.00_hr0.00_w1_uniform_s2.wcnf,calib_a,max3sat_n150_a5,3,150,5.0,750,2,subprocess_killed,0,960.108,,4,0
data/generated/calib_a/wksat_v150_k3_sr5.00_hr0.00_w1_uniform_s3.wcnf,calib_a,max3sat_n150_a5,3,150,5.0,750,3,optimal,1,772.234,3,3,1
data/generated/calib_a/wksat_v150_k3_sr5.00_hr0.00_w1_uniform_s4.wcnf,calib_a,max3sat_n150_a5,3,150,5.0,750,4,optimal,1,14.906,2,2,0
data/generated/calib_a/wksat_v150_k3_sr5.00_hr0.00_w1_uniform_s5.wcnf,calib_a,max3sat_n150_a5,3,150,5.0,750,5,subprocess_killed,0,960.107,,3,0
data/generated/calib_a/wksat_v150_k3_sr6.00_hr0.00_w1_uniform_s1.wcnf,calib_a,max3sat_n150_a6,3,150,6.0,900,1,subprocess_killed,0,960.109,,4,0
data/generated/calib_a/wksat_v150_k3_sr6.00_hr0.00_w1_uniform_s2.wcnf,calib_a,max3sat_n150_a6,3,150,6.0,900,2,subprocess_killed,0,960.023,,4,0
data/generated/calib_a/wksat_v150_k3_sr6.00_hr0.00_w1_uniform_s3.wcnf,calib_a,max3sat_n150_a6,3,150,6.0,900,3,subprocess_killed,0,960.109,,4,0
data/generated/calib_a/wksat_v150_k3_sr6.00_hr0.00_w1_uniform_s4.wcnf,calib_a,max3sat_n150_a6,3,150,6.0,900,4,subprocess_killed,0,960.109,,4,0
data/generated/calib_a/wksat_v150_k3_sr6.00_hr0.00_w1_uniform_s5.wcnf,calib_a,max3sat_n150_a6,3,150,6.0,900,5,subprocess_killed,0,960.11,,4,0
data/generated/calib_a/wksat_v150_k3_sr8.00_hr0.00_w1_uniform_s1.wcnf,calib_a,max3sat_n150_a8,3,150,8.0,1200,1,subprocess_killed,0,960.108,,5,0
data/generated/calib_a/wksat_v150_k3_sr8.00_hr0.00_w1_uniform_s2.wcnf,calib_a,max3sat_n150_a8,3,150,8.0,1200,2,subprocess_killed,0,960.111,,5,0
data/generated/calib_a/wksat_v150_k3_sr8.00_hr0.00_w1_uniform_s3.wcnf,calib_a,max3sat_n150_a8,3,150,8.0,1200,3,subprocess_killed,0,960.109,,6,0
data/generated/calib_a/wksat_v150_k3_sr8.00_hr0.00_w1_uniform_s4.wcnf,calib_a,max3sat_n150_a8,3,150,8.0,1200,4,subprocess_killed,0,960.11,,5,0
data/generated/calib_a/wksat_v150_k3_sr8.00_hr0.00_w1_uniform_s5.wcnf,calib_a,max3sat_n150_a8,3,150,8.0,1200,5,subprocess_killed,0,960.112,,6,0
data/generated/calib_a/wksat_v250_k2_sr2.00_hr0.00_w1_uniform_s1.wcnf,calib_a,max2sat_n250_a2,2,250,2.0,500,1,optimal,1,0.181,9,9,0
data/generated/calib_a/wksat_v250_k2_sr2.00_hr0.00_w1_uniform_s2.wcnf,calib_a,max2sat_n250_a2,2,250,2.0,500,2,optimal,1,0.742,10,10,0
data/generated/calib_a/wksat_v250_k2_sr2.00_hr0.00_w1_uniform_s3.wcnf,calib_a,max2sat_n250_a2,2,250,2.0,500,3,optimal,1,0.102,12,12,0
data/generated/calib_a/wksat_v250_k2_sr2.00_hr0.00_w1_uniform_s4.wcnf,calib_a,max2sat_n250_a2,2,250,2.0,500,4,optimal,1,2.611,14,14,0
data/generated/calib_a/wksat_v250_k2_sr2.00_hr0.00_w1_uniform_s5.wcnf,calib_a,max2sat_n250_a2,2,250,2.0,500,5,optimal,1,0.028,8,8,0
data/generated/calib_a/wksat_v250_k2_sr3.00_hr0.00_w1_uniform_s1.wcnf,calib_a,max2sat_n250_a3,2,250,3.0,750,1,subprocess_killed,0,960.109,,29,0
data/generated/calib_a/wksat_v250_k2_sr3.00_hr0.00_w1_uniform_s2.wcnf,calib_a,max2sat_n250_a3,2,250,3.0,750,2,subprocess_killed,0,960.109,,31,0
data/generated/calib_a/wksat_v250_k2_sr3.00_hr0.00_w1_uniform_s3.wcnf,calib_a,max2sat_n250_a3,2,250,3.0,750,3,subprocess_killed,0,960.109,,33,0
data/generated/calib_a/wksat_v250_k2_sr3.00_hr0.00_w1_uniform_s4.wcnf,calib_a,max2sat_n250_a3,2,250,3.0,750,4,subprocess_killed,0,960.107,,31,0
data/generated/calib_a/wksat_v250_k2_sr3.00_hr0.00_w1_uniform_s5.wcnf,calib_a,max2sat_n250_a3,2,250,3.0,750,5,subprocess_killed,0,960.11,,33,0
data/generated/calib_a/wksat_v250_k2_sr4.00_hr0.00_w1_uniform_s1.wcnf,calib_a,max2sat_n250_a4,2,250,4.0,1000,1,subprocess_killed,0,960.015,,44,0
data/generated/calib_a/wksat_v250_k2_sr4.00_hr0.00_w1_uniform_s2.wcnf,calib_a,max2sat_n250_a4,2,250,4.0,1000,2,subprocess_killed,0,960.104,,46,0
data/generated/calib_a/wksat_v250_k2_sr4.00_hr0.00_w1_uniform_s3.wcnf,calib_a,max2sat_n250_a4,2,250,4.0,1000,3,subprocess_killed,0,960.053,,45,0
data/generated/calib_a/wksat_v250_k2_sr4.00_hr0.00_w1_uniform_s4.wcnf,calib_a,max2sat_n250_a4,2,250,4.0,1000,4,subprocess_killed,0,960.061,,49,0
data/generated/calib_a/wksat_v250_k2_sr4.00_hr0.00_w1_uniform_s5.wcnf,calib_a,max2sat_n250_a4,2,250,4.0,1000,5,timeout,0,908.784,,45,0
data/generated/calib_a/wksat_v250_k2_sr6.00_hr0.00_w1_uniform_s1.wcnf,calib_a,max2sat_n250_a6,2,250,6.0,1500,1,subprocess_killed,0,960.111,,76,0
data/generated/calib_a/wksat_v250_k2_sr6.00_hr0.00_w1_uniform_s2.wcnf,calib_a,max2sat_n250_a6,2,250,6.0,1500,2,timeout,0,946.982,,70,0
data/generated/calib_a/wksat_v250_k2_sr6.00_hr0.00_w1_uniform_s3.wcnf,calib_a,max2sat_n250_a6,2,250,6.0,1500,3,subprocess_killed,0,960.109,,79,0
data/generated/calib_a/wksat_v250_k2_sr6.00_hr0.00_w1_uniform_s4.wcnf,calib_a,max2sat_n250_a6,2,250,6.0,1500,4,subprocess_killed,0,960.109,,76,0
data/generated/calib_a/wksat_v250_k2_sr6.00_hr0.00_w1_uniform_s5.wcnf,calib_a,max2sat_n250_a6,2,250,6.0,1500,5,subprocess_killed,0,960.108,,76,0
data/generated/calib_a/wksat_v250_k3_sr4.26_hr0.00_w1_uniform_s1.wcnf,calib_a,max3sat_n250_a4.26,3,250,4.26,1065,1,optimal,1,50.766,1,1,1
data/generated/calib_a/wksat_v250_k3_sr4.26_hr0.00_w1_uniform_s2.wcnf,calib_a,max3sat_n250_a4.26,3,250,4.26,1065,2,optimal,1,281.412,1,1,1
data/generated/calib_a/wksat_v250_k3_sr4.26_hr0.00_w1_uniform_s3.wcnf,calib_a,max3sat_n250_a4.26,3,250,4.26,1065,3,subprocess_killed,0,960.109,,1,0
data/generated/calib_a/wksat_v250_k3_sr4.26_hr0.00_w1_uniform_s4.wcnf,calib_a,max3sat_n250_a4.26,3,250,4.26,1065,4,optimal,1,387.757,1,1,1
data/generated/calib_a/wksat_v250_k3_sr4.26_hr0.00_w1_uniform_s5.wcnf,calib_a,max3sat_n250_a4.26,3,250,4.26,1065,5,optimal,1,0.482,0,0,0
data/generated/calib_a/wksat_v250_k3_sr5.00_hr0.00_w1_uniform_s1.wcnf,calib_a,max3sat_n250_a5,3,250,5.0,1250,1,subprocess_killed,0,960.109,,2,0
data/generated/calib_a/wksat_v250_k3_sr5.00_hr0.00_w1_uniform_s2.wcnf,calib_a,max3sat_n250_a5,3,250,5.0,1250,2,subprocess_killed,0,960.108,,2,0
data/generated/calib_a/wksat_v250_k3_sr5.00_hr0.00_w1_uniform_s3.wcnf,calib_a,max3sat_n250_a5,3,250,5.0,1250,3,subprocess_killed,0,960.107,,2,0
data/generated/calib_a/wksat_v250_k3_sr5.00_hr0.00_w1_uniform_s4.wcnf,calib_a,max3sat_n250_a5,3,250,5.0,1250,4,subprocess_killed,0,960.107,,2,0
data/generated/calib_a/wksat_v250_k3_sr5.00_hr0.00_w1_uniform_s5.wcnf,calib_a,max3sat_n250_a5,3,250,5.0,1250,5,subprocess_killed,0,960.108,,2,0
data/generated/calib_a/wksat_v250_k3_sr6.00_hr0.00_w1_uniform_s1.wcnf,calib_a,max3sat_n250_a6,3,250,6.0,1500,1,subprocess_killed,0,960.106,,3,0
data/generated/calib_a/wksat_v250_k3_sr6.00_hr0.00_w1_uniform_s2.wcnf,calib_a,max3sat_n250_a6,3,250,6.0,1500,2,subprocess_killed,0,960.092,,3,0
data/generated/calib_a/wksat_v250_k3_sr6.00_hr0.00_w1_uniform_s3.wcnf,calib_a,max3sat_n250_a6,3,250,6.0,1500,3,subprocess_killed,0,960.025,,3,0
data/generated/calib_a/wksat_v250_k3_sr6.00_hr0.00_w1_uniform_s4.wcnf,calib_a,max3sat_n250_a6,3,250,6.0,1500,4,subprocess_killed,0,960.116,,3,0
data/generated/calib_a/wksat_v250_k3_sr6.00_hr0.00_w1_uniform_s5.wcnf,calib_a,max3sat_n250_a6,3,250,6.0,1500,5,subprocess_killed,0,960.112,,3,0
data/generated/calib_a/wksat_v250_k3_sr8.00_hr0.00_w1_uniform_s1.wcnf,calib_a,max3sat_n250_a8,3,250,8.0,2000,1,subprocess_killed,0,960.109,,4,0
data/generated/calib_a/wksat_v250_k3_sr8.00_hr0.00_w1_uniform_s2.wcnf,calib_a,max3sat_n250_a8,3,250,8.0,2000,2,subprocess_killed,0,960.11,,4,0
data/generated/calib_a/wksat_v250_k3_sr8.00_hr0.00_w1_uniform_s3.wcnf,calib_a,max3sat_n250_a8,3,250,8.0,2000,3,subprocess_killed,0,960.109,,4,0
data/generated/calib_a/wksat_v250_k3_sr8.00_hr0.00_w1_uniform_s4.wcnf,calib_a,max3sat_n250_a8,3,250,8.0,2000,4,subprocess_killed,0,960.103,,4,0
data/generated/calib_a/wksat_v250_k3_sr8.00_hr0.00_w1_uniform_s5.wcnf,calib_a,max3sat_n250_a8,3,250,8.0,2000,5,subprocess_killed,0,960.105,,4,0
data/generated/calib_a/wksat_v400_k2_sr2.00_hr0.00_w1_uniform_s1.wcnf,calib_a,max2sat_n400_a2,2,400,2.0,800,1,optimal,1,42.963,18,18,1
data/generated/calib_a/wksat_v400_k2_sr2.00_hr0.00_w1_uniform_s2.wcnf,calib_a,max2sat_n400_a2,2,400,2.0,800,2,optimal,1,17.459,15,15,0
data/generated/calib_a/wksat_v400_k2_sr2.00_hr0.00_w1_uniform_s3.wcnf,calib_a,max2sat_n400_a2,2,400,2.0,800,3,optimal,1,3.313,16,16,0
data/generated/calib_a/wksat_v400_k2_sr2.00_hr0.00_w1_uniform_s4.wcnf,calib_a,max2sat_n400_a2,2,400,2.0,800,4,optimal,1,1.118,12,12,0
data/generated/calib_a/wksat_v400_k2_sr2.00_hr0.00_w1_uniform_s5.wcnf,calib_a,max2sat_n400_a2,2,400,2.0,800,5,optimal,1,18.74,17,17,0
data/generated/calib_a/wksat_v400_k2_sr3.00_hr0.00_w1_uniform_s1.wcnf,calib_a,max2sat_n400_a3,2,400,3.0,1200,1,subprocess_killed,0,960.106,,36,0
data/generated/calib_a/wksat_v400_k2_sr3.00_hr0.00_w1_uniform_s2.wcnf,calib_a,max2sat_n400_a3,2,400,3.0,1200,2,subprocess_killed,0,960.105,,35,0
data/generated/calib_a/wksat_v400_k2_sr3.00_hr0.00_w1_uniform_s3.wcnf,calib_a,max2sat_n400_a3,2,400,3.0,1200,3,subprocess_killed,0,960.106,,39,0
data/generated/calib_a/wksat_v400_k2_sr3.00_hr0.00_w1_uniform_s4.wcnf,calib_a,max2sat_n400_a3,2,400,3.0,1200,4,subprocess_killed,0,960.109,,32,0
data/generated/calib_a/wksat_v400_k2_sr3.00_hr0.00_w1_uniform_s5.wcnf,calib_a,max2sat_n400_a3,2,400,3.0,1200,5,subprocess_killed,0,960.107,,38,0
data/generated/calib_a/wksat_v400_k2_sr4.00_hr0.00_w1_uniform_s1.wcnf,calib_a,max2sat_n400_a4,2,400,4.0,1600,1,subprocess_killed,0,960.106,,52,0
data/generated/calib_a/wksat_v400_k2_sr4.00_hr0.00_w1_uniform_s2.wcnf,calib_a,max2sat_n400_a4,2,400,4.0,1600,2,subprocess_killed,0,960.112,,55,0
data/generated/calib_a/wksat_v400_k2_sr4.00_hr0.00_w1_uniform_s3.wcnf,calib_a,max2sat_n400_a4,2,400,4.0,1600,3,subprocess_killed,0,960.056,,56,0
data/generated/calib_a/wksat_v400_k2_sr4.00_hr0.00_w1_uniform_s4.wcnf,calib_a,max2sat_n400_a4,2,400,4.0,1600,4,subprocess_killed,0,960.106,,54,0
data/generated/calib_a/wksat_v400_k2_sr4.00_hr0.00_w1_uniform_s5.wcnf,calib_a,max2sat_n400_a4,2,400,4.0,1600,5,subprocess_killed,0,960.107,,57,0
data/generated/calib_a/wksat_v400_k2_sr6.00_hr0.00_w1_uniform_s1.wcnf,calib_a,max2sat_n400_a6,2,400,6.0,2400,1,subprocess_killed,0,960.105,,94,0
data/generated/calib_a/wksat_v400_k2_sr6.00_hr0.00_w1_uniform_s2.wcnf,calib_a,max2sat_n400_a6,2,400,6.0,2400,2,timeout,0,911.828,,94,0
data/generated/calib_a/wksat_v400_k2_sr6.00_hr0.00_w1_uniform_s3.wcnf,calib_a,max2sat_n400_a6,2,400,6.0,2400,3,timeout,0,930.539,,92,0
data/generated/calib_a/wksat_v400_k2_sr6.00_hr0.00_w1_uniform_s4.wcnf,calib_a,max2sat_n400_a6,2,400,6.0,2400,4,subprocess_killed,0,960.036,,89,0
data/generated/calib_a/wksat_v400_k2_sr6.00_hr0.00_w1_uniform_s5.wcnf,calib_a,max2sat_n400_a6,2,400,6.0,2400,5,subprocess_killed,0,960.106,,95,0
data/generated/calib_a/wksat_v50_k3_sr4.26_hr0.00_w1_uniform_s1.wcnf,calib_a,max3sat_n50_a4.26,3,50,4.26,213,1,optimal,1,0.014,1,1,0
data/generated/calib_a/wksat_v50_k3_sr4.26_hr0.00_w1_uniform_s2.wcnf,calib_a,max3sat_n50_a4.26,3,50,4.26,213,2,optimal,1,0.018,1,1,0
data/generated/calib_a/wksat_v50_k3_sr4.26_hr0.00_w1_uniform_s3.wcnf,calib_a,max3sat_n50_a4.26,3,50,4.26,213,3,optimal,1,0.008,1,1,0
data/generated/calib_a/wksat_v50_k3_sr4.26_hr0.00_w1_uniform_s4.wcnf,calib_a,max3sat_n50_a4.26,3,50,4.26,213,4,optimal,1,0.005,0,0,0
data/generated/calib_a/wksat_v50_k3_sr4.26_hr0.00_w1_uniform_s5.wcnf,calib_a,max3sat_n50_a4.26,3,50,4.26,213,5,optimal,1,0.008,1,1,0
data/generated/calib_a/wksat_v50_k3_sr5.00_hr0.00_w1_uniform_s1.wcnf,calib_a,max3sat_n50_a5,3,50,5.0,250,1,optimal,1,0.014,1,1,0
data/generated/calib_a/wksat_v50_k3_sr5.00_hr0.00_w1_uniform_s2.wcnf,calib_a,max3sat_n50_a5,3,50,5.0,250,2,optimal,1,0.009,1,1,0
data/generated/calib_a/wksat_v50_k3_sr5.00_hr0.00_w1_uniform_s3.wcnf,calib_a,max3sat_n50_a5,3,50,5.0,250,3,optimal,1,0.009,1,1,0
data/generated/calib_a/wksat_v50_k3_sr5.00_hr0.00_w1_uniform_s4.wcnf,calib_a,max3sat_n50_a5,3,50,5.0,250,4,optimal,1,0.065,2,2,0
data/generated/calib_a/wksat_v50_k3_sr5.00_hr0.00_w1_uniform_s5.wcnf,calib_a,max3sat_n50_a5,3,50,5.0,250,5,optimal,1,0.025,2,2,0
data/generated/calib_a/wksat_v50_k3_sr6.00_hr0.00_w1_uniform_s1.wcnf,calib_a,max3sat_n50_a6,3,50,6.0,300,1,optimal,1,4.534,6,6,0
data/generated/calib_a/wksat_v50_k3_sr6.00_hr0.00_w1_uniform_s2.wcnf,calib_a,max3sat_n50_a6,3,50,6.0,300,2,optimal,1,1.018,4,4,0
data/generated/calib_a/wksat_v50_k3_sr6.00_hr0.00_w1_uniform_s3.wcnf,calib_a,max3sat_n50_a6,3,50,6.0,300,3,optimal,1,0.077,3,3,0
data/generated/calib_a/wksat_v50_k3_sr6.00_hr0.00_w1_uniform_s4.wcnf,calib_a,max3sat_n50_a6,3,50,6.0,300,4,optimal,1,0.04,3,3,0
data/generated/calib_a/wksat_v50_k3_sr6.00_hr0.00_w1_uniform_s5.wcnf,calib_a,max3sat_n50_a6,3,50,6.0,300,5,optimal,1,0.34,4,4,0
data/generated/calib_a/wksat_v50_k3_sr8.00_hr0.00_w1_uniform_s1.wcnf,calib_a,max3sat_n50_a8,3,50,8.0,400,1,optimal,1,65.659,10,10,1
data/generated/calib_a/wksat_v50_k3_sr8.00_hr0.00_w1_uniform_s2.wcnf,calib_a,max3sat_n50_a8,3,50,8.0,400,2,optimal,1,88.686,10,10,1
data/generated/calib_a/wksat_v50_k3_sr8.00_hr0.00_w1_uniform_s3.wcnf,calib_a,max3sat_n50_a8,3,50,8.0,400,3,optimal,1,9.861,8,8,0
data/generated/calib_a/wksat_v50_k3_sr8.00_hr0.00_w1_uniform_s4.wcnf,calib_a,max3sat_n50_a8,3,50,8.0,400,4,optimal,1,76.107,11,11,1
data/generated/calib_a/wksat_v50_k3_sr8.00_hr0.00_w1_uniform_s5.wcnf,calib_a,max3sat_n50_a8,3,50,8.0,400,5,optimal,1,32.836,9,9,1
data/generated/calib_a/wksat_v70_k3_sr4.26_hr0.00_w1_uniform_s1.wcnf,calib_a,max3sat_n70_a4.26,3,70,4.26,298,1,optimal,1,0.003,0,0,0
data/generated/calib_a/wksat_v70_k3_sr4.26_hr0.00_w1_uniform_s2.wcnf,calib_a,max3sat_n70_a4.26,3,70,4.26,298,2,optimal,1,0.009,1,1,0
data/generated/calib_a/wksat_v70_k3_sr4.26_hr0.00_w1_uniform_s3.wcnf,calib_a,max3sat_n70_a4.26,3,70,4.26,298,3,optimal,1,0.003,0,0,0
data/generated/calib_a/wksat_v70_k3_sr4.26_hr0.00_w1_uniform_s4.wcnf,calib_a,max3sat_n70_a4.26,3,70,4.26,298,4,optimal,1,0.003,0,0,0
data/generated/calib_a/wksat_v70_k3_sr4.26_hr0.00_w1_uniform_s5.wcnf,calib_a,max3sat_n70_a4.26,3,70,4.26,298,5,optimal,1,0.003,0,0,0
data/generated/calib_a/wksat_v70_k3_sr5.00_hr0.00_w1_uniform_s1.wcnf,calib_a,max3sat_n70_a5,3,70,5.0,350,1,optimal,1,0.088,2,2,0
data/generated/calib_a/wksat_v70_k3_sr5.00_hr0.00_w1_uniform_s2.wcnf,calib_a,max3sat_n70_a5,3,70,5.0,350,2,optimal,1,8.09,4,4,0
data/generated/calib_a/wksat_v70_k3_sr5.00_hr0.00_w1_uniform_s3.wcnf,calib_a,max3sat_n70_a5,3,70,5.0,350,3,optimal,1,0.01,1,1,0
data/generated/calib_a/wksat_v70_k3_sr5.00_hr0.00_w1_uniform_s4.wcnf,calib_a,max3sat_n70_a5,3,70,5.0,350,4,optimal,1,0.126,2,2,0
data/generated/calib_a/wksat_v70_k3_sr5.00_hr0.00_w1_uniform_s5.wcnf,calib_a,max3sat_n70_a5,3,70,5.0,350,5,optimal,1,0.011,1,1,0
data/generated/calib_a/wksat_v70_k3_sr6.00_hr0.00_w1_uniform_s1.wcnf,calib_a,max3sat_n70_a6,3,70,6.0,420,1,optimal,1,5.722,5,5,0
data/generated/calib_a/wksat_v70_k3_sr6.00_hr0.00_w1_uniform_s2.wcnf,calib_a,max3sat_n70_a6,3,70,6.0,420,2,optimal,1,159.513,7,7,1
data/generated/calib_a/wksat_v70_k3_sr6.00_hr0.00_w1_uniform_s3.wcnf,calib_a,max3sat_n70_a6,3,70,6.0,420,3,optimal,1,8.636,5,5,0
data/generated/calib_a/wksat_v70_k3_sr6.00_hr0.00_w1_uniform_s4.wcnf,calib_a,max3sat_n70_a6,3,70,6.0,420,4,optimal,1,53.3,6,6,1
data/generated/calib_a/wksat_v70_k3_sr6.00_hr0.00_w1_uniform_s5.wcnf,calib_a,max3sat_n70_a6,3,70,6.0,420,5,optimal,1,75.355,6,6,1
data/generated/calib_a/wksat_v70_k3_sr8.00_hr0.00_w1_uniform_s1.wcnf,calib_a,max3sat_n70_a8,3,70,8.0,560,1,subprocess_killed,0,960.014,,9,0
data/generated/calib_a/wksat_v70_k3_sr8.00_hr0.00_w1_uniform_s2.wcnf,calib_a,max3sat_n70_a8,3,70,8.0,560,2,subprocess_killed,0,960.109,,9,0
data/generated/calib_a/wksat_v70_k3_sr8.00_hr0.00_w1_uniform_s3.wcnf,calib_a,max3sat_n70_a8,3,70,8.0,560,3,subprocess_killed,0,960.108,,9,0
data/generated/calib_a/wksat_v70_k3_sr8.00_hr0.00_w1_uniform_s4.wcnf,calib_a,max3sat_n70_a8,3,70,8.0,560,4,subprocess_killed,0,960.078,,9,0
data/generated/calib_a/wksat_v70_k3_sr8.00_hr0.00_w1_uniform_s5.wcnf,calib_a,max3sat_n70_a8,3,70,8.0,560,5,subprocess_killed,0,960.108,,9,0
data/generated/calib_b/wksat_v100_k2_sr4.50_hr0.00_w1_uniform_s1.wcnf,calib_b,max2sat_n100_a4.5,2,100,4.5,450,1,optimal,1,66.547,32,32,1
data/generated/calib_b/wksat_v100_k2_sr4.50_hr0.00_w1_uniform_s2.wcnf,calib_b,max2sat_n100_a4.5,2,100,4.5,450,2,optimal,1,126.025,35,35,1
data/generated/calib_b/wksat_v100_k2_sr4.50_hr0.00_w1_uniform_s3.wcnf,calib_b,max2sat_n100_a4.5,2,100,4.5,450,3,subprocess_killed,0,960.107,,37,0
data/generated/calib_b/wksat_v100_k2_sr4.50_hr0.00_w1_uniform_s4.wcnf,calib_b,max2sat_n100_a4.5,2,100,4.5,450,4,optimal,1,16.257,30,30,0
data/generated/calib_b/wksat_v100_k2_sr4.50_hr0.00_w1_uniform_s5.wcnf,calib_b,max2sat_n100_a4.5,2,100,4.5,450,5,subprocess_killed,0,960.008,,36,0
data/generated/calib_b/wksat_v100_k2_sr5.00_hr0.00_w1_uniform_s1.wcnf,calib_b,max2sat_n100_a5,2,100,5.0,500,1,optimal,1,83.971,35,35,1
data/generated/calib_b/wksat_v100_k2_sr5.00_hr0.00_w1_uniform_s2.wcnf,calib_b,max2sat_n100_a5,2,100,5.0,500,2,subprocess_killed,0,960.108,,40,0
data/generated/calib_b/wksat_v100_k2_sr5.00_hr0.00_w1_uniform_s3.wcnf,calib_b,max2sat_n100_a5,2,100,5.0,500,3,subprocess_killed,0,960.104,,43,0
data/generated/calib_b/wksat_v100_k2_sr5.00_hr0.00_w1_uniform_s4.wcnf,calib_b,max2sat_n100_a5,2,100,5.0,500,4,optimal,1,31.146,35,35,1
data/generated/calib_b/wksat_v100_k2_sr5.00_hr0.00_w1_uniform_s5.wcnf,calib_b,max2sat_n100_a5,2,100,5.0,500,5,subprocess_killed,0,960.013,,39,0
data/generated/calib_b/wksat_v100_k3_sr5.20_hr0.00_w1_uniform_s1.wcnf,calib_b,max3sat_n100_a5.2,3,100,5.2,520,1,optimal,1,211.01,4,4,1
data/generated/calib_b/wksat_v100_k3_sr5.20_hr0.00_w1_uniform_s2.wcnf,calib_b,max3sat_n100_a5.2,3,100,5.2,520,2,optimal,1,213.208,5,5,1
data/generated/calib_b/wksat_v100_k3_sr5.20_hr0.00_w1_uniform_s3.wcnf,calib_b,max3sat_n100_a5.2,3,100,5.2,520,3,optimal,1,17.115,3,3,0
data/generated/calib_b/wksat_v100_k3_sr5.20_hr0.00_w1_uniform_s4.wcnf,calib_b,max3sat_n100_a5.2,3,100,5.2,520,4,optimal,1,2.542,3,3,0
data/generated/calib_b/wksat_v100_k3_sr5.20_hr0.00_w1_uniform_s5.wcnf,calib_b,max3sat_n100_a5.2,3,100,5.2,520,5,optimal,1,46.776,4,4,1
data/generated/calib_b/wksat_v100_k3_sr5.50_hr0.00_w1_uniform_s1.wcnf,calib_b,max3sat_n100_a5.5,3,100,5.5,550,1,optimal,1,173.843,5,5,1
data/generated/calib_b/wksat_v100_k3_sr5.50_hr0.00_w1_uniform_s2.wcnf,calib_b,max3sat_n100_a5.5,3,100,5.5,550,2,subprocess_killed,0,960.111,,5,0
data/generated/calib_b/wksat_v100_k3_sr5.50_hr0.00_w1_uniform_s3.wcnf,calib_b,max3sat_n100_a5.5,3,100,5.5,550,3,optimal,1,156.628,5,5,1
data/generated/calib_b/wksat_v100_k3_sr5.50_hr0.00_w1_uniform_s4.wcnf,calib_b,max3sat_n100_a5.5,3,100,5.5,550,4,optimal,1,62.006,4,4,1
data/generated/calib_b/wksat_v100_k3_sr5.50_hr0.00_w1_uniform_s5.wcnf,calib_b,max3sat_n100_a5.5,3,100,5.5,550,5,subprocess_killed,0,960.108,,5,0
data/generated/calib_b/wksat_v150_k2_sr3.00_hr0.00_w1_uniform_s10.wcnf,calib_b,max2sat_n150_a3,2,150,3.0,450,10,optimal,1,17.22,21,21,0
data/generated/calib_b/wksat_v150_k2_sr3.00_hr0.00_w1_uniform_s6.wcnf,calib_b,max2sat_n150_a3,2,150,3.0,450,6,optimal,1,4.52,18,18,0
data/generated/calib_b/wksat_v150_k2_sr3.00_hr0.00_w1_uniform_s7.wcnf,calib_b,max2sat_n150_a3,2,150,3.0,450,7,optimal,1,32.347,23,23,1
data/generated/calib_b/wksat_v150_k2_sr3.00_hr0.00_w1_uniform_s8.wcnf,calib_b,max2sat_n150_a3,2,150,3.0,450,8,optimal,1,14.09,20,20,0
data/generated/calib_b/wksat_v150_k2_sr3.00_hr0.00_w1_uniform_s9.wcnf,calib_b,max2sat_n150_a3,2,150,3.0,450,9,optimal,1,1.771,19,19,0
data/generated/calib_b/wksat_v150_k2_sr3.15_hr0.00_w1_uniform_s1.wcnf,calib_b,max2sat_n150_a3.15,2,150,3.15,472,1,optimal,1,1.033,20,20,0
data/generated/calib_b/wksat_v150_k2_sr3.15_hr0.00_w1_uniform_s2.wcnf,calib_b,max2sat_n150_a3.15,2,150,3.15,472,2,optimal,1,1.505,23,23,0
data/generated/calib_b/wksat_v150_k2_sr3.15_hr0.00_w1_uniform_s3.wcnf,calib_b,max2sat_n150_a3.15,2,150,3.15,472,3,optimal,1,23.984,25,25,0
data/generated/calib_b/wksat_v150_k2_sr3.15_hr0.00_w1_uniform_s4.wcnf,calib_b,max2sat_n150_a3.15,2,150,3.15,472,4,optimal,1,300.852,26,26,1
data/generated/calib_b/wksat_v150_k2_sr3.15_hr0.00_w1_uniform_s5.wcnf,calib_b,max2sat_n150_a3.15,2,150,3.15,472,5,subprocess_killed,0,960.105,,29,0
data/generated/calib_b/wksat_v150_k2_sr3.30_hr0.00_w1_uniform_s1.wcnf,calib_b,max2sat_n150_a3.3,2,150,3.3,495,1,optimal,1,34.072,25,25,1
data/generated/calib_b/wksat_v150_k2_sr3.30_hr0.00_w1_uniform_s2.wcnf,calib_b,max2sat_n150_a3.3,2,150,3.3,495,2,optimal,1,2.757,25,25,0
data/generated/calib_b/wksat_v150_k2_sr3.30_hr0.00_w1_uniform_s3.wcnf,calib_b,max2sat_n150_a3.3,2,150,3.3,495,3,optimal,1,170.816,27,27,1
data/generated/calib_b/wksat_v150_k2_sr3.30_hr0.00_w1_uniform_s4.wcnf,calib_b,max2sat_n150_a3.3,2,150,3.3,495,4,optimal,1,226.564,28,28,1
data/generated/calib_b/wksat_v150_k2_sr3.30_hr0.00_w1_uniform_s5.wcnf,calib_b,max2sat_n150_a3.3,2,150,3.3,495,5,subprocess_killed,0,960.104,,31,0
data/generated/calib_b/wksat_v150_k3_sr4.60_hr0.00_w1_uniform_s1.wcnf,calib_b,max3sat_n150_a4.6,3,150,4.6,690,1,optimal,1,0.212,0,0,0
data/generated/calib_b/wksat_v150_k3_sr4.60_hr0.00_w1_uniform_s2.wcnf,calib_b,max3sat_n150_a4.6,3,150,4.6,690,2,optimal,1,0.18,1,1,0
data/generated/calib_b/wksat_v150_k3_sr4.60_hr0.00_w1_uniform_s3.wcnf,calib_b,max3sat_n150_a4.6,3,150,4.6,690,3,optimal,1,1.076,1,1,0
data/generated/calib_b/wksat_v150_k3_sr4.60_hr0.00_w1_uniform_s4.wcnf,calib_b,max3sat_n150_a4.6,3,150,4.6,690,4,optimal,1,0.42,1,1,0
data/generated/calib_b/wksat_v150_k3_sr4.60_hr0.00_w1_uniform_s5.wcnf,calib_b,max3sat_n150_a4.6,3,150,4.6,690,5,subprocess_killed,0,960.108,,3,0
data/generated/calib_b/wksat_v150_k3_sr4.80_hr0.00_w1_uniform_s1.wcnf,calib_b,max3sat_n150_a4.8,3,150,4.8,720,1,optimal,1,0.046,0,0,0
data/generated/calib_b/wksat_v150_k3_sr4.80_hr0.00_w1_uniform_s2.wcnf,calib_b,max3sat_n150_a4.8,3,150,4.8,720,2,subprocess_killed,0,960.105,,4,0
data/generated/calib_b/wksat_v150_k3_sr4.80_hr0.00_w1_uniform_s3.wcnf,calib_b,max3sat_n150_a4.8,3,150,4.8,720,3,optimal,1,34.908,2,2,1
data/generated/calib_b/wksat_v150_k3_sr4.80_hr0.00_w1_uniform_s4.wcnf,calib_b,max3sat_n150_a4.8,3,150,4.8,720,4,optimal,1,1.857,1,1,0
data/generated/calib_b/wksat_v150_k3_sr4.80_hr0.00_w1_uniform_s5.wcnf,calib_b,max3sat_n150_a4.8,3,150,4.8,720,5,subprocess_killed,0,960.108,,3,0
data/generated/calib_b/wksat_v250_k2_sr2.35_hr0.00_w1_uniform_s1.wcnf,calib_b,max2sat_n250_a2.35,2,250,2.35,588,1,optimal,1,3.371,15,15,0
data/generated/calib_b/wksat_v250_k2_sr2.35_hr0.00_w1_uniform_s2.wcnf,calib_b,max2sat_n250_a2.35,2,250,2.35,588,2,optimal,1,71.063,18,18,1
data/generated/calib_b/wksat_v250_k2_sr2.35_hr0.00_w1_uniform_s3.wcnf,calib_b,max2sat_n250_a2.35,2,250,2.35,588,3,optimal,1,610.255,22,22,1
data/generated/calib_b/wksat_v250_k2_sr2.35_hr0.00_w1_uniform_s4.wcnf,calib_b,max2sat_n250_a2.35,2,250,2.35,588,4,subprocess_killed,0,960.109,,23,0
data/generated/calib_b/wksat_v250_k2_sr2.35_hr0.00_w1_uniform_s5.wcnf,calib_b,max2sat_n250_a2.35,2,250,2.35,588,5,optimal,1,0.235,14,14,0
data/generated/calib_b/wksat_v250_k2_sr2.50_hr0.00_w1_uniform_s1.wcnf,calib_b,max2sat_n250_a2.5,2,250,2.5,625,1,optimal,1,4.882,17,17,0
data/generated/calib_b/wksat_v250_k2_sr2.50_hr0.00_w1_uniform_s2.wcnf,calib_b,max2sat_n250_a2.5,2,250,2.5,625,2,optimal,1,28.562,21,21,0
data/generated/calib_b/wksat_v250_k2_sr2.50_hr0.00_w1_uniform_s3.wcnf,calib_b,max2sat_n250_a2.5,2,250,2.5,625,3,subprocess_killed,0,960.105,,25,0
data/generated/calib_b/wksat_v250_k2_sr2.50_hr0.00_w1_uniform_s4.wcnf,calib_b,max2sat_n250_a2.5,2,250,2.5,625,4,subprocess_killed,0,960.105,,24,0
data/generated/calib_b/wksat_v250_k2_sr2.50_hr0.00_w1_uniform_s5.wcnf,calib_b,max2sat_n250_a2.5,2,250,2.5,625,5,optimal,1,9.467,19,19,0
data/generated/calib_b/wksat_v250_k3_sr4.26_hr0.00_w1_uniform_s10.wcnf,calib_b,max3sat_n250_a4.26,3,250,4.26,1065,10,optimal,1,53.407,1,1,1
data/generated/calib_b/wksat_v250_k3_sr4.26_hr0.00_w1_uniform_s6.wcnf,calib_b,max3sat_n250_a4.26,3,250,4.26,1065,6,optimal,1,0.681,0,0,0
data/generated/calib_b/wksat_v250_k3_sr4.26_hr0.00_w1_uniform_s7.wcnf,calib_b,max3sat_n250_a4.26,3,250,4.26,1065,7,optimal,1,32.977,1,1,1
data/generated/calib_b/wksat_v250_k3_sr4.26_hr0.00_w1_uniform_s8.wcnf,calib_b,max3sat_n250_a4.26,3,250,4.26,1065,8,optimal,1,113.526,1,1,1
data/generated/calib_b/wksat_v250_k3_sr4.26_hr0.00_w1_uniform_s9.wcnf,calib_b,max3sat_n250_a4.26,3,250,4.26,1065,9,optimal,1,0.553,0,0,0
data/generated/calib_b/wksat_v250_k3_sr4.35_hr0.00_w1_uniform_s1.wcnf,calib_b,max3sat_n250_a4.35,3,250,4.35,1088,1,subprocess_killed,0,960.109,,2,0
data/generated/calib_b/wksat_v250_k3_sr4.35_hr0.00_w1_uniform_s2.wcnf,calib_b,max3sat_n250_a4.35,3,250,4.35,1088,2,optimal,1,323.722,1,1,1
data/generated/calib_b/wksat_v250_k3_sr4.35_hr0.00_w1_uniform_s3.wcnf,calib_b,max3sat_n250_a4.35,3,250,4.35,1088,3,subprocess_killed,0,960.103,,1,0
data/generated/calib_b/wksat_v250_k3_sr4.35_hr0.00_w1_uniform_s4.wcnf,calib_b,max3sat_n250_a4.35,3,250,4.35,1088,4,subprocess_killed,0,960.103,,1,0
data/generated/calib_b/wksat_v250_k3_sr4.35_hr0.00_w1_uniform_s5.wcnf,calib_b,max3sat_n250_a4.35,3,250,4.35,1088,5,optimal,1,103.423,1,1,1
data/generated/calib_b/wksat_v400_k2_sr2.00_hr0.00_w1_uniform_s10.wcnf,calib_b,max2sat_n400_a2,2,400,2.0,800,10,optimal,1,14.902,17,17,0
data/generated/calib_b/wksat_v400_k2_sr2.00_hr0.00_w1_uniform_s6.wcnf,calib_b,max2sat_n400_a2,2,400,2.0,800,6,optimal,1,412.73,19,19,1
data/generated/calib_b/wksat_v400_k2_sr2.00_hr0.00_w1_uniform_s7.wcnf,calib_b,max2sat_n400_a2,2,400,2.0,800,7,optimal,1,131.081,19,19,1
data/generated/calib_b/wksat_v400_k2_sr2.00_hr0.00_w1_uniform_s8.wcnf,calib_b,max2sat_n400_a2,2,400,2.0,800,8,optimal,1,158.692,20,20,1
data/generated/calib_b/wksat_v400_k2_sr2.00_hr0.00_w1_uniform_s9.wcnf,calib_b,max2sat_n400_a2,2,400,2.0,800,9,optimal,1,3.634,15,15,0
data/generated/calib_b/wksat_v400_k2_sr2.15_hr0.00_w1_uniform_s1.wcnf,calib_b,max2sat_n400_a2.15,2,400,2.15,860,1,optimal,1,210.262,21,21,1
data/generated/calib_b/wksat_v400_k2_sr2.15_hr0.00_w1_uniform_s2.wcnf,calib_b,max2sat_n400_a2.15,2,400,2.15,860,2,optimal,1,146.572,18,18,1
data/generated/calib_b/wksat_v400_k2_sr2.15_hr0.00_w1_uniform_s3.wcnf,calib_b,max2sat_n400_a2.15,2,400,2.15,860,3,optimal,1,147.596,20,20,1
data/generated/calib_b/wksat_v400_k2_sr2.15_hr0.00_w1_uniform_s4.wcnf,calib_b,max2sat_n400_a2.15,2,400,2.15,860,4,optimal,1,5.792,16,16,0
data/generated/calib_b/wksat_v400_k2_sr2.15_hr0.00_w1_uniform_s5.wcnf,calib_b,max2sat_n400_a2.15,2,400,2.15,860,5,optimal,1,380.618,21,21,1
data/generated/calib_b/wksat_v400_k2_sr2.30_hr0.00_w1_uniform_s1.wcnf,calib_b,max2sat_n400_a2.3,2,400,2.3,920,1,subprocess_killed,0,960.106,,25,0
data/generated/calib_b/wksat_v400_k2_sr2.30_hr0.00_w1_uniform_s2.wcnf,calib_b,max2sat_n400_a2.3,2,400,2.3,920,2,optimal,1,367.162,23,23,1
data/generated/calib_b/wksat_v400_k2_sr2.30_hr0.00_w1_uniform_s3.wcnf,calib_b,max2sat_n400_a2.3,2,400,2.3,920,3,optimal,1,144.865,23,23,1
data/generated/calib_b/wksat_v400_k2_sr2.30_hr0.00_w1_uniform_s4.wcnf,calib_b,max2sat_n400_a2.3,2,400,2.3,920,4,optimal,1,53.515,20,20,1
data/generated/calib_b/wksat_v400_k2_sr2.30_hr0.00_w1_uniform_s5.wcnf,calib_b,max2sat_n400_a2.3,2,400,2.3,920,5,subprocess_killed,0,960.097,,25,0
data/generated/calib_b/wksat_v50_k3_sr8.00_hr0.00_w1_uniform_s10.wcnf,calib_b,max3sat_n50_a8,3,50,8.0,400,10,optimal,1,35.64,9,9,1
data/generated/calib_b/wksat_v50_k3_sr8.00_hr0.00_w1_uniform_s6.wcnf,calib_b,max3sat_n50_a8,3,50,8.0,400,6,optimal,1,621.852,11,11,1
data/generated/calib_b/wksat_v50_k3_sr8.00_hr0.00_w1_uniform_s7.wcnf,calib_b,max3sat_n50_a8,3,50,8.0,400,7,optimal,1,213.237,11,11,1
data/generated/calib_b/wksat_v50_k3_sr8.00_hr0.00_w1_uniform_s8.wcnf,calib_b,max3sat_n50_a8,3,50,8.0,400,8,optimal,1,648.681,11,11,1
data/generated/calib_b/wksat_v50_k3_sr8.00_hr0.00_w1_uniform_s9.wcnf,calib_b,max3sat_n50_a8,3,50,8.0,400,9,optimal,1,21.833,8,8,0
data/generated/calib_b/wksat_v50_k3_sr8.50_hr0.00_w1_uniform_s1.wcnf,calib_b,max3sat_n50_a8.5,3,50,8.5,425,1,subprocess_killed,0,960.105,,12,0
data/generated/calib_b/wksat_v50_k3_sr8.50_hr0.00_w1_uniform_s2.wcnf,calib_b,max3sat_n50_a8.5,3,50,8.5,425,2,optimal,1,612.003,12,12,1
data/generated/calib_b/wksat_v50_k3_sr8.50_hr0.00_w1_uniform_s3.wcnf,calib_b,max3sat_n50_a8.5,3,50,8.5,425,3,optimal,1,45.126,9,9,1
data/generated/calib_b/wksat_v50_k3_sr8.50_hr0.00_w1_uniform_s4.wcnf,calib_b,max3sat_n50_a8.5,3,50,8.5,425,4,optimal,1,626.747,12,12,1
data/generated/calib_b/wksat_v50_k3_sr8.50_hr0.00_w1_uniform_s5.wcnf,calib_b,max3sat_n50_a8.5,3,50,8.5,425,5,optimal,1,354.613,11,11,1
data/generated/calib_b/wksat_v50_k3_sr9.00_hr0.00_w1_uniform_s1.wcnf,calib_b,max3sat_n50_a9,3,50,9.0,450,1,subprocess_killed,0,960.11,,13,0
data/generated/calib_b/wksat_v50_k3_sr9.00_hr0.00_w1_uniform_s2.wcnf,calib_b,max3sat_n50_a9,3,50,9.0,450,2,subprocess_killed,0,960.109,,13,0
data/generated/calib_b/wksat_v50_k3_sr9.00_hr0.00_w1_uniform_s3.wcnf,calib_b,max3sat_n50_a9,3,50,9.0,450,3,optimal,1,152.05,11,11,1
data/generated/calib_b/wksat_v50_k3_sr9.00_hr0.00_w1_uniform_s4.wcnf,calib_b,max3sat_n50_a9,3,50,9.0,450,4,timeout,0,929.422,,14,0
data/generated/calib_b/wksat_v50_k3_sr9.00_hr0.00_w1_uniform_s5.wcnf,calib_b,max3sat_n50_a9,3,50,9.0,450,5,optimal,1,847.272,13,13,1
data/generated/calib_b/wksat_v70_k3_sr6.00_hr0.00_w1_uniform_s10.wcnf,calib_b,max3sat_n70_a6,3,70,6.0,420,10,optimal,1,34.918,5,5,1
data/generated/calib_b/wksat_v70_k3_sr6.00_hr0.00_w1_uniform_s6.wcnf,calib_b,max3sat_n70_a6,3,70,6.0,420,6,optimal,1,5.344,4,4,0
data/generated/calib_b/wksat_v70_k3_sr6.00_hr0.00_w1_uniform_s7.wcnf,calib_b,max3sat_n70_a6,3,70,6.0,420,7,optimal,1,170.377,7,7,1
data/generated/calib_b/wksat_v70_k3_sr6.00_hr0.00_w1_uniform_s8.wcnf,calib_b,max3sat_n70_a6,3,70,6.0,420,8,optimal,1,28.658,5,5,0
data/generated/calib_b/wksat_v70_k3_sr6.00_hr0.00_w1_uniform_s9.wcnf,calib_b,max3sat_n70_a6,3,70,6.0,420,9,optimal,1,367.267,7,7,1
data/generated/calib_b/wksat_v70_k3_sr6.20_hr0.00_w1_uniform_s1.wcnf,calib_b,max3sat_n70_a6.2,3,70,6.2,434,1,optimal,1,13.362,6,6,0
data/generated/calib_b/wksat_v70_k3_sr6.20_hr0.00_w1_uniform_s2.wcnf,calib_b,max3sat_n70_a6.2,3,70,6.2,434,2,optimal,1,197.211,7,7,1
data/generated/calib_b/wksat_v70_k3_sr6.20_hr0.00_w1_uniform_s3.wcnf,calib_b,max3sat_n70_a6.2,3,70,6.2,434,3,optimal,1,20.934,6,6,0
data/generated/calib_b/wksat_v70_k3_sr6.20_hr0.00_w1_uniform_s4.wcnf,calib_b,max3sat_n70_a6.2,3,70,6.2,434,4,optimal,1,290.487,7,7,1
data/generated/calib_b/wksat_v70_k3_sr6.20_hr0.00_w1_uniform_s5.wcnf,calib_b,max3sat_n70_a6.2,3,70,6.2,434,5,optimal,1,152.505,6,6,1
data/generated/calib_b/wksat_v70_k3_sr6.50_hr0.00_w1_uniform_s1.wcnf,calib_b,max3sat_n70_a6.5,3,70,6.5,455,1,optimal,1,436.403,8,8,1
data/generated/calib_b/wksat_v70_k3_sr6.50_hr0.00_w1_uniform_s2.wcnf,calib_b,max3sat_n70_a6.5,3,70,6.5,455,2,subprocess_killed,0,960.111,,7,0
data/generated/calib_b/wksat_v70_k3_sr6.50_hr0.00_w1_uniform_s3.wcnf,calib_b,max3sat_n70_a6.5,3,70,6.5,455,3,optimal,1,148.075,7,7,1
data/generated/calib_b/wksat_v70_k3_sr6.50_hr0.00_w1_uniform_s4.wcnf,calib_b,max3sat_n70_a6.5,3,70,6.5,455,4,optimal,1,217.782,7,7,1
data/generated/calib_b/wksat_v70_k3_sr6.50_hr0.00_w1_uniform_s5.wcnf,calib_b,max3sat_n70_a6.5,3,70,6.5,455,5,optimal,1,146.388,7,7,1
