subset,x,y,version,N,excluded_zero_succ,n_distinct_y,rho,ci_bca_strat_lo,ci_bca_strat_hi,ci_pct_strat_lo,ci_pct_strat_hi,ci_pct_plain_lo,ci_pct_plain_hi,ci_bonett_wright_lo,ci_bonett_wright_hi,p_value_spearman,partial_rho_logn_alpha_logc,partial_rho_pct_strat_lo,partial_rho_pct_strat_hi,partial_rho_plus_k,bootstrap_nan_reps
pooled,rc2_solve_s,a05_ert_s,primary,70,0,47,0.087,-0.123,0.291,-0.128,0.288,-0.159,0.333,-0.151,0.316,0.4725,0.235,0.052,0.382,0.337,0
pooled,rc2_solve_s,a05_ert_children,primary,70,0,34,0.092,-0.119,0.296,-0.12,0.294,-0.162,0.333,-0.147,0.32,0.4507,0.233,nan,nan,0.348,0
pooled,rc2_solve_s,a05_ert_flips,primary,70,0,70,0.051,-0.155,0.262,-0.158,0.257,-0.205,0.298,-0.187,0.282,0.6773,0.165,-0.028,0.328,0.288,0
pooled,rc2_solve_s,a05_median_ttt_s,primary,66,4,33,-0.005,-0.203,0.197,-0.205,0.193,-0.254,0.243,-0.247,0.237,0.969,0.113,nan,nan,0.218,0
pooled,rc2_solve_s,a05_succ,primary,70,0,2,-0.183,-0.329,-0.009,-0.323,0.0,-0.345,0.033,-0.402,0.057,0.1299,-0.217,nan,nan,-0.307,75
pooled,rc2_solve_s,a35_ert_s,primary,70,0,69,0.07,-0.15,0.277,-0.154,0.274,-0.177,0.304,-0.168,0.301,0.5632,0.193,0.011,0.351,0.294,0
pooled,rc2_solve_s,a35_ert_children,primary,70,0,24,0.051,-0.152,0.255,-0.153,0.255,-0.192,0.294,-0.186,0.283,0.6737,0.153,nan,nan,0.313,0
pooled,rc2_solve_s,a35_ert_flips,primary,70,0,24,0.051,-0.152,0.26,-0.154,0.257,-0.19,0.289,-0.186,0.283,0.6737,0.153,-0.013,0.311,0.313,0
pooled,rc2_solve_s,a35_median_ttt_s,primary,70,0,68,0.104,-0.096,0.299,-0.099,0.296,-0.138,0.337,-0.135,0.331,0.3937,0.206,nan,nan,0.314,0
pooled,rc2_solve_s,a35_succ,primary,70,0,2,-0.051,-0.17,0.076,-0.178,0.076,-0.204,0.093,-0.283,0.186,0.6754,-0.07,nan,nan,-0.172,813
pooled,c_star,a05_ert_s,primary,70,0,47,-0.121,-0.239,-0.017,-0.236,-0.015,-0.38,0.152,-0.347,0.118,0.3193,nan,nan,nan,nan,0
pooled,c_star,a05_ert_children,primary,70,0,34,-0.133,-0.26,-0.023,-0.256,-0.02,-0.391,0.138,-0.358,0.106,0.2716,nan,nan,nan,nan,0
pooled,c_star,a05_ert_flips,primary,70,0,70,-0.118,-0.26,0.009,-0.256,0.011,-0.373,0.148,-0.344,0.121,0.3305,nan,nan,nan,nan,0
pooled,c_star,a05_median_ttt_s,primary,66,4,33,-0.098,-0.259,0.05,-0.255,0.053,-0.359,0.188,-0.332,0.148,0.4354,nan,nan,nan,nan,0
pooled,c_star,a05_succ,primary,70,0,2,0.229,-0.069,0.426,-0.018,0.427,-0.094,0.441,-0.009,0.443,0.0566,nan,nan,nan,nan,64
pooled,c_star,a35_ert_s,primary,70,0,69,-0.229,-0.354,-0.107,-0.353,-0.107,-0.481,0.055,-0.443,0.01,0.0569,nan,nan,nan,nan,0
pooled,c_star,a35_ert_children,primary,70,0,24,-0.273,-0.426,-0.129,-0.422,-0.125,-0.53,0.016,-0.481,-0.036,0.0221,nan,nan,nan,nan,0
pooled,c_star,a35_ert_flips,primary,70,0,24,-0.273,-0.419,-0.127,-0.419,-0.127,-0.528,0.015,-0.481,-0.036,0.0221,nan,nan,nan,nan,0
pooled,c_star,a35_median_ttt_s,primary,70,0,68,-0.229,-0.345,-0.126,-0.343,-0.123,-0.478,0.058,-0.442,0.01,0.0571,nan,nan,nan,nan,0
pooled,c_star,a35_succ,primary,70,0,2,0.264,0.185,0.379,0.185,0.379,0.179,0.42,0.027,0.473,0.0274,nan,nan,nan,nan,809
pooled,rc2_s_per_oracle_call,a05_ert_s,primary,70,0,47,0.159,-0.012,0.325,-0.018,0.318,-0.082,0.379,-0.08,0.381,0.1883,nan,nan,nan,nan,0
pooled,rc2_s_per_oracle_call,a05_ert_children,primary,70,0,34,0.171,-0.011,0.344,-0.014,0.34,-0.074,0.399,-0.069,0.391,0.158,nan,nan,nan,nan,0
pooled,rc2_s_per_oracle_call,a05_ert_flips,primary,70,0,70,0.13,-0.054,0.309,-0.055,0.308,-0.121,0.36,-0.109,0.355,0.2825,nan,nan,nan,nan,0
pooled,rc2_s_per_oracle_call,a05_median_ttt_s,primary,66,4,33,0.083,-0.093,0.261,-0.097,0.257,-0.142,0.306,-0.163,0.319,0.51,nan,nan,nan,nan,0
pooled,rc2_s_per_oracle_call,a05_succ,primary,70,0,2,-0.302,-0.46,-0.14,-0.441,-0.12,-0.477,-0.059,-0.505,-0.066,0.0112,nan,nan,nan,nan,89
pooled,rc2_s_per_oracle_call,a35_ert_s,primary,70,0,69,0.217,0.044,0.386,0.037,0.381,-0.026,0.438,-0.022,0.432,0.0714,nan,nan,nan,nan,0
pooled,rc2_s_per_oracle_call,a35_ert_children,primary,70,0,24,0.225,0.058,0.388,0.05,0.382,-0.011,0.44,-0.013,0.44,0.0607,nan,nan,nan,nan,0
pooled,rc2_s_per_oracle_call,a35_ert_flips,primary,70,0,24,0.225,0.058,0.384,0.055,0.383,-0.012,0.441,-0.013,0.44,0.0607,nan,nan,nan,nan,0
pooled,rc2_s_per_oracle_call,a35_median_ttt_s,primary,70,0,68,0.248,0.089,0.399,0.086,0.397,0.009,0.463,0.01,0.459,0.0386,nan,nan,nan,nan,0
pooled,rc2_s_per_oracle_call,a35_succ,primary,70,0,2,-0.263,-0.384,-0.176,-0.384,-0.176,-0.424,-0.17,-0.472,-0.026,0.0278,nan,nan,nan,nan,864
k2,rc2_solve_s,a05_ert_s,primary,26,0,26,0.676,0.507,0.809,0.474,0.793,0.404,0.841,0.353,0.855,0.0002,0.5,0.169,0.702,nan,0
k2,rc2_solve_s,a05_ert_children,primary,26,0,20,0.673,0.508,0.793,0.475,0.781,0.41,0.829,0.349,0.854,0.0002,0.484,nan,nan,nan,0
k2,rc2_solve_s,a05_ert_flips,primary,26,0,26,0.635,0.465,0.756,0.433,0.746,0.381,0.783,0.293,0.833,0.0005,0.451,0.122,0.664,nan,0
k2,rc2_solve_s,a05_median_ttt_s,primary,25,1,18,0.554,0.274,0.742,0.279,0.745,0.21,0.785,0.173,0.79,0.0041,0.401,nan,nan,nan,0
k2,rc2_solve_s,a05_succ,primary,26,0,2,-0.253,-0.28,-0.147,-0.456,-0.2,-0.507,-0.174,-0.588,0.155,0.2118,-0.157,nan,nan,nan,3163
k2,rc2_solve_s,a35_ert_s,primary,26,0,25,0.57,0.267,0.788,0.278,0.797,0.199,0.822,0.204,0.796,0.0024,0.397,0.073,0.663,nan,0
k2,rc2_solve_s,a35_ert_children,primary,26,0,11,0.493,0.194,0.734,0.197,0.736,0.149,0.76,0.106,0.75,0.0106,0.402,nan,nan,nan,0
k2,rc2_solve_s,a35_ert_flips,primary,26,0,11,0.493,0.192,0.726,0.196,0.729,0.132,0.765,0.106,0.75,0.0106,0.402,0.072,0.653,nan,0
k2,rc2_solve_s,a35_median_ttt_s,primary,26,0,26,0.627,0.409,0.794,0.408,0.793,0.303,0.838,0.282,0.829,0.0006,0.446,nan,nan,nan,0
k2,rc2_solve_s,a35_succ,primary,26,0,1,nan,nan,nan,nan,nan,nan,nan,nan,nan,,0.019,nan,nan,nan,10000
k2,c_star,a05_ert_s,primary,26,0,26,-0.127,-0.43,0.19,-0.475,0.153,-0.513,0.254,-0.491,0.276,0.5375,nan,nan,nan,nan,0
k2,c_star,a05_ert_children,primary,26,0,20,-0.103,-0.429,0.214,-0.467,0.183,-0.502,0.288,-0.472,0.297,0.6177,nan,nan,nan,nan,0
k2,c_star,a05_ert_flips,primary,26,0,26,0.024,-0.351,0.385,-0.394,0.357,-0.418,0.42,-0.367,0.408,0.9072,nan,nan,nan,nan,0
k2,c_star,a05_median_ttt_s,primary,25,1,18,-0.171,-0.493,0.166,-0.539,0.121,-0.558,0.232,-0.533,0.243,0.4136,nan,nan,nan,nan,0
k2,c_star,a05_succ,primary,26,0,2,0.107,0.013,0.174,0.054,0.267,-0.027,0.311,-0.293,0.476,0.6025,nan,nan,nan,nan,3223
k2,c_star,a35_ert_s,primary,26,0,25,-0.219,-0.482,0.125,-0.51,0.085,-0.571,0.195,-0.562,0.188,0.2819,nan,nan,nan,nan,0
k2,c_star,a35_ert_children,primary,26,0,11,0.02,-0.292,0.33,-0.302,0.321,-0.379,0.438,-0.37,0.404,0.9224,nan,nan,nan,nan,0
k2,c_star,a35_ert_flips,primary,26,0,11,0.02,-0.28,0.342,-0.296,0.329,-0.391,0.432,-0.37,0.404,0.9224,nan,nan,nan,nan,0
k2,c_star,a35_median_ttt_s,primary,26,0,26,-0.189,-0.443,0.149,-0.48,0.104,-0.538,0.215,-0.54,0.217,0.3538,nan,nan,nan,nan,0
k2,c_star,a35_succ,primary,26,0,1,nan,nan,nan,nan,nan,nan,nan,nan,nan,,nan,nan,nan,nan,10000
k2,rc2_s_per_oracle_call,a05_ert_s,primary,26,0,26,0.67,0.466,0.805,0.45,0.798,0.377,0.846,0.345,0.852,0.0002,nan,nan,nan,nan,0
k2,rc2_s_per_oracle_call,a05_ert_children,primary,26,0,20,0.661,0.448,0.797,0.434,0.794,0.374,0.841,0.33,0.847,0.0002,nan,nan,nan,nan,0
k2,rc2_s_per_oracle_call,a05_ert_flips,primary,26,0,26,0.588,0.325,0.748,0.324,0.748,0.272,0.805,0.228,0.807,0.0016,nan,nan,nan,nan,0
k2,rc2_s_per_oracle_call,a05_median_ttt_s,primary,25,1,18,0.546,0.26,0.743,0.268,0.748,0.21,0.784,0.163,0.786,0.0048,nan,nan,nan,nan,0
k2,rc2_s_per_oracle_call,a05_succ,primary,26,0,2,-0.28,-0.308,-0.174,-0.506,-0.227,-0.555,-0.201,-0.607,0.128,0.1659,nan,nan,nan,nan,3192
k2,rc2_s_per_oracle_call,a35_ert_s,primary,26,0,25,0.582,0.277,0.802,0.291,0.809,0.21,0.833,0.22,0.803,0.0018,nan,nan,nan,nan,0
k2,rc2_s_per_oracle_call,a35_ert_children,primary,26,0,11,0.433,0.12,0.69,0.126,0.694,0.06,0.751,0.037,0.712,0.0269,nan,nan,nan,nan,0
k2,rc2_s_per_oracle_call,a35_ert_flips,primary,26,0,11,0.433,0.12,0.698,0.125,0.7,0.051,0.741,0.037,0.712,0.0269,nan,nan,nan,nan,0
k2,rc2_s_per_oracle_call,a35_median_ttt_s,primary,26,0,26,0.638,0.402,0.797,0.408,0.8,0.311,0.841,0.298,0.835,0.0005,nan,nan,nan,nan,0
k2,rc2_s_per_oracle_call,a35_succ,primary,26,0,1,nan,nan,nan,nan,nan,nan,nan,nan,nan,,nan,nan,nan,nan,10000
k3,rc2_solve_s,a05_ert_s,primary,44,0,27,-0.092,-0.355,0.196,-0.369,0.182,-0.398,0.22,-0.379,0.212,0.5543,0.003,-0.223,0.226,nan,0
k3,rc2_solve_s,a05_ert_children,primary,44,0,20,-0.122,-0.395,0.172,-0.402,0.165,-0.431,0.201,-0.405,0.183,0.4319,0.052,nan,nan,nan,0
k3,rc2_solve_s,a05_ert_flips,primary,44,0,44,-0.176,-0.453,0.126,-0.457,0.119,-0.492,0.167,-0.451,0.13,0.253,0.084,-0.147,0.289,nan,0
k3,rc2_solve_s,a05_median_ttt_s,primary,41,3,18,-0.233,-0.461,0.027,-0.462,0.023,-0.524,0.093,-0.507,0.085,0.1433,-0.068,nan,nan,nan,0
k3,rc2_solve_s,a05_succ,primary,44,0,2,-0.153,-0.336,0.054,-0.33,0.066,-0.361,0.086,-0.432,0.153,0.3225,-0.409,nan,nan,nan,202
k3,rc2_solve_s,a35_ert_s,primary,44,0,44,-0.05,-0.322,0.245,-0.341,0.227,-0.359,0.265,-0.342,0.251,0.747,-0.016,-0.231,0.211,nan,0
k3,rc2_solve_s,a35_ert_children,primary,44,0,17,-0.145,-0.396,0.13,-0.401,0.127,-0.446,0.168,-0.425,0.161,0.3489,0.131,nan,nan,nan,0
k3,rc2_solve_s,a35_ert_flips,primary,44,0,17,-0.145,-0.399,0.124,-0.405,0.119,-0.439,0.171,-0.425,0.161,0.3489,0.131,-0.072,0.337,nan,0
k3,rc2_solve_s,a35_median_ttt_s,primary,44,0,42,-0.021,-0.285,0.248,-0.288,0.246,-0.32,0.289,-0.316,0.277,0.8909,0.049,nan,nan,nan,0
k3,rc2_solve_s,a35_succ,primary,44,0,2,-0.06,-0.206,0.103,-0.206,0.099,-0.256,0.138,-0.351,0.241,0.6981,-0.203,nan,nan,nan,840
k3,c_star,a05_ert_s,primary,44,0,27,-0.765,-0.84,-0.651,-0.853,-0.672,-0.876,-0.576,-0.876,-0.579,0.0,nan,nan,nan,nan,0
k3,c_star,a05_ert_children,primary,44,0,20,-0.802,-0.863,-0.738,-0.868,-0.744,-0.891,-0.649,-0.897,-0.636,0.0,nan,nan,nan,nan,0
k3,c_star,a05_ert_flips,primary,44,0,44,-0.721,-0.826,-0.601,-0.833,-0.608,-0.867,-0.497,-0.849,-0.512,0.0,nan,nan,nan,nan,0
k3,c_star,a05_median_ttt_s,primary,41,3,18,-0.61,-0.753,-0.462,-0.76,-0.469,-0.804,-0.322,-0.784,-0.347,0.0,nan,nan,nan,nan,0
k3,c_star,a05_succ,primary,44,0,2,0.387,0.218,0.568,0.218,0.568,0.218,0.565,0.09,0.62,0.0095,nan,nan,nan,nan,250
k3,c_star,a35_ert_s,primary,44,0,44,-0.762,-0.832,-0.685,-0.836,-0.689,-0.881,-0.548,-0.874,-0.573,0.0,nan,nan,nan,nan,0
k3,c_star,a35_ert_children,primary,44,0,17,-0.795,-0.854,-0.726,-0.857,-0.73,-0.885,-0.646,-0.893,-0.626,0.0,nan,nan,nan,nan,0
k3,c_star,a35_ert_flips,primary,44,0,17,-0.795,-0.853,-0.726,-0.858,-0.731,-0.884,-0.647,-0.893,-0.626,0.0,nan,nan,nan,nan,0
k3,c_star,a35_median_ttt_s,primary,44,0,42,-0.733,-0.806,-0.664,-0.807,-0.665,-0.874,-0.492,-0.856,-0.53,0.0,nan,nan,nan,nan,0
k3,c_star,a35_succ,primary,44,0,2,0.312,0.218,0.454,0.218,0.456,0.206,0.493,0.009,0.562,0.0393,nan,nan,nan,nan,877
k3,rc2_s_per_oracle_call,a05_ert_s,primary,44,0,27,0.345,0.067,0.559,0.084,0.57,0.033,0.595,0.044,0.588,0.022,nan,nan,nan,nan,0
k3,rc2_s_per_oracle_call,a05_ert_children,primary,44,0,20,0.324,0.046,0.55,0.057,0.559,0.007,0.6,0.022,0.572,0.032,nan,nan,nan,nan,0
k3,rc2_s_per_oracle_call,a05_ert_flips,primary,44,0,44,0.213,-0.072,0.463,-0.067,0.468,-0.138,0.521,-0.093,0.482,0.1646,nan,nan,nan,nan,0
k3,rc2_s_per_oracle_call,a05_median_ttt_s,primary,41,3,18,0.135,-0.128,0.37,-0.115,0.383,-0.159,0.417,-0.182,0.426,0.3999,nan,nan,nan,nan,0
k3,rc2_s_per_oracle_call,a05_succ,primary,44,0,2,-0.408,-0.567,-0.234,-0.553,-0.222,-0.59,-0.222,-0.636,-0.114,0.0059,nan,nan,nan,nan,228
k3,rc2_s_per_oracle_call,a35_ert_s,primary,44,0,44,0.393,0.117,0.607,0.126,0.614,0.085,0.64,0.097,0.625,0.0083,nan,nan,nan,nan,0
k3,rc2_s_per_oracle_call,a35_ert_children,primary,44,0,17,0.327,0.055,0.535,0.072,0.546,0.009,0.585,0.025,0.574,0.0305,nan,nan,nan,nan,0
k3,rc2_s_per_oracle_call,a35_ert_flips,primary,44,0,17,0.327,0.062,0.534,0.078,0.543,0.014,0.59,0.025,0.574,0.0305,nan,nan,nan,nan,0
k3,rc2_s_per_oracle_call,a35_median_ttt_s,primary,44,0,42,0.428,0.167,0.627,0.187,0.642,0.135,0.669,0.137,0.651,0.0037,nan,nan,nan,nan,0
k3,rc2_s_per_oracle_call,a35_succ,primary,44,0,2,-0.309,-0.46,-0.198,-0.461,-0.198,-0.499,-0.186,-0.56,-0.006,0.041,nan,nan,nan,nan,796
tier2_group,rc2_solve_s,a05_ert_s,primary,46,0,35,0.209,-0.059,0.44,-0.057,0.443,-0.092,0.485,-0.09,0.473,0.1639,0.145,-0.076,0.366,nan,0
tier2_group,rc2_solve_s,a05_ert_children,primary,46,0,27,0.223,-0.051,0.459,-0.044,0.466,-0.092,0.505,-0.075,0.485,0.1358,0.16,nan,nan,nan,0
tier2_group,rc2_solve_s,a05_ert_flips,primary,46,0,46,0.227,-0.043,0.474,-0.04,0.476,-0.096,0.513,-0.072,0.488,0.1292,0.163,-0.08,0.404,nan,0
tier2_group,rc2_solve_s,a05_median_ttt_s,primary,42,4,22,0.039,-0.195,0.281,-0.195,0.281,-0.275,0.349,-0.268,0.339,0.8041,0.003,nan,nan,nan,0
tier2_group,rc2_solve_s,a05_succ,primary,46,0,2,-0.256,-0.488,0.105,-0.496,0.084,-0.508,0.123,-0.512,0.042,0.0863,-0.178,nan,nan,nan,31
tier2_group,rc2_solve_s,a35_ert_s,primary,46,0,45,0.169,-0.118,0.416,-0.114,0.419,-0.143,0.454,-0.129,0.44,0.2607,0.051,-0.173,0.292,nan,0
tier2_group,rc2_solve_s,a35_ert_children,primary,46,0,18,0.165,-0.108,0.41,-0.109,0.409,-0.147,0.452,-0.133,0.436,0.2727,0.074,nan,nan,nan,0
tier2_group,rc2_solve_s,a35_ert_flips,primary,46,0,18,0.165,-0.103,0.411,-0.105,0.409,-0.146,0.451,-0.133,0.436,0.2727,0.074,-0.152,0.289,nan,0
tier2_group,rc2_solve_s,a35_median_ttt_s,primary,46,0,45,0.241,-0.035,0.481,-0.03,0.487,-0.062,0.515,-0.058,0.499,0.1073,0.163,nan,nan,nan,0
tier2_group,rc2_solve_s,a35_succ,primary,46,0,2,-0.032,-0.241,0.177,-0.257,0.177,-0.289,0.229,-0.32,0.261,0.8322,0.072,nan,nan,nan,716
tier2_group,c_star,a05_ert_s,primary,46,0,35,0.005,-0.116,0.111,-0.112,0.115,-0.315,0.327,-0.286,0.295,0.9752,nan,nan,nan,nan,0
tier2_group,c_star,a05_ert_children,primary,46,0,27,0.009,-0.122,0.119,-0.113,0.129,-0.323,0.335,-0.282,0.299,0.9506,nan,nan,nan,nan,0
tier2_group,c_star,a05_ert_flips,primary,46,0,46,0.007,-0.145,0.144,-0.141,0.149,-0.312,0.33,-0.284,0.296,0.9648,nan,nan,nan,nan,0
tier2_group,c_star,a05_median_ttt_s,primary,42,4,22,0.091,-0.118,0.271,-0.102,0.283,-0.24,0.398,-0.22,0.384,0.5685,nan,nan,nan,nan,0
tier2_group,c_star,a05_succ,primary,46,0,2,0.289,-0.023,0.479,-0.017,0.48,-0.126,0.558,-0.008,0.539,0.0515,nan,nan,nan,nan,33
tier2_group,c_star,a35_ert_s,primary,46,0,45,-0.122,-0.284,0.025,-0.275,0.034,-0.448,0.227,-0.399,0.176,0.4194,nan,nan,nan,nan,0
tier2_group,c_star,a35_ert_children,primary,46,0,18,-0.139,-0.325,0.037,-0.318,0.042,-0.468,0.226,-0.414,0.159,0.357,nan,nan,nan,nan,0
tier2_group,c_star,a35_ert_flips,primary,46,0,18,-0.139,-0.32,0.041,-0.313,0.047,-0.473,0.227,-0.414,0.159,0.357,nan,nan,nan,nan,0
tier2_group,c_star,a35_median_ttt_s,primary,46,0,45,-0.127,-0.271,0.0,-0.264,0.007,-0.442,0.218,-0.403,0.171,0.4021,nan,nan,nan,nan,0
tier2_group,c_star,a35_succ,primary,46,0,2,0.331,0.231,0.479,0.231,0.479,0.222,0.516,0.037,0.572,0.0248,nan,nan,nan,nan,737
tier2_group,rc2_s_per_oracle_call,a05_ert_s,primary,46,0,35,0.106,-0.024,0.259,-0.035,0.247,-0.207,0.398,-0.191,0.385,0.4826,nan,nan,nan,nan,0
tier2_group,rc2_s_per_oracle_call,a05_ert_children,primary,46,0,27,0.12,-0.02,0.286,-0.031,0.271,-0.205,0.408,-0.177,0.397,0.4269,nan,nan,nan,nan,0
tier2_group,rc2_s_per_oracle_call,a05_ert_flips,primary,46,0,46,0.127,-0.032,0.322,-0.048,0.304,-0.2,0.424,-0.171,0.404,0.3995,nan,nan,nan,nan,0
tier2_group,rc2_s_per_oracle_call,a05_median_ttt_s,primary,42,4,22,-0.055,-0.239,0.155,-0.245,0.148,-0.364,0.243,-0.353,0.254,0.7312,nan,nan,nan,nan,0
tier2_group,rc2_s_per_oracle_call,a05_succ,primary,46,0,2,-0.366,-0.511,-0.149,-0.506,-0.149,-0.584,-0.05,-0.6,-0.075,0.0123,nan,nan,nan,nan,18
tier2_group,rc2_s_per_oracle_call,a35_ert_s,primary,46,0,45,0.176,0.032,0.338,0.024,0.329,-0.138,0.464,-0.123,0.445,0.2421,nan,nan,nan,nan,0
tier2_group,rc2_s_per_oracle_call,a35_ert_children,primary,46,0,18,0.201,0.043,0.378,0.035,0.367,-0.134,0.49,-0.098,0.466,0.1809,nan,nan,nan,nan,0
tier2_group,rc2_s_per_oracle_call,a35_ert_flips,primary,46,0,18,0.201,0.048,0.383,0.034,0.366,-0.132,0.497,-0.098,0.466,0.1809,nan,nan,nan,nan,0
tier2_group,rc2_s_per_oracle_call,a35_median_ttt_s,primary,46,0,45,0.221,0.08,0.382,0.072,0.372,-0.103,0.5,-0.078,0.483,0.1408,nan,nan,nan,nan,0
tier2_group,rc2_s_per_oracle_call,a35_succ,primary,46,0,2,-0.329,-0.477,-0.219,-0.488,-0.23,-0.516,-0.219,-0.571,-0.035,0.0255,nan,nan,nan,nan,743
