instance,group,n_vars,c_star,rc2_solve_s,rc2_cap_s,local_multistart_deeppolish_runs,local_multistart_deeppolish_succ,local_multistart_deeppolish_ert_s,memetic_base_runs,memetic_base_succ,memetic_base_ert_s,memetic_deeppolish_runs,memetic_deeppolish_succ,memetic_deeppolish_ert_s,memetic_pop150_runs,memetic_pop150_succ,memetic_pop150_ert_s
data/unsat250_1000c/uuf250-072.cnf,uuf250_1000c,250,1,63.1,900.0,5,5,20.51,5,3,614.11,5,5,25.3,5,3,651.89
data/unsat_uuf_diff/uuf250-03.cnf,uuf_diff_unsat,250,1,67.723,600.0,5,5,16.79,5,4,266.17,5,5,18.76,5,5,17.19
data/unsat250_1000c/uuf250-089.cnf,uuf250_1000c,250,1,70.743,900.0,5,5,94.39,5,5,84.35,5,5,14.33,5,5,22.12
data/unsat_uuf_diff/uuf250-05.cnf,uuf_diff_unsat,250,1,75.776,600.0,5,4,471.97,5,3,620.37,5,5,42.95,5,4,264.13
data/unsat250_1000c/uuf250-079.cnf,uuf250_1000c,250,1,81.058,900.0,5,5,171.29,5,1,3611.07,5,5,125.12,5,2,1396.41
data/unsat250_1000c/uuf250-066.cnf,uuf250_1000c,250,1,106.544,900.0,5,5,138.64,5,0,,5,4,245.4,5,4,246.88
data/unsat250_1000c/uuf250-071.cnf,uuf250_1000c,250,1,106.725,900.0,5,4,618.79,5,2,1353.89,5,3,621.99,5,4,248.6
data/unsat250_1000c/uuf250-081.cnf,uuf250_1000c,250,1,110.62,900.0,5,3,794.34,5,1,3604.04,5,5,97.46,5,3,648.5
data/unsat_uuf_diff/uuf250-010.cnf,uuf_diff_unsat,250,1,121.311,600.0,5,5,209.21,5,2,1355.49,5,5,28.22,5,3,613.98
data/unsat250_1000c/uuf250-093.cnf,uuf250_1000c,250,1,127.973,900.0,5,5,12.37,5,5,9.79,5,5,21.48,5,5,15.65
data/unsat250_1000c/uuf250-099.cnf,uuf250_1000c,250,1,128.158,900.0,5,5,329.67,5,0,,5,4,258.3,5,1,4276.3
data/unsat_uuf_diff/uuf200-02.cnf,uuf_diff_unsat,200,2,128.5,600.0,5,5,11.75,5,5,6.0,5,5,9.17,5,5,5.54
data/unsat250_1000c/uuf250-094.cnf,uuf250_1000c,250,1,129.716,900.0,5,5,68.05,5,4,233.87,5,5,29.03,5,4,249.76
data/unsat250_1000c/uuf250-070.cnf,uuf250_1000c,250,1,145.584,900.0,5,5,325.91,5,0,,5,3,617.31,5,1,3622.24
data/unsat250_1000c/uuf250-096.cnf,uuf250_1000c,250,1,149.447,900.0,5,5,348.28,5,2,1358.66,5,4,428.21,5,4,390.62
data/unsat250_1000c/uuf250-090.cnf,uuf250_1000c,250,1,151.173,900.0,5,5,287.07,5,5,23.05,5,5,37.4,5,5,30.55
data/unsat_uuf_diff/uuf250-07.cnf,uuf_diff_unsat,250,1,154.694,600.0,5,5,141.15,5,4,242.92,5,5,45.15,5,5,54.46
data/unsat_uuf_diff/uuf250-06.cnf,uuf_diff_unsat,250,1,185.431,600.0,5,5,259.88,5,4,402.41,5,5,35.67,5,5,71.81
data/unsat250_1000c/uuf250-080.cnf,uuf250_1000c,250,1,212.418,900.0,5,5,248.31,5,0,,5,3,674.88,5,0,
data/unsat250_1000c/uuf250-0100.cnf,uuf250_1000c,250,1,219.129,900.0,5,5,223.23,5,5,11.11,5,5,28.32,5,5,16.14
data/unsat250_1000c/uuf250-075.cnf,uuf250_1000c,250,1,269.613,900.0,5,5,53.11,5,5,81.97,5,5,16.96,5,5,15.19
data/unsat_uuf_diff/uuf200-01.cnf,uuf_diff_unsat,200,2,307.403,600.0,5,5,63.27,5,0,,5,4,388.44,5,3,684.95
data/unsat250_1000c/uuf250-098.cnf,uuf250_1000c,250,1,311.374,900.0,5,4,399.31,5,0,,5,3,628.53,5,0,
data/unsat_uuf_diff/uuf250-09.cnf,uuf_diff_unsat,250,1,383.872,600.0,5,5,219.57,5,2,1355.2,5,5,53.2,5,3,627.2
data/unsat250_1000c/uuf250-087.cnf,uuf250_1000c,250,1,436.684,900.0,5,5,44.93,5,4,310.07,5,5,22.01,5,5,63.4
data/unsat250_1000c/uuf250-097.cnf,uuf250_1000c,250,1,495.832,900.0,5,4,484.7,5,4,241.89,5,5,40.63,5,5,22.69
