scope,y,N,n_distinct_y,alpha_range,c_star_range,rho,ci_pct_strat_lo,ci_pct_strat_hi,ci_bonett_wright_lo,ci_bonett_wright_hi
row k2 n100,a05_ert_s,6,6,4.0-6.0,31-50,0.2,,,,
row k2 n150,a05_ert_s,7,7,3.0-3.3,23-28,0.786,,,,
row k2 n250,a05_ert_s,2,2,2.35-2.35,18-22,,,,,
row k2 n400,a05_ert_s,11,11,2.0-2.3,18-23,0.827,,,,
row k3 n50,a05_ert_s,14,5,8.0-9.0,9-13,0.139,,,,
row k3 n70,a05_ert_s,13,9,6.0-6.5,5-8,0.195,,,,
row k3 n100,a05_ert_s,7,7,5.0-5.5,4-5,-0.143,,,,
row k3 n150,a05_ert_s,2,2,4.8-5.0,2-3,,,,,
row k3 n250,a05_ert_s,8,8,4.26-4.35,1-1,0.381,,,,
within-row pooled pooled,a05_ert_s,66,,,,0.342,0.115,0.542,0.102,0.544
within-row pooled k2,a05_ert_s,24,,,,0.66,0.456,0.818,0.31,0.852
within-row pooled k3,a05_ert_s,42,,,,0.156,-0.173,0.455,-0.157,0.441
row k2 n100,a05_ert_children,6,5,4.0-6.0,31-50,0.319,,,,
row k2 n150,a05_ert_children,7,5,3.0-3.3,23-28,0.778,,,,
row k2 n250,a05_ert_children,2,2,2.35-2.35,18-22,,,,,
row k2 n400,a05_ert_children,11,11,2.0-2.3,18-23,0.827,,,,
row k3 n50,a05_ert_children,14,1,8.0-9.0,9-13,nan,,,,
row k3 n70,a05_ert_children,13,6,6.0-6.5,5-8,0.063,,,,
row k3 n100,a05_ert_children,7,6,5.0-5.5,4-5,-0.036,,,,
row k3 n150,a05_ert_children,2,2,4.8-5.0,2-3,,,,,
row k3 n250,a05_ert_children,8,8,4.26-4.35,1-1,0.381,,,,
within-row pooled pooled,a05_ert_children,66,,,,0.347,0.131,0.55,0.107,0.549
within-row pooled k2,a05_ert_children,24,,,,0.688,0.508,0.827,0.352,0.867
within-row pooled k3,a05_ert_children,42,,,,0.107,-0.202,0.436,-0.204,0.399
row k2 n100,a35_ert_s,6,6,4.0-6.0,31-50,0.714,,,,
row k2 n150,a35_ert_s,7,7,3.0-3.3,23-28,0.393,,,,
row k2 n250,a35_ert_s,2,2,2.35-2.35,18-22,,,,,
row k2 n400,a35_ert_s,11,11,2.0-2.3,18-23,0.591,,,,
row k3 n50,a35_ert_s,14,14,8.0-9.0,9-13,0.393,,,,
row k3 n70,a35_ert_s,13,13,6.0-6.5,5-8,-0.022,,,,
row k3 n100,a35_ert_s,7,7,5.0-5.5,4-5,0.071,,,,
row k3 n150,a35_ert_s,2,2,4.8-5.0,2-3,,,,,
row k3 n250,a35_ert_s,8,8,4.26-4.35,1-1,0.262,,,,
within-row pooled pooled,a35_ert_s,66,,,,0.323,0.11,0.516,0.082,0.529
within-row pooled k2,a35_ert_s,24,,,,0.564,0.256,0.781,0.176,0.8
within-row pooled k3,a35_ert_s,42,,,,0.186,-0.105,0.46,-0.127,0.466
row k2 n100,a35_ert_children,6,4,4.0-6.0,31-50,0.794,,,,
row k2 n150,a35_ert_children,7,4,3.0-3.3,23-28,0.591,,,,
row k2 n250,a35_ert_children,2,1,2.35-2.35,18-22,,,,,
row k2 n400,a35_ert_children,11,8,2.0-2.3,18-23,0.563,,,,
row k3 n50,a35_ert_children,14,1,8.0-9.0,9-13,nan,,,,
row k3 n70,a35_ert_children,13,3,6.0-6.5,5-8,-0.056,,,,
row k3 n100,a35_ert_children,7,5,5.0-5.5,4-5,-0.037,,,,
row k3 n150,a35_ert_children,2,2,4.8-5.0,2-3,,,,,
row k3 n250,a35_ert_children,8,8,4.26-4.35,1-1,0.262,,,,
within-row pooled pooled,a35_ert_children,66,,,,0.293,0.07,0.5,0.049,0.503
within-row pooled k2,a35_ert_children,24,,,,0.629,0.343,0.828,0.265,0.836
within-row pooled k3,a35_ert_children,42,,,,0.043,-0.246,0.353,-0.264,0.343
