n,alpha,m,n_eps3,gen_seed,instance_sha256,status,completed,solve_s,c_star,lower_bound,error
2000,1.1,2200,2.0,9101,f22babcaedfde7d5772b42b25eab99cff5ba721fa7bc80aaa64b3057aeaec538,optimal,True,0.015,0,,
2000,1.15,2300,6.75,9102,3d68e1ddfd30ef9ae9cd375c742caa2136c71eeec56b31b136dbd96222e4d3e3,optimal,True,0.018,3,,
2000,1.2,2400,16.0,9103,5c0afe65ad9594b983a16ea046c1b9da0b539a83b0438e2f50683d57c2dc306c,optimal,True,0.015,1,,
8000,1.1,8800,8.0,9111,68935ccfdafa1f01e8c4064b7ad66b374f26e04db01af704651e3845212de7df,optimal,True,0.046,0,,
8000,1.1,8800,8.0,9112,8d3bac1ce98df099f6f446653f803c94aa3af8e2e64fcae7949d0a1942b05266,optimal,True,0.055,1,,
8000,1.15,9200,27.0,9113,f362eaacc01fbabad67c68b0f4d7cdff861b07ea7fbfbd9c1fe3dac97661d88d,optimal,True,0.106,4,,
8000,1.15,9200,27.0,9114,df5429796246bdc80c7b5f69881691f77312180983e946e4444a85530d5621dc,optimal,True,0.067,5,,
8000,1.2,9600,64.0,9115,b2d8ce778e6ae33540eeebbd5877cf3673abb9e39b4603a99dcd2b82bb70702f,optimal,True,1.028,8,,
8000,1.2,9600,64.0,9116,bf7ff54c29a7033e8b3f2066332829cb2fc9ed0de8bf712ee0fe9f89bf9d769e,optimal,True,160.935,11,,
32000,1.1,35200,32.0,9121,68580e78207457c567526c5565bbb567273cadfa49afd6d3973b5a966cb52e94,optimal,True,0.303,5,,
32000,1.1,35200,32.0,9122,753a99c81a0d9f7cf12622848b071fa164c27099ad217563a3d71036838182fa,optimal,True,0.396,3,,
32000,1.15,36800,108.0,9123,a43705273908a39a50a8a912fa35b219cbdf317c1fd95f23865e7cce2a6de4f0,optimal,True,9.271,8,,
32000,1.15,36800,108.0,9124,b03d71410456c990c7ec197c32e2b4ea6e951910c2111f5b6b303085dfcc8af2,optimal,True,84.803,13,,
32000,1.2,38400,256.0,9125,c872a1d76d785f9ef574c4fbbda9e6a1791a48dda594726465080dfa421cde87,subprocess_killed,False,960.11,,19,subprocess_killed_at_cap+60.0s; recovered_lb_from_progress_file
32000,1.2,38400,256.0,9126,e16f22127b649843227150af1522b0591af5b5aa07a5d49cc60c8ac7df59c11a,subprocess_killed,False,960.025,,18,subprocess_killed_at_cap+60.0s; recovered_lb_from_progress_file
