config_id,analysis_group,pop_idx,instance,m,tasks,successes,success_rate,median_ttt_s,n_success,n_target_after_budget,n_budget_exhausted,n_watchdog,n_max_gens,n_cost_mismatch,n_invalid_submission,n_infra_error,n_infra_missing,median_generations,median_children,median_mean_flips_per_call,median_wall_per_child_s,max_overshoot_s,min_cpu_wall_ratio
memetic_deeppolish_p40_ls0p5_clip,lower_ext,10,data/generated/calib_a/wksat_v400_k2_sr2.00_hr0.00_w1_uniform_s1.wcnf,800,3,3,1.0,2.5,3,0,0,0,0,0,0,0,0,1.0,5.0,2852.0,0.505,,0.994
memetic_deeppolish_p40_ls0p5_clip,lower_ext,14,data/generated/calib_a/wksat_v50_k3_sr8.00_hr0.00_w1_uniform_s5.wcnf,400,3,3,1.0,0.5,3,0,0,0,0,0,0,0,0,1.0,1.0,5027.0,0.51,,0.992
memetic_deeppolish_p40_ls0p5_clip,lower_ext,16,data/generated/calib_a/wksat_v70_k3_sr6.00_hr0.00_w1_uniform_s4.wcnf,420,3,3,1.0,9.5,3,0,0,0,0,0,0,0,0,1.0,19.0,5125.2,0.502,,0.995
memetic_deeppolish_p40_ls0p5_clip,lower_ext,21,data/generated/calib_b/wksat_v100_k2_sr5.00_hr0.00_w1_uniform_s4.wcnf,500,3,3,1.0,1.5,3,0,0,0,0,0,0,0,0,1.0,3.0,4362.0,0.505,,0.992
memetic_deeppolish_p40_ls0p5_clip,lower_ext,24,data/generated/calib_b/wksat_v100_k3_sr5.20_hr0.00_w1_uniform_s5.wcnf,520,3,3,1.0,0.5,3,0,0,0,0,0,0,0,0,1.0,1.0,4099.0,0.511,,0.856
memetic_deeppolish_p40_ls0p5_clip,lower_ext,28,data/generated/calib_b/wksat_v150_k2_sr3.00_hr0.00_w1_uniform_s7.wcnf,450,3,3,1.0,0.5,3,0,0,0,0,0,0,0,0,1.0,1.0,5031.0,0.509,,0.994
memetic_deeppolish_p40_ls0p5_clip,lower_ext,30,data/generated/calib_b/wksat_v150_k2_sr3.30_hr0.00_w1_uniform_s1.wcnf,495,3,3,1.0,0.5,3,0,0,0,0,0,0,0,0,1.0,1.0,4630.0,0.511,,0.992
memetic_deeppolish_p40_ls0p5_clip,lower_ext,33,data/generated/calib_b/wksat_v150_k3_sr4.80_hr0.00_w1_uniform_s3.wcnf,720,3,3,1.0,35.2,3,0,0,0,0,0,0,0,0,2.0,70.0,2386.0,0.503,,0.984
memetic_deeppolish_p40_ls0p5_clip,lower_ext,36,data/generated/calib_b/wksat_v250_k3_sr4.26_hr0.00_w1_uniform_s10.wcnf,1065,3,3,1.0,23.2,3,0,0,0,0,0,0,0,0,2.0,46.0,2170.5,0.504,,0.993
memetic_deeppolish_p40_ls0p5_clip,lower_ext,37,data/generated/calib_b/wksat_v250_k3_sr4.26_hr0.00_w1_uniform_s7.wcnf,1065,3,3,1.0,20.7,3,0,0,0,0,0,0,0,0,2.0,41.0,2149.4,0.504,,0.995
memetic_deeppolish_p40_ls0p5_clip,lower_ext,5,data/generated/calib_a/wksat_v150_k2_sr3.00_hr0.00_w1_uniform_s4.wcnf,450,3,3,1.0,0.5,3,0,0,0,0,0,0,0,0,1.0,1.0,5081.0,0.51,,0.994
memetic_deeppolish_p40_ls0p5_clip,lower_ext,50,data/generated/calib_b/wksat_v400_k2_sr2.30_hr0.00_w1_uniform_s4.wcnf,920,3,3,1.0,0.5,3,0,0,0,0,0,0,0,0,1.0,1.0,2559.0,0.518,,0.992
memetic_deeppolish_p40_ls0p5_clip,lower_ext,51,data/generated/calib_b/wksat_v50_k3_sr8.00_hr0.00_w1_uniform_s10.wcnf,400,3,3,1.0,0.5,3,0,0,0,0,0,0,0,0,1.0,1.0,4641.0,0.51,,0.994
memetic_deeppolish_p40_ls0p5_clip,lower_ext,56,data/generated/calib_b/wksat_v50_k3_sr8.50_hr0.00_w1_uniform_s3.wcnf,425,3,3,1.0,0.5,3,0,0,0,0,0,0,0,0,1.0,1.0,4745.0,0.509,,0.994
memetic_deeppolish_p40_ls0p5_clip,lower_ext,61,data/generated/calib_b/wksat_v70_k3_sr6.00_hr0.00_w1_uniform_s10.wcnf,420,3,3,1.0,0.5,3,0,0,0,0,0,0,0,0,1.0,1.0,4958.0,0.509,,0.994
memetic_deeppolish_p40_ls0p5_clip,lower_ext,7,data/generated/calib_a/wksat_v250_k3_sr4.26_hr0.00_w1_uniform_s1.wcnf,1065,3,3,1.0,56.4,3,0,0,0,0,0,0,0,0,3.0,112.0,2131.0,0.504,,0.994
memetic_deeppolish_p40_ls0p5_clip,tier2,1,data/generated/calib_a/wksat_v100_k2_sr4.00_hr0.00_w1_uniform_s3.wcnf,400,3,3,1.0,2.0,3,0,0,0,0,0,0,0,0,1.0,4.0,5251.0,0.504,,0.993
memetic_deeppolish_p40_ls0p5_clip,tier2,11,data/generated/calib_a/wksat_v50_k3_sr8.00_hr0.00_w1_uniform_s1.wcnf,400,3,3,1.0,0.5,3,0,0,0,0,0,0,0,0,1.0,1.0,4730.0,0.51,,0.992
memetic_deeppolish_p40_ls0p5_clip,tier2,12,data/generated/calib_a/wksat_v50_k3_sr8.00_hr0.00_w1_uniform_s2.wcnf,400,3,3,1.0,0.5,3,0,0,0,0,0,0,0,0,1.0,1.0,4979.0,0.509,,0.994
memetic_deeppolish_p40_ls0p5_clip,tier2,13,data/generated/calib_a/wksat_v50_k3_sr8.00_hr0.00_w1_uniform_s4.wcnf,400,3,3,1.0,0.5,3,0,0,0,0,0,0,0,0,1.0,1.0,4768.0,0.511,,0.992
memetic_deeppolish_p40_ls0p5_clip,tier2,15,data/generated/calib_a/wksat_v70_k3_sr6.00_hr0.00_w1_uniform_s2.wcnf,420,3,3,1.0,1.5,3,0,0,0,0,0,0,0,0,1.0,3.0,5414.0,0.506,,0.993
memetic_deeppolish_p40_ls0p5_clip,tier2,17,data/generated/calib_a/wksat_v70_k3_sr6.00_hr0.00_w1_uniform_s5.wcnf,420,3,3,1.0,0.5,3,0,0,0,0,0,0,0,0,1.0,1.0,4813.0,0.51,,0.992
memetic_deeppolish_p40_ls0p5_clip,tier2,18,data/generated/calib_b/wksat_v100_k2_sr4.50_hr0.00_w1_uniform_s1.wcnf,450,3,3,1.0,0.5,3,0,0,0,0,0,0,0,0,1.0,1.0,4683.0,0.509,,0.958
memetic_deeppolish_p40_ls0p5_clip,tier2,19,data/generated/calib_b/wksat_v100_k2_sr4.50_hr0.00_w1_uniform_s2.wcnf,450,3,3,1.0,1.0,3,0,0,0,0,0,0,0,0,1.0,2.0,4840.5,0.505,,0.993
memetic_deeppolish_p40_ls0p5_clip,tier2,20,data/generated/calib_b/wksat_v100_k2_sr5.00_hr0.00_w1_uniform_s1.wcnf,500,3,3,1.0,3.0,3,0,0,0,0,0,0,0,0,1.0,6.0,4436.1,0.503,,0.993
memetic_deeppolish_p40_ls0p5_clip,tier2,22,data/generated/calib_b/wksat_v100_k3_sr5.20_hr0.00_w1_uniform_s1.wcnf,520,3,3,1.0,5.0,3,0,0,0,0,0,0,0,0,1.0,10.0,4361.8,0.503,,0.995
memetic_deeppolish_p40_ls0p5_clip,tier2,23,data/generated/calib_b/wksat_v100_k3_sr5.20_hr0.00_w1_uniform_s2.wcnf,520,3,3,1.0,0.5,3,0,0,0,0,0,0,0,0,1.0,1.0,4112.0,0.511,,0.988
memetic_deeppolish_p40_ls0p5_clip,tier2,25,data/generated/calib_b/wksat_v100_k3_sr5.50_hr0.00_w1_uniform_s1.wcnf,550,3,3,1.0,2.0,3,0,0,0,0,0,0,0,0,1.0,4.0,4016.8,0.504,,0.995
memetic_deeppolish_p40_ls0p5_clip,tier2,26,data/generated/calib_b/wksat_v100_k3_sr5.50_hr0.00_w1_uniform_s3.wcnf,550,3,3,1.0,1.0,3,0,0,0,0,0,0,0,0,1.0,2.0,3859.0,0.507,,0.992
memetic_deeppolish_p40_ls0p5_clip,tier2,27,data/generated/calib_b/wksat_v100_k3_sr5.50_hr0.00_w1_uniform_s4.wcnf,550,3,3,1.0,9.5,3,0,0,0,0,0,0,0,0,1.0,19.0,4200.0,0.502,,0.995
memetic_deeppolish_p40_ls0p5_clip,tier2,29,data/generated/calib_b/wksat_v150_k2_sr3.15_hr0.00_w1_uniform_s4.wcnf,472,3,3,1.0,4.0,3,0,0,0,0,0,0,0,0,1.0,8.0,3573.4,0.503,,0.994
memetic_deeppolish_p40_ls0p5_clip,tier2,3,data/generated/calib_a/wksat_v100_k3_sr5.00_hr0.00_w1_uniform_s2.wcnf,500,3,3,1.0,2.0,3,0,0,0,0,0,0,0,0,1.0,4.0,4227.8,0.504,,0.989
memetic_deeppolish_p40_ls0p5_clip,tier2,31,data/generated/calib_b/wksat_v150_k2_sr3.30_hr0.00_w1_uniform_s3.wcnf,495,3,3,1.0,25.1,3,0,0,0,0,0,0,0,0,2.0,50.0,4638.3,0.502,,0.995
memetic_deeppolish_p40_ls0p5_clip,tier2,32,data/generated/calib_b/wksat_v150_k2_sr3.30_hr0.00_w1_uniform_s4.wcnf,495,3,3,1.0,0.5,3,0,0,0,0,0,0,0,0,1.0,1.0,4566.2,0.51,,0.994
memetic_deeppolish_p40_ls0p5_clip,tier2,34,data/generated/calib_b/wksat_v250_k2_sr2.35_hr0.00_w1_uniform_s2.wcnf,588,3,3,1.0,0.5,3,0,0,0,0,0,0,0,0,1.0,1.0,3876.0,0.512,,0.994
memetic_deeppolish_p40_ls0p5_clip,tier2,38,data/generated/calib_b/wksat_v250_k3_sr4.26_hr0.00_w1_uniform_s8.wcnf,1065,3,1,0.333,>900,1,0,2,0,0,0,0,0,0,48.0,1787.0,2102.7,0.504,0.017,0.994
memetic_deeppolish_p40_ls0p5_clip,tier2,39,data/generated/calib_b/wksat_v250_k3_sr4.35_hr0.00_w1_uniform_s2.wcnf,1088,3,1,0.333,>900,1,0,2,0,0,0,0,0,0,48.0,1787.0,2094.4,0.504,0.018,0.994
memetic_deeppolish_p40_ls0p5_clip,tier2,4,data/generated/calib_a/wksat_v150_k2_sr3.00_hr0.00_w1_uniform_s3.wcnf,450,3,3,1.0,1.0,3,0,0,0,0,0,0,0,0,1.0,2.0,5070.5,0.505,,0.995
memetic_deeppolish_p40_ls0p5_clip,tier2,40,data/generated/calib_b/wksat_v250_k3_sr4.35_hr0.00_w1_uniform_s5.wcnf,1088,3,3,1.0,6.5,3,0,0,0,0,0,0,0,0,1.0,13.0,2104.6,0.505,,0.995
memetic_deeppolish_p40_ls0p5_clip,tier2,41,data/generated/calib_b/wksat_v400_k2_sr2.00_hr0.00_w1_uniform_s6.wcnf,800,3,3,1.0,43.2,3,0,0,0,0,0,0,0,0,3.0,86.0,2930.5,0.503,,0.995
memetic_deeppolish_p40_ls0p5_clip,tier2,42,data/generated/calib_b/wksat_v400_k2_sr2.00_hr0.00_w1_uniform_s7.wcnf,800,3,3,1.0,4.0,3,0,0,0,0,0,0,0,0,1.0,8.0,3036.3,0.504,,0.995
memetic_deeppolish_p40_ls0p5_clip,tier2,43,data/generated/calib_b/wksat_v400_k2_sr2.00_hr0.00_w1_uniform_s8.wcnf,800,3,3,1.0,33.7,3,0,0,0,0,0,0,0,0,2.0,67.0,2856.1,0.503,,0.995
memetic_deeppolish_p40_ls0p5_clip,tier2,44,data/generated/calib_b/wksat_v400_k2_sr2.15_hr0.00_w1_uniform_s1.wcnf,860,3,3,1.0,11.6,3,0,0,0,0,0,0,0,0,1.0,23.0,2794.9,0.503,,0.996
memetic_deeppolish_p40_ls0p5_clip,tier2,45,data/generated/calib_b/wksat_v400_k2_sr2.15_hr0.00_w1_uniform_s2.wcnf,860,3,3,1.0,0.5,3,0,0,0,0,0,0,0,0,1.0,1.0,2682.0,0.516,,0.981
memetic_deeppolish_p40_ls0p5_clip,tier2,46,data/generated/calib_b/wksat_v400_k2_sr2.15_hr0.00_w1_uniform_s3.wcnf,860,3,3,1.0,7.5,3,0,0,0,0,0,0,0,0,1.0,15.0,2725.4,0.504,,0.995
memetic_deeppolish_p40_ls0p5_clip,tier2,47,data/generated/calib_b/wksat_v400_k2_sr2.15_hr0.00_w1_uniform_s5.wcnf,860,3,1,0.333,>900,1,0,2,0,0,0,0,0,0,48.0,1789.0,2664.7,0.503,0.015,0.992
memetic_deeppolish_p40_ls0p5_clip,tier2,48,data/generated/calib_b/wksat_v400_k2_sr2.30_hr0.00_w1_uniform_s2.wcnf,920,3,3,1.0,2.0,3,0,0,0,0,0,0,0,0,1.0,4.0,2551.0,0.507,,0.994
memetic_deeppolish_p40_ls0p5_clip,tier2,49,data/generated/calib_b/wksat_v400_k2_sr2.30_hr0.00_w1_uniform_s3.wcnf,920,3,3,1.0,1.5,3,0,0,0,0,0,0,0,0,1.0,3.0,2491.0,0.508,,0.994
memetic_deeppolish_p40_ls0p5_clip,tier2,53,data/generated/calib_b/wksat_v50_k3_sr8.00_hr0.00_w1_uniform_s7.wcnf,400,3,3,1.0,0.5,3,0,0,0,0,0,0,0,0,1.0,1.0,4839.0,0.509,,0.992
memetic_deeppolish_p40_ls0p5_clip,tier2,58,data/generated/calib_b/wksat_v50_k3_sr8.50_hr0.00_w1_uniform_s5.wcnf,425,3,3,1.0,0.5,3,0,0,0,0,0,0,0,0,1.0,1.0,4828.0,0.509,,0.994
memetic_deeppolish_p40_ls0p5_clip,tier2,59,data/generated/calib_b/wksat_v50_k3_sr9.00_hr0.00_w1_uniform_s3.wcnf,450,3,3,1.0,0.5,3,0,0,0,0,0,0,0,0,1.0,1.0,4854.0,0.509,,0.994
memetic_deeppolish_p40_ls0p5_clip,tier2,62,data/generated/calib_b/wksat_v70_k3_sr6.00_hr0.00_w1_uniform_s7.wcnf,420,3,3,1.0,0.5,3,0,0,0,0,0,0,0,0,1.0,1.0,5354.0,0.508,,0.994
memetic_deeppolish_p40_ls0p5_clip,tier2,63,data/generated/calib_b/wksat_v70_k3_sr6.00_hr0.00_w1_uniform_s9.wcnf,420,3,3,1.0,0.5,3,0,0,0,0,0,0,0,0,1.0,1.0,4569.0,0.51,,0.992
memetic_deeppolish_p40_ls0p5_clip,tier2,64,data/generated/calib_b/wksat_v70_k3_sr6.20_hr0.00_w1_uniform_s2.wcnf,434,3,3,1.0,0.5,3,0,0,0,0,0,0,0,0,1.0,1.0,4874.0,0.509,,0.992
memetic_deeppolish_p40_ls0p5_clip,tier2,65,data/generated/calib_b/wksat_v70_k3_sr6.20_hr0.00_w1_uniform_s4.wcnf,434,3,3,1.0,0.5,3,0,0,0,0,0,0,0,0,1.0,1.0,5069.0,0.509,,0.994
memetic_deeppolish_p40_ls0p5_clip,tier2,66,data/generated/calib_b/wksat_v70_k3_sr6.20_hr0.00_w1_uniform_s5.wcnf,434,3,3,1.0,1.0,3,0,0,0,0,0,0,0,0,1.0,2.0,4395.0,0.509,,0.994
memetic_deeppolish_p40_ls0p5_clip,tier2,67,data/generated/calib_b/wksat_v70_k3_sr6.50_hr0.00_w1_uniform_s1.wcnf,455,3,3,1.0,3.0,3,0,0,0,0,0,0,0,0,1.0,6.0,4730.8,0.503,,0.976
memetic_deeppolish_p40_ls0p5_clip,tier2,68,data/generated/calib_b/wksat_v70_k3_sr6.50_hr0.00_w1_uniform_s3.wcnf,455,3,3,1.0,0.5,3,0,0,0,0,0,0,0,0,1.0,1.0,4790.0,0.509,,0.992
memetic_deeppolish_p40_ls0p5_clip,tier2,69,data/generated/calib_b/wksat_v70_k3_sr6.50_hr0.00_w1_uniform_s4.wcnf,455,3,3,1.0,0.5,3,0,0,0,0,0,0,0,0,1.0,1.0,4449.0,0.51,,0.992
memetic_deeppolish_p40_ls0p5_clip,tier2,70,data/generated/calib_b/wksat_v70_k3_sr6.50_hr0.00_w1_uniform_s5.wcnf,455,3,3,1.0,0.5,3,0,0,0,0,0,0,0,0,1.0,1.0,5036.0,0.509,,0.994
memetic_deeppolish_p40_ls0p5_clip,tier2,8,data/generated/calib_a/wksat_v250_k3_sr4.26_hr0.00_w1_uniform_s2.wcnf,1065,3,3,1.0,14.1,3,0,0,0,0,0,0,0,0,1.0,28.0,2146.2,0.504,,0.995
memetic_deeppolish_p40_ls0p5_clip,tier2,9,data/generated/calib_a/wksat_v250_k3_sr4.26_hr0.00_w1_uniform_s4.wcnf,1065,3,1,0.333,>900,1,0,2,0,0,0,0,0,0,48.0,1789.0,2190.1,0.503,0.017,0.995
memetic_deeppolish_p40_ls0p5_clip,upper_ext,2,data/generated/calib_a/wksat_v100_k2_sr6.00_hr0.00_w1_uniform_s1.wcnf,600,3,3,1.0,2.0,3,0,0,0,0,0,0,0,0,1.0,4.0,3798.5,0.504,,0.994
memetic_deeppolish_p40_ls0p5_clip,upper_ext,35,data/generated/calib_b/wksat_v250_k2_sr2.35_hr0.00_w1_uniform_s3.wcnf,588,3,3,1.0,3.0,3,0,0,0,0,0,0,0,0,1.0,6.0,3984.2,0.504,,0.995
memetic_deeppolish_p40_ls0p5_clip,upper_ext,52,data/generated/calib_b/wksat_v50_k3_sr8.00_hr0.00_w1_uniform_s6.wcnf,400,3,3,1.0,0.5,3,0,0,0,0,0,0,0,0,1.0,1.0,4748.0,0.509,,0.992
memetic_deeppolish_p40_ls0p5_clip,upper_ext,54,data/generated/calib_b/wksat_v50_k3_sr8.00_hr0.00_w1_uniform_s8.wcnf,400,3,3,1.0,0.5,3,0,0,0,0,0,0,0,0,1.0,1.0,4806.0,0.509,,0.994
memetic_deeppolish_p40_ls0p5_clip,upper_ext,55,data/generated/calib_b/wksat_v50_k3_sr8.50_hr0.00_w1_uniform_s2.wcnf,425,3,3,1.0,0.5,3,0,0,0,0,0,0,0,0,1.0,1.0,4515.0,0.509,,0.992
memetic_deeppolish_p40_ls0p5_clip,upper_ext,57,data/generated/calib_b/wksat_v50_k3_sr8.50_hr0.00_w1_uniform_s4.wcnf,425,3,3,1.0,0.5,3,0,0,0,0,0,0,0,0,1.0,1.0,4464.0,0.51,,0.992
memetic_deeppolish_p40_ls0p5_clip,upper_ext,6,data/generated/calib_a/wksat_v150_k3_sr5.00_hr0.00_w1_uniform_s3.wcnf,750,3,3,1.0,4.0,3,0,0,0,0,0,0,0,0,1.0,8.0,3019.2,0.505,,0.989
memetic_deeppolish_p40_ls0p5_clip,upper_ext,60,data/generated/calib_b/wksat_v50_k3_sr9.00_hr0.00_w1_uniform_s5.wcnf,450,3,3,1.0,0.5,3,0,0,0,0,0,0,0,0,1.0,1.0,4177.0,0.51,,0.992
memetic_deeppolish_p40_ls3p5,lower_ext,10,data/generated/calib_a/wksat_v400_k2_sr2.00_hr0.00_w1_uniform_s1.wcnf,800,3,3,1.0,2.2,3,0,0,0,0,0,0,0,0,1.0,1.0,12500.0,2.109,,0.995
memetic_deeppolish_p40_ls3p5,lower_ext,14,data/generated/calib_a/wksat_v50_k3_sr8.00_hr0.00_w1_uniform_s5.wcnf,400,3,3,1.0,1.3,3,0,0,0,0,0,0,0,0,1.0,1.0,12500.0,1.281,,0.995
memetic_deeppolish_p40_ls3p5,lower_ext,16,data/generated/calib_a/wksat_v70_k3_sr6.00_hr0.00_w1_uniform_s4.wcnf,420,3,3,1.0,12.4,3,0,0,0,0,0,0,0,0,1.0,10.0,12500.0,1.233,,0.995
memetic_deeppolish_p40_ls3p5,lower_ext,21,data/generated/calib_b/wksat_v100_k2_sr5.00_hr0.00_w1_uniform_s4.wcnf,500,3,3,1.0,1.4,3,0,0,0,0,0,0,0,0,1.0,1.0,12500.0,1.433,,0.994
memetic_deeppolish_p40_ls3p5,lower_ext,24,data/generated/calib_b/wksat_v100_k3_sr5.20_hr0.00_w1_uniform_s5.wcnf,520,3,3,1.0,1.5,3,0,0,0,0,0,0,0,0,1.0,1.0,12500.0,1.519,,0.993
memetic_deeppolish_p40_ls3p5,lower_ext,28,data/generated/calib_b/wksat_v150_k2_sr3.00_hr0.00_w1_uniform_s7.wcnf,450,3,3,1.0,1.2,3,0,0,0,0,0,0,0,0,1.0,1.0,12500.0,1.249,,0.994
memetic_deeppolish_p40_ls3p5,lower_ext,30,data/generated/calib_b/wksat_v150_k2_sr3.30_hr0.00_w1_uniform_s1.wcnf,495,3,3,1.0,1.5,3,0,0,0,0,0,0,0,0,1.0,1.0,12500.0,1.522,,0.993
memetic_deeppolish_p40_ls3p5,lower_ext,33,data/generated/calib_b/wksat_v150_k3_sr4.80_hr0.00_w1_uniform_s3.wcnf,720,3,3,1.0,47.2,3,0,0,0,0,0,0,0,0,1.0,23.0,12500.0,2.038,,0.994
memetic_deeppolish_p40_ls3p5,lower_ext,36,data/generated/calib_b/wksat_v250_k3_sr4.26_hr0.00_w1_uniform_s10.wcnf,1065,3,3,1.0,38.4,3,0,0,0,0,0,0,0,0,1.0,14.0,12500.0,2.879,,0.963
memetic_deeppolish_p40_ls3p5,lower_ext,37,data/generated/calib_b/wksat_v250_k3_sr4.26_hr0.00_w1_uniform_s7.wcnf,1065,3,3,1.0,80.5,3,0,0,0,0,0,0,0,0,1.0,28.0,12500.0,2.875,,0.993
memetic_deeppolish_p40_ls3p5,lower_ext,5,data/generated/calib_a/wksat_v150_k2_sr3.00_hr0.00_w1_uniform_s4.wcnf,450,3,3,1.0,1.2,3,0,0,0,0,0,0,0,0,1.0,1.0,12500.0,1.179,,0.994
memetic_deeppolish_p40_ls3p5,lower_ext,50,data/generated/calib_b/wksat_v400_k2_sr2.30_hr0.00_w1_uniform_s4.wcnf,920,3,3,1.0,2.5,3,0,0,0,0,0,0,0,0,1.0,1.0,12500.0,2.534,,0.994
memetic_deeppolish_p40_ls3p5,lower_ext,51,data/generated/calib_b/wksat_v50_k3_sr8.00_hr0.00_w1_uniform_s10.wcnf,400,3,3,1.0,1.3,3,0,0,0,0,0,0,0,0,1.0,1.0,12500.0,1.289,,0.994
memetic_deeppolish_p40_ls3p5,lower_ext,56,data/generated/calib_b/wksat_v50_k3_sr8.50_hr0.00_w1_uniform_s3.wcnf,425,3,3,1.0,1.3,3,0,0,0,0,0,0,0,0,1.0,1.0,12500.0,1.323,,0.994
memetic_deeppolish_p40_ls3p5,lower_ext,61,data/generated/calib_b/wksat_v70_k3_sr6.00_hr0.00_w1_uniform_s10.wcnf,420,3,3,1.0,1.3,3,0,0,0,0,0,0,0,0,1.0,1.0,12500.0,1.292,,0.98
memetic_deeppolish_p40_ls3p5,lower_ext,7,data/generated/calib_a/wksat_v250_k3_sr4.26_hr0.00_w1_uniform_s1.wcnf,1065,3,3,1.0,232.6,3,0,0,0,0,0,0,0,0,3.0,83.0,12500.0,2.869,,0.995
memetic_deeppolish_p40_ls3p5,tier2,1,data/generated/calib_a/wksat_v100_k2_sr4.00_hr0.00_w1_uniform_s3.wcnf,400,3,3,1.0,1.5,3,0,0,0,0,0,0,0,0,1.0,1.0,12500.0,1.109,,0.992
memetic_deeppolish_p40_ls3p5,tier2,11,data/generated/calib_a/wksat_v50_k3_sr8.00_hr0.00_w1_uniform_s1.wcnf,400,3,3,1.0,1.3,3,0,0,0,0,0,0,0,0,1.0,1.0,12500.0,1.328,,0.993
memetic_deeppolish_p40_ls3p5,tier2,12,data/generated/calib_a/wksat_v50_k3_sr8.00_hr0.00_w1_uniform_s2.wcnf,400,3,3,1.0,1.2,3,0,0,0,0,0,0,0,0,1.0,1.0,12500.0,1.238,,0.989
memetic_deeppolish_p40_ls3p5,tier2,13,data/generated/calib_a/wksat_v50_k3_sr8.00_hr0.00_w1_uniform_s4.wcnf,400,3,3,1.0,1.3,3,0,0,0,0,0,0,0,0,1.0,1.0,12500.0,1.259,,0.994
memetic_deeppolish_p40_ls3p5,tier2,15,data/generated/calib_a/wksat_v70_k3_sr6.00_hr0.00_w1_uniform_s2.wcnf,420,3,3,1.0,1.2,3,0,0,0,0,0,0,0,0,1.0,1.0,12500.0,1.236,,0.992
memetic_deeppolish_p40_ls3p5,tier2,17,data/generated/calib_a/wksat_v70_k3_sr6.00_hr0.00_w1_uniform_s5.wcnf,420,3,3,1.0,1.3,3,0,0,0,0,0,0,0,0,1.0,1.0,12500.0,1.306,,0.994
memetic_deeppolish_p40_ls3p5,tier2,18,data/generated/calib_b/wksat_v100_k2_sr4.50_hr0.00_w1_uniform_s1.wcnf,450,3,3,1.0,1.2,3,0,0,0,0,0,0,0,0,1.0,1.0,12500.0,1.248,,0.992
memetic_deeppolish_p40_ls3p5,tier2,19,data/generated/calib_b/wksat_v100_k2_sr4.50_hr0.00_w1_uniform_s2.wcnf,450,3,3,1.0,2.7,3,0,0,0,0,0,0,0,0,1.0,2.0,12500.0,1.27,,0.92
memetic_deeppolish_p40_ls3p5,tier2,20,data/generated/calib_b/wksat_v100_k2_sr5.00_hr0.00_w1_uniform_s1.wcnf,500,3,3,1.0,3.0,3,0,0,0,0,0,0,0,0,1.0,2.0,12500.0,1.492,,0.994
memetic_deeppolish_p40_ls3p5,tier2,22,data/generated/calib_b/wksat_v100_k3_sr5.20_hr0.00_w1_uniform_s1.wcnf,520,3,3,1.0,5.8,3,0,0,0,0,0,0,0,0,1.0,4.0,12500.0,1.477,,0.993
memetic_deeppolish_p40_ls3p5,tier2,23,data/generated/calib_b/wksat_v100_k3_sr5.20_hr0.00_w1_uniform_s2.wcnf,520,3,3,1.0,1.5,3,0,0,0,0,0,0,0,0,1.0,1.0,12500.0,1.542,,0.994
memetic_deeppolish_p40_ls3p5,tier2,25,data/generated/calib_b/wksat_v100_k3_sr5.50_hr0.00_w1_uniform_s1.wcnf,550,3,3,1.0,3.2,3,0,0,0,0,0,0,0,0,1.0,2.0,12500.0,1.568,,0.994
memetic_deeppolish_p40_ls3p5,tier2,26,data/generated/calib_b/wksat_v100_k3_sr5.50_hr0.00_w1_uniform_s3.wcnf,550,3,3,1.0,1.6,3,0,0,0,0,0,0,0,0,1.0,1.0,12500.0,1.624,,0.991
memetic_deeppolish_p40_ls3p5,tier2,27,data/generated/calib_b/wksat_v100_k3_sr5.50_hr0.00_w1_uniform_s4.wcnf,550,3,3,1.0,4.7,3,0,0,0,0,0,0,0,0,1.0,3.0,12500.0,1.549,,0.985
memetic_deeppolish_p40_ls3p5,tier2,29,data/generated/calib_b/wksat_v150_k2_sr3.15_hr0.00_w1_uniform_s4.wcnf,472,3,3,1.0,3.5,3,0,0,0,0,0,0,0,0,1.0,2.0,12500.0,1.732,,0.994
memetic_deeppolish_p40_ls3p5,tier2,3,data/generated/calib_a/wksat_v100_k3_sr5.00_hr0.00_w1_uniform_s2.wcnf,500,3,3,1.0,3.0,3,0,0,0,0,0,0,0,0,1.0,2.0,12500.0,1.492,,0.985
memetic_deeppolish_p40_ls3p5,tier2,31,data/generated/calib_b/wksat_v150_k2_sr3.30_hr0.00_w1_uniform_s3.wcnf,495,3,3,1.0,37.1,3,0,0,0,0,0,0,0,0,1.0,26.0,12500.0,1.347,,0.995
memetic_deeppolish_p40_ls3p5,tier2,32,data/generated/calib_b/wksat_v150_k2_sr3.30_hr0.00_w1_uniform_s4.wcnf,495,3,3,1.0,1.3,3,0,0,0,0,0,0,0,0,1.0,1.0,12500.0,1.283,,0.995
memetic_deeppolish_p40_ls3p5,tier2,34,data/generated/calib_b/wksat_v250_k2_sr2.35_hr0.00_w1_uniform_s2.wcnf,588,3,3,1.0,1.5,3,0,0,0,0,0,0,0,0,1.0,1.0,12500.0,1.507,,0.992
memetic_deeppolish_p40_ls3p5,tier2,38,data/generated/calib_b/wksat_v250_k3_sr4.26_hr0.00_w1_uniform_s8.wcnf,1065,3,2,0.667,243.0,2,0,1,0,0,0,0,0,0,3.0,89.0,12500.0,2.87,0.021,0.992
memetic_deeppolish_p40_ls3p5,tier2,39,data/generated/calib_b/wksat_v250_k3_sr4.35_hr0.00_w1_uniform_s2.wcnf,1088,3,2,0.667,99.4,2,0,1,0,0,0,0,0,0,1.0,30.0,12500.0,3.082,0.018,0.994
memetic_deeppolish_p40_ls3p5,tier2,4,data/generated/calib_a/wksat_v150_k2_sr3.00_hr0.00_w1_uniform_s3.wcnf,450,3,3,1.0,1.3,3,0,0,0,0,0,0,0,0,1.0,1.0,12500.0,1.225,,0.994
memetic_deeppolish_p40_ls3p5,tier2,40,data/generated/calib_b/wksat_v250_k3_sr4.35_hr0.00_w1_uniform_s5.wcnf,1088,3,3,1.0,24.6,3,0,0,0,0,0,0,0,0,1.0,7.0,12500.0,2.963,,0.992
memetic_deeppolish_p40_ls3p5,tier2,41,data/generated/calib_b/wksat_v400_k2_sr2.00_hr0.00_w1_uniform_s6.wcnf,800,3,3,1.0,118.6,3,0,0,0,0,0,0,0,0,2.0,56.0,12500.0,2.119,,0.995
memetic_deeppolish_p40_ls3p5,tier2,42,data/generated/calib_b/wksat_v400_k2_sr2.00_hr0.00_w1_uniform_s7.wcnf,800,3,3,1.0,6.1,3,0,0,0,0,0,0,0,0,1.0,3.0,12500.0,2.167,,0.994
memetic_deeppolish_p40_ls3p5,tier2,43,data/generated/calib_b/wksat_v400_k2_sr2.00_hr0.00_w1_uniform_s8.wcnf,800,3,3,1.0,10.4,3,0,0,0,0,0,0,0,0,1.0,5.0,12500.0,2.088,,0.994
memetic_deeppolish_p40_ls3p5,tier2,44,data/generated/calib_b/wksat_v400_k2_sr2.15_hr0.00_w1_uniform_s1.wcnf,860,3,3,1.0,2.6,3,0,0,0,0,0,0,0,0,1.0,1.0,12500.0,2.592,,0.993
memetic_deeppolish_p40_ls3p5,tier2,45,data/generated/calib_b/wksat_v400_k2_sr2.15_hr0.00_w1_uniform_s2.wcnf,860,3,3,1.0,2.3,3,0,0,0,0,0,0,0,0,1.0,1.0,12500.0,2.345,,0.992
memetic_deeppolish_p40_ls3p5,tier2,46,data/generated/calib_b/wksat_v400_k2_sr2.15_hr0.00_w1_uniform_s3.wcnf,860,3,3,1.0,4.8,3,0,0,0,0,0,0,0,0,1.0,2.0,12500.0,2.343,,0.994
memetic_deeppolish_p40_ls3p5,tier2,47,data/generated/calib_b/wksat_v400_k2_sr2.15_hr0.00_w1_uniform_s5.wcnf,860,3,3,1.0,68.4,3,0,0,0,0,0,0,0,0,1.0,29.0,12500.0,2.312,,0.988
memetic_deeppolish_p40_ls3p5,tier2,48,data/generated/calib_b/wksat_v400_k2_sr2.30_hr0.00_w1_uniform_s2.wcnf,920,3,3,1.0,5.0,3,0,0,0,0,0,0,0,0,1.0,2.0,12500.0,2.523,,0.993
memetic_deeppolish_p40_ls3p5,tier2,49,data/generated/calib_b/wksat_v400_k2_sr2.30_hr0.00_w1_uniform_s3.wcnf,920,3,3,1.0,2.8,3,0,0,0,0,0,0,0,0,1.0,1.0,12500.0,2.81,,0.993
memetic_deeppolish_p40_ls3p5,tier2,53,data/generated/calib_b/wksat_v50_k3_sr8.00_hr0.00_w1_uniform_s7.wcnf,400,3,3,1.0,1.2,3,0,0,0,0,0,0,0,0,1.0,1.0,12500.0,1.241,,0.994
memetic_deeppolish_p40_ls3p5,tier2,58,data/generated/calib_b/wksat_v50_k3_sr8.50_hr0.00_w1_uniform_s5.wcnf,425,3,3,1.0,1.4,3,0,0,0,0,0,0,0,0,1.0,1.0,12500.0,1.423,,0.993
memetic_deeppolish_p40_ls3p5,tier2,59,data/generated/calib_b/wksat_v50_k3_sr9.00_hr0.00_w1_uniform_s3.wcnf,450,3,3,1.0,1.3,3,0,0,0,0,0,0,0,0,1.0,1.0,12500.0,1.317,,0.988
memetic_deeppolish_p40_ls3p5,tier2,62,data/generated/calib_b/wksat_v70_k3_sr6.00_hr0.00_w1_uniform_s7.wcnf,420,3,3,1.0,1.2,3,0,0,0,0,0,0,0,0,1.0,1.0,12500.0,1.172,,0.989
memetic_deeppolish_p40_ls3p5,tier2,63,data/generated/calib_b/wksat_v70_k3_sr6.00_hr0.00_w1_uniform_s9.wcnf,420,3,3,1.0,1.4,3,0,0,0,0,0,0,0,0,1.0,1.0,12500.0,1.388,,0.994
memetic_deeppolish_p40_ls3p5,tier2,64,data/generated/calib_b/wksat_v70_k3_sr6.20_hr0.00_w1_uniform_s2.wcnf,434,3,3,1.0,1.3,3,0,0,0,0,0,0,0,0,1.0,1.0,12500.0,1.328,,0.98
memetic_deeppolish_p40_ls3p5,tier2,65,data/generated/calib_b/wksat_v70_k3_sr6.20_hr0.00_w1_uniform_s4.wcnf,434,3,3,1.0,1.2,3,0,0,0,0,0,0,0,0,1.0,1.0,12500.0,1.204,,0.995
memetic_deeppolish_p40_ls3p5,tier2,66,data/generated/calib_b/wksat_v70_k3_sr6.20_hr0.00_w1_uniform_s5.wcnf,434,3,3,1.0,1.3,3,0,0,0,0,0,0,0,0,1.0,1.0,12500.0,1.346,,0.995
memetic_deeppolish_p40_ls3p5,tier2,67,data/generated/calib_b/wksat_v70_k3_sr6.50_hr0.00_w1_uniform_s1.wcnf,455,3,3,1.0,1.4,3,0,0,0,0,0,0,0,0,1.0,1.0,12500.0,1.377,,0.994
memetic_deeppolish_p40_ls3p5,tier2,68,data/generated/calib_b/wksat_v70_k3_sr6.50_hr0.00_w1_uniform_s3.wcnf,455,3,3,1.0,1.3,3,0,0,0,0,0,0,0,0,1.0,1.0,12500.0,1.278,,0.98
memetic_deeppolish_p40_ls3p5,tier2,69,data/generated/calib_b/wksat_v70_k3_sr6.50_hr0.00_w1_uniform_s4.wcnf,455,3,3,1.0,1.5,3,0,0,0,0,0,0,0,0,1.0,1.0,12500.0,1.468,,0.996
memetic_deeppolish_p40_ls3p5,tier2,70,data/generated/calib_b/wksat_v70_k3_sr6.50_hr0.00_w1_uniform_s5.wcnf,455,3,3,1.0,1.3,3,0,0,0,0,0,0,0,0,1.0,1.0,12500.0,1.344,,0.994
memetic_deeppolish_p40_ls3p5,tier2,8,data/generated/calib_a/wksat_v250_k3_sr4.26_hr0.00_w1_uniform_s2.wcnf,1065,3,3,1.0,58.2,3,0,0,0,0,0,0,0,0,1.0,20.0,12500.0,2.912,,0.995
memetic_deeppolish_p40_ls3p5,tier2,9,data/generated/calib_a/wksat_v250_k3_sr4.26_hr0.00_w1_uniform_s4.wcnf,1065,3,3,1.0,170.6,3,0,0,0,0,0,0,0,0,2.0,58.0,12500.0,2.942,,0.995
memetic_deeppolish_p40_ls3p5,upper_ext,2,data/generated/calib_a/wksat_v100_k2_sr6.00_hr0.00_w1_uniform_s1.wcnf,600,3,3,1.0,6.3,3,0,0,0,0,0,0,0,0,1.0,4.0,12500.0,1.68,,0.994
memetic_deeppolish_p40_ls3p5,upper_ext,35,data/generated/calib_b/wksat_v250_k2_sr2.35_hr0.00_w1_uniform_s3.wcnf,588,3,3,1.0,1.6,3,0,0,0,0,0,0,0,0,1.0,1.0,12500.0,1.63,,0.994
memetic_deeppolish_p40_ls3p5,upper_ext,52,data/generated/calib_b/wksat_v50_k3_sr8.00_hr0.00_w1_uniform_s6.wcnf,400,3,3,1.0,1.2,3,0,0,0,0,0,0,0,0,1.0,1.0,12500.0,1.232,,0.995
memetic_deeppolish_p40_ls3p5,upper_ext,54,data/generated/calib_b/wksat_v50_k3_sr8.00_hr0.00_w1_uniform_s8.wcnf,400,3,3,1.0,1.3,3,0,0,0,0,0,0,0,0,1.0,1.0,12500.0,1.348,,0.995
memetic_deeppolish_p40_ls3p5,upper_ext,55,data/generated/calib_b/wksat_v50_k3_sr8.50_hr0.00_w1_uniform_s2.wcnf,425,3,3,1.0,1.3,3,0,0,0,0,0,0,0,0,1.0,1.0,12500.0,1.34,,0.993
memetic_deeppolish_p40_ls3p5,upper_ext,57,data/generated/calib_b/wksat_v50_k3_sr8.50_hr0.00_w1_uniform_s4.wcnf,425,3,3,1.0,1.4,3,0,0,0,0,0,0,0,0,1.0,1.0,12500.0,1.432,,0.966
memetic_deeppolish_p40_ls3p5,upper_ext,6,data/generated/calib_a/wksat_v150_k3_sr5.00_hr0.00_w1_uniform_s3.wcnf,750,3,3,1.0,8.3,3,0,0,0,0,0,0,0,0,1.0,3.0,12500.0,2.129,,0.994
memetic_deeppolish_p40_ls3p5,upper_ext,60,data/generated/calib_b/wksat_v50_k3_sr9.00_hr0.00_w1_uniform_s5.wcnf,450,3,3,1.0,1.5,3,0,0,0,0,0,0,0,0,1.0,1.0,12500.0,1.47,,0.957
