pop_idx,instance,analysis_group,solver_seed,p10_ls2p5,p10_ls3p5,p40_ls0p5,p40_ls2p5
2,data/generated/calib_a/wksat_v100_k2_sr6.00_hr0.00_w1_uniform_s1.wcnf,upper_ext,1,5.3,,1.5,2.1
2,data/generated/calib_a/wksat_v100_k2_sr6.00_hr0.00_w1_uniform_s1.wcnf,upper_ext,2,17.7,,24.6,7.4
2,data/generated/calib_a/wksat_v100_k2_sr6.00_hr0.00_w1_uniform_s1.wcnf,upper_ext,3,4.6,,9.5,10.8
6,data/generated/calib_a/wksat_v150_k3_sr5.00_hr0.00_w1_uniform_s3.wcnf,upper_ext,1,18.3,,1.5,5.7
6,data/generated/calib_a/wksat_v150_k3_sr5.00_hr0.00_w1_uniform_s3.wcnf,upper_ext,2,8.1,,4.0,14.9
6,data/generated/calib_a/wksat_v150_k3_sr5.00_hr0.00_w1_uniform_s3.wcnf,upper_ext,3,2.0,,4.5,2.0
24,data/generated/calib_b/wksat_v100_k3_sr5.20_hr0.00_w1_uniform_s5.wcnf,lower_ext,1,1.7,,0.5,1.7
24,data/generated/calib_b/wksat_v100_k3_sr5.20_hr0.00_w1_uniform_s5.wcnf,lower_ext,2,1.3,,0.5,1.5
24,data/generated/calib_b/wksat_v100_k3_sr5.20_hr0.00_w1_uniform_s5.wcnf,lower_ext,3,1.4,,0.5,1.7
32,data/generated/calib_b/wksat_v150_k2_sr3.30_hr0.00_w1_uniform_s4.wcnf,tier2,1,1.3,,0.5,1.3
32,data/generated/calib_b/wksat_v150_k2_sr3.30_hr0.00_w1_uniform_s4.wcnf,tier2,2,1.2,,2.0,1.3
32,data/generated/calib_b/wksat_v150_k2_sr3.30_hr0.00_w1_uniform_s4.wcnf,tier2,3,3.8,,0.5,1.3
33,data/generated/calib_b/wksat_v150_k3_sr4.80_hr0.00_w1_uniform_s3.wcnf,lower_ext,1,5.6,,24.1,110.4
33,data/generated/calib_b/wksat_v150_k3_sr4.80_hr0.00_w1_uniform_s3.wcnf,lower_ext,2,302.8,,5.5,16.3
33,data/generated/calib_b/wksat_v150_k3_sr4.80_hr0.00_w1_uniform_s3.wcnf,lower_ext,3,budget_exhausted,,13.1,42.9
35,data/generated/calib_b/wksat_v250_k2_sr2.35_hr0.00_w1_uniform_s3.wcnf,upper_ext,1,7.2,,3.0,1.5
35,data/generated/calib_b/wksat_v250_k2_sr2.35_hr0.00_w1_uniform_s3.wcnf,upper_ext,2,1.6,,4.5,1.6
35,data/generated/calib_b/wksat_v250_k2_sr2.35_hr0.00_w1_uniform_s3.wcnf,upper_ext,3,1.6,,1.5,1.6
39,data/generated/calib_b/wksat_v250_k3_sr4.35_hr0.00_w1_uniform_s2.wcnf,tier2,1,748.6,budget_exhausted,budget_exhausted,budget_exhausted
39,data/generated/calib_b/wksat_v250_k3_sr4.35_hr0.00_w1_uniform_s2.wcnf,tier2,2,7.5,8.9,37.3,17.5
39,data/generated/calib_b/wksat_v250_k3_sr4.35_hr0.00_w1_uniform_s2.wcnf,tier2,3,budget_exhausted,budget_exhausted,150.1,75.1
48,data/generated/calib_b/wksat_v400_k2_sr2.30_hr0.00_w1_uniform_s2.wcnf,tier2,1,6.7,6.8,19.6,2.3
48,data/generated/calib_b/wksat_v400_k2_sr2.30_hr0.00_w1_uniform_s2.wcnf,tier2,2,2.3,2.3,2.0,4.6
48,data/generated/calib_b/wksat_v400_k2_sr2.30_hr0.00_w1_uniform_s2.wcnf,tier2,3,21.6,21.5,1.0,4.7
60,data/generated/calib_b/wksat_v50_k3_sr9.00_hr0.00_w1_uniform_s5.wcnf,upper_ext,1,1.4,,0.5,1.4
60,data/generated/calib_b/wksat_v50_k3_sr9.00_hr0.00_w1_uniform_s5.wcnf,upper_ext,2,1.4,,0.5,1.4
60,data/generated/calib_b/wksat_v50_k3_sr9.00_hr0.00_w1_uniform_s5.wcnf,upper_ext,3,1.4,,0.5,1.4
69,data/generated/calib_b/wksat_v70_k3_sr6.50_hr0.00_w1_uniform_s4.wcnf,tier2,1,1.2,,0.5,1.3
69,data/generated/calib_b/wksat_v70_k3_sr6.50_hr0.00_w1_uniform_s4.wcnf,tier2,2,1.2,,0.5,1.3
69,data/generated/calib_b/wksat_v70_k3_sr6.50_hr0.00_w1_uniform_s4.wcnf,tier2,3,1.2,,0.5,1.2
