instance,group,n_vars,c_star,rc2_solve_s,uni_succ,uni_ert_s,uni_ert_polish,uni_ert_flips,uni_flips_per_polish,uni_ttt_s1..s5,jw_succ,jw_ert_s,jw_ert_polish,jw_ert_flips,jw_flips_per_polish,jw_ttt_s1..s5,mem_succ,mem_ert_s,mem_ert_polish,mem_ert_flips,mem_flips_per_polish,mem_ttt_s1..s5,ratio_jw_over_uni_s,ratio_jw_over_uni_polish,ratio_jw_over_uni_flips,ratio_mem_over_jw_s,ratio_mem_over_jw_polish,ratio_mem_over_jw_flips,ratio_mem_over_uni_s,ratio_mem_over_uni_polish,ratio_mem_over_uni_flips
data/unsat250_1000c/uuf250-072.cnf,uuf250_1000c,250,1,63.1,5,20.506,40.8,101873.8,2496.9,14.6;37.8;15.6;7.0;27.6,5,43.19,86.0,238657.2,2775.1,27.1;107.5;20.6;12.1;48.7,5,25.296,50.2,109274.8,2176.8,26.2;11.6;35.3;32.2;21.2,2.1062,2.1078,2.3427,0.5857,0.5837,0.4579,1.2336,1.2304,1.0726
data/unsat_uuf_diff/uuf250-03.cnf,uuf_diff_unsat,250,1,67.723,5,16.788,33.4,76966.2,2304.4,39.2;6.5;14.1;17.6;6.5,5,27.435,54.6,135671.6,2484.8,15.1;34.1;11.0;10.6;66.3,5,18.755,37.2,79825.6,2145.8,20.2;1.5;21.2;26.2;24.7,1.6342,1.6347,1.7627,0.6836,0.6813,0.5884,1.1172,1.1138,1.0372
data/unsat250_1000c/uuf250-089.cnf,uuf250_1000c,250,1,70.743,5,94.394,187.8,432545.0,2303.2,33.7;71.4;39.7;64.8;262.4,5,31.264,62.2,140087.6,2252.2,24.6;90.0;4.0;17.6;20.1,5,14.328,28.4,57048.0,2008.7,10.1;21.7;23.7;1.0;15.1,0.3312,0.3312,0.3239,0.4583,0.4566,0.4072,0.1518,0.1512,0.1319
data/unsat_uuf_diff/uuf250-05.cnf,uuf_diff_unsat,250,1,75.776,4,471.97,938.75,1901149.75,2025.2,132.2;92.1;717.4;46.2;fail,5,351.606,699.4,1539436.4,2201.1,619.7;135.2;219.8;175.0;608.2,5,42.948,85.2,172273.0,2022.0,35.4;50.4;27.7;77.1;24.2,0.745,0.745,0.8097,0.1221,0.1218,0.1119,0.091,0.0908,0.0906
data/unsat250_1000c/uuf250-079.cnf,uuf250_1000c,250,1,81.058,5,171.288,340.8,765436.4,2246.0,567.5;73.9;69.3;131.1;14.6,5,169.729,338.0,950237.8,2811.4,67.9;240.0;165.7;56.2;318.8,5,125.124,248.4,545902.6,2197.7,11.2;374.8;66.5;66.5;106.7,0.9909,0.9918,1.2414,0.7372,0.7349,0.5745,0.7305,0.7289,0.7132
data/unsat250_1000c/uuf250-066.cnf,uuf250_1000c,250,1,106.544,5,138.64,275.8,596307.6,2162.1,150.3;198.1;33.2;12.1;299.6,5,50.053,99.6,240033.0,2410.0,83.4;27.6;79.4;27.1;32.6,4,245.397,496.5,1288622.25,2595.4,17.1;fail;21.7;11.6;31.2,0.361,0.3611,0.4025,4.9027,4.9849,5.3685,1.77,1.8002,2.161
data/unsat250_1000c/uuf250-071.cnf,uuf250_1000c,250,1,106.725,4,618.786,1232.0,3244840.75,2633.8,102.5;859.4;fail;322.5;290.8,5,334.052,665.0,1765297.6,2654.6,99.5;306.4;804.8;177.4;282.2,3,621.992,1259.667,2834379.0,2250.1,32.2;23.1;fail;10.6;fail,0.5399,0.5398,0.544,1.862,1.8942,1.6056,1.0052,1.0225,0.8735
data/unsat250_1000c/uuf250-081.cnf,uuf250_1000c,250,1,110.62,3,794.344,1580.667,3552497.0,2247.5,182.0;fail;fail;378.4;22.6,5,179.605,357.6,965768.8,2700.7,288.7;21.1;344.4;10.5;233.2,5,97.461,193.6,449658.0,2322.6,144.6;40.3;221.9;35.3;45.3,0.2261,0.2262,0.2719,0.5426,0.5414,0.4656,0.1227,0.1225,0.1266
data/unsat_uuf_diff/uuf250-010.cnf,uuf_diff_unsat,250,1,121.311,5,209.212,416.4,1018715.6,2446.5,54.8;32.7;484.7;301.5;172.4,5,71.721,142.6,283873.2,1990.7,121.7;32.7;124.3;25.1;54.8,5,28.222,56.0,120348.0,2149.1,29.7;20.2;43.3;36.8;11.1,0.3428,0.3425,0.2787,0.3935,0.3927,0.4239,0.1349,0.1345,0.1181
data/unsat250_1000c/uuf250-093.cnf,uuf250_1000c,250,1,127.973,5,12.373,24.6,49579.8,2015.4,27.7;9.6;5.0;7.5;12.1,5,83.847,166.8,372547.2,2233.5,103.0;148.3;53.3;75.4;39.2,5,21.481,42.6,87289.0,2049.0,23.7;20.2;20.7;33.8;9.1,6.7766,6.7805,7.5141,0.2562,0.2554,0.2343,1.7361,1.7317,1.7606
data/unsat250_1000c/uuf250-099.cnf,uuf250_1000c,250,1,128.158,5,329.668,655.8,1462994.6,2230.9,152.8;398.3;364.9;191.5;541.0,5,139.588,277.8,697880.8,2512.2,68.9;193.7;123.7;19.6;292.2,4,258.301,522.0,1193511.25,2286.4,fail;29.7;39.4;35.3;28.8,0.4234,0.4236,0.477,1.8505,1.879,1.7102,0.7835,0.796,0.8158
data/unsat_uuf_diff/uuf200-02.cnf,uuf_diff_unsat,200,2,128.5,5,11.749,23.4,64903.2,2773.6,0.5;23.6;15.6;11.0;8.0,5,8.235,16.4,47897.2,2920.6,0.5;8.0;12.1;12.5;8.0,5,9.166,18.2,47680.6,2619.8,2.5;19.6;8.6;4.0;11.1,0.7009,0.7009,0.738,1.1131,1.1098,0.9955,0.7802,0.7778,0.7346
data/unsat250_1000c/uuf250-094.cnf,uuf250_1000c,250,1,129.716,5,68.054,135.4,307973.2,2274.5,15.6;29.7;97.5;190.0;7.5,5,32.268,64.2,148675.6,2315.8,22.1;68.9;10.1;10.1;50.3,5,29.027,57.6,121783.8,2114.3,13.6;19.7;1.5;43.8;66.5,0.4742,0.4742,0.4828,0.8996,0.8972,0.8191,0.4265,0.4254,0.3954
data/unsat250_1000c/uuf250-070.cnf,uuf250_1000c,250,1,145.584,5,325.905,648.6,1559211.0,2404.0,314.2;407.6;567.6;12.6;327.6,5,110.211,219.4,578259.6,2635.6,25.6;30.1;107.0;266.3;122.1,3,617.313,1250.333,2607966.333,2085.8,fail;fail;21.7;29.2;1.0,0.3382,0.3383,0.3709,5.6012,5.6989,4.51,1.8942,1.9277,1.6726
data/unsat250_1000c/uuf250-096.cnf,uuf250_1000c,250,1,149.447,5,348.275,692.6,1438563.0,2077.0,333.8;97.5;801.4;44.7;464.0,5,143.146,284.8,652434.6,2290.9,364.4;227.2;72.4;29.7;22.1,4,428.206,859.5,1820360.0,2117.9,28.2;5.6;44.3;734.7;fail,0.411,0.4112,0.4535,2.9914,3.0179,2.7901,1.2295,1.241,1.2654
data/unsat250_1000c/uuf250-090.cnf,uuf250_1000c,250,1,151.173,5,287.073,571.2,1294711.0,2266.7,499.5;265.4;61.3;263.4;345.8,5,304.42,605.2,1164968.8,1924.9,307.3;34.2;256.1;726.4;198.2,5,37.402,74.2,149031.0,2008.5,50.4;38.9;1.0;43.3;53.4,1.0604,1.0595,0.8998,0.1229,0.1226,0.1279,0.1303,0.1299,0.1151
data/unsat_uuf_diff/uuf250-07.cnf,uuf_diff_unsat,250,1,154.694,5,141.151,280.8,611159.6,2176.5,97.5;294.6;7.5;112.1;194.0,5,78.302,155.8,360368.8,2313.0,123.1;2.0;186.0;59.3;21.1,5,45.154,89.6,191044.8,2132.2,52.5;80.6;46.8;6.6;39.3,0.5547,0.5548,0.5896,0.5767,0.5751,0.5301,0.3199,0.3191,0.3126
data/unsat_uuf_diff/uuf250-06.cnf,uuf_diff_unsat,250,1,185.431,5,259.878,516.6,971081.6,1879.8,469.4;89.0;440.5;105.1;195.5,5,148.125,294.8,741200.6,2514.2,175.9;204.9;275.9;69.3;14.6,5,35.675,70.8,160106.8,2261.4,16.6;36.2;32.8;85.6;7.1,0.57,0.5707,0.7633,0.2408,0.2402,0.216,0.1373,0.137,0.1649
data/unsat250_1000c/uuf250-080.cnf,uuf250_1000c,250,1,212.418,5,248.307,494.2,1235167.8,2499.3,409.3;197.9;27.6;474.5;132.2,4,408.048,812.25,2039812.5,2511.3,fail;135.2;106.9;273.1;216.9,3,674.877,1364.667,2978992.667,2182.9,91.7;64.4;fail;68.5;fail,1.6433,1.6436,1.6514,1.6539,1.6801,1.4604,2.7179,2.7614,2.4118
data/unsat250_1000c/uuf250-0100.cnf,uuf250_1000c,250,1,219.129,5,223.23,444.0,926771.2,2087.3,168.9;76.4;413.7;131.4;325.8,5,454.705,904.6,2063802.4,2281.5,301.6;258.9;751.5;513.7;447.9,5,28.321,56.2,121252.8,2157.5,23.7;56.4;27.7;7.6;26.2,2.0369,2.0374,2.2269,0.0623,0.0621,0.0588,0.1269,0.1266,0.1308
data/unsat250_1000c/uuf250-075.cnf,uuf250_1000c,250,1,269.613,5,53.107,105.8,325635.2,3077.8,55.7;16.6;122.5;67.3;3.5,5,29.029,57.8,161422.0,2792.8,31.1;4.0;1.0;42.7;66.3,5,16.958,33.6,65630.8,1953.3,21.7;17.2;30.2;4.1;11.6,0.5466,0.5463,0.4957,0.5842,0.5813,0.4066,0.3193,0.3176,0.2015
data/unsat_uuf_diff/uuf200-01.cnf,uuf_diff_unsat,200,2,307.403,5,63.265,126.0,340582.2,2703.0,18.1;117.0;143.6;19.6;18.1,5,95.42,190.0,511188.2,2690.5,53.2;32.1;44.2;237.6;109.9,4,388.442,781.0,2093073.0,2680.0,39.7;145.8;8.1;fail;460.1,1.5083,1.5079,1.5009,4.0709,4.1105,4.0945,6.1399,6.1984,6.1456
data/unsat250_1000c/uuf250-098.cnf,uuf250_1000c,250,1,311.374,4,399.31,794.5,1696569.0,2135.4,32.7;fail;97.5;287.6;279.5,4,448.725,893.25,2281645.0,2554.3,295.2;134.2;149.8;fail;315.7,3,628.529,1272.667,2743619.667,2155.8,fail;fail;1.0;79.5;5.1,1.1238,1.1243,1.3449,1.4007,1.4248,1.2025,1.574,1.6018,1.6172
data/unsat_uuf_diff/uuf250-09.cnf,uuf_diff_unsat,250,1,383.872,5,219.574,436.8,972990.8,2227.5,344.6;99.0;401.4;131.7;121.1,5,194.333,386.4,782773.2,2025.8,165.4;12.1;149.9;274.7;369.7,5,53.197,105.6,229289.6,2171.3,1.5;15.6;32.2;50.9;165.7,0.885,0.8846,0.8045,0.2737,0.2733,0.2929,0.2423,0.2418,0.2357
data/unsat250_1000c/uuf250-087.cnf,uuf250_1000c,250,1,436.684,5,44.932,89.4,200383.0,2241.4,31.7;32.7;135.2;9.5;15.6,5,39.187,78.0,198042.0,2539.0,19.6;39.7;8.5;40.2;87.9,5,22.006,43.6,81034.8,1858.6,17.1;18.2;1.0;29.2;44.4,0.8721,0.8725,0.9883,0.5616,0.559,0.4092,0.4898,0.4877,0.4044
data/unsat250_1000c/uuf250-097.cnf,uuf250_1000c,250,1,495.832,4,484.699,964.5,2113216.75,2191.0,602.7;fail;85.4;334.1;16.6,4,607.374,1208.5,2795814.0,2313.5,200.0;642.9;fail;91.5;595.1,5,40.631,80.6,160950.4,1996.9,40.8;21.7;27.2;58.0;55.5,1.2531,1.253,1.323,0.0669,0.0667,0.0576,0.0838,0.0836,0.0762
