t2m_00001	data/unsat250_1000c/uuf250-0100.cnf	configs/tier2/memetic_base.yaml	memetic_base	1	900	1	T2a	uuf250_1000c
t2m_00002	data/unsat250_1000c/uuf250-0100.cnf	configs/tier2/memetic_base.yaml	memetic_base	2	900	1	T2a	uuf250_1000c
t2m_00003	data/unsat250_1000c/uuf250-0100.cnf	configs/tier2/memetic_base.yaml	memetic_base	3	900	1	T2a	uuf250_1000c
t2m_00004	data/unsat250_1000c/uuf250-0100.cnf	configs/tier2/memetic_base.yaml	memetic_base	4	900	1	T2a	uuf250_1000c
t2m_00005	data/unsat250_1000c/uuf250-0100.cnf	configs/tier2/memetic_base.yaml	memetic_base	5	900	1	T2a	uuf250_1000c
t2m_00006	data/unsat250_1000c/uuf250-0100.cnf	configs/tier2/memetic_pop150.yaml	memetic_pop150	1	900	1	T2a	uuf250_1000c
t2m_00007	data/unsat250_1000c/uuf250-0100.cnf	configs/tier2/memetic_pop150.yaml	memetic_pop150	2	900	1	T2a	uuf250_1000c
t2m_00008	data/unsat250_1000c/uuf250-0100.cnf	configs/tier2/memetic_pop150.yaml	memetic_pop150	3	900	1	T2a	uuf250_1000c
t2m_00009	data/unsat250_1000c/uuf250-0100.cnf	configs/tier2/memetic_pop150.yaml	memetic_pop150	4	900	1	T2a	uuf250_1000c
t2m_00010	data/unsat250_1000c/uuf250-0100.cnf	configs/tier2/memetic_pop150.yaml	memetic_pop150	5	900	1	T2a	uuf250_1000c
t2m_00011	data/unsat250_1000c/uuf250-0100.cnf	configs/tier2/memetic_deeppolish.yaml	memetic_deeppolish	1	900	1	T2a	uuf250_1000c
t2m_00012	data/unsat250_1000c/uuf250-0100.cnf	configs/tier2/memetic_deeppolish.yaml	memetic_deeppolish	2	900	1	T2a	uuf250_1000c
t2m_00013	data/unsat250_1000c/uuf250-0100.cnf	configs/tier2/memetic_deeppolish.yaml	memetic_deeppolish	3	900	1	T2a	uuf250_1000c
t2m_00014	data/unsat250_1000c/uuf250-0100.cnf	configs/tier2/memetic_deeppolish.yaml	memetic_deeppolish	4	900	1	T2a	uuf250_1000c
t2m_00015	data/unsat250_1000c/uuf250-0100.cnf	configs/tier2/memetic_deeppolish.yaml	memetic_deeppolish	5	900	1	T2a	uuf250_1000c
t2m_00016	data/unsat250_1000c/uuf250-066.cnf	configs/tier2/memetic_base.yaml	memetic_base	1	900	1	T2a	uuf250_1000c
t2m_00017	data/unsat250_1000c/uuf250-066.cnf	configs/tier2/memetic_base.yaml	memetic_base	2	900	1	T2a	uuf250_1000c
t2m_00018	data/unsat250_1000c/uuf250-066.cnf	configs/tier2/memetic_base.yaml	memetic_base	3	900	1	T2a	uuf250_1000c
t2m_00019	data/unsat250_1000c/uuf250-066.cnf	configs/tier2/memetic_base.yaml	memetic_base	4	900	1	T2a	uuf250_1000c
t2m_00020	data/unsat250_1000c/uuf250-066.cnf	configs/tier2/memetic_base.yaml	memetic_base	5	900	1	T2a	uuf250_1000c
t2m_00021	data/unsat250_1000c/uuf250-066.cnf	configs/tier2/memetic_pop150.yaml	memetic_pop150	1	900	1	T2a	uuf250_1000c
t2m_00022	data/unsat250_1000c/uuf250-066.cnf	configs/tier2/memetic_pop150.yaml	memetic_pop150	2	900	1	T2a	uuf250_1000c
t2m_00023	data/unsat250_1000c/uuf250-066.cnf	configs/tier2/memetic_pop150.yaml	memetic_pop150	3	900	1	T2a	uuf250_1000c
t2m_00024	data/unsat250_1000c/uuf250-066.cnf	configs/tier2/memetic_pop150.yaml	memetic_pop150	4	900	1	T2a	uuf250_1000c
t2m_00025	data/unsat250_1000c/uuf250-066.cnf	configs/tier2/memetic_pop150.yaml	memetic_pop150	5	900	1	T2a	uuf250_1000c
t2m_00026	data/unsat250_1000c/uuf250-066.cnf	configs/tier2/memetic_deeppolish.yaml	memetic_deeppolish	1	900	1	T2a	uuf250_1000c
t2m_00027	data/unsat250_1000c/uuf250-066.cnf	configs/tier2/memetic_deeppolish.yaml	memetic_deeppolish	2	900	1	T2a	uuf250_1000c
t2m_00028	data/unsat250_1000c/uuf250-066.cnf	configs/tier2/memetic_deeppolish.yaml	memetic_deeppolish	3	900	1	T2a	uuf250_1000c
t2m_00029	data/unsat250_1000c/uuf250-066.cnf	configs/tier2/memetic_deeppolish.yaml	memetic_deeppolish	4	900	1	T2a	uuf250_1000c
t2m_00030	data/unsat250_1000c/uuf250-066.cnf	configs/tier2/memetic_deeppolish.yaml	memetic_deeppolish	5	900	1	T2a	uuf250_1000c
t2m_00031	data/unsat250_1000c/uuf250-070.cnf	configs/tier2/memetic_base.yaml	memetic_base	1	900	1	T2a	uuf250_1000c
t2m_00032	data/unsat250_1000c/uuf250-070.cnf	configs/tier2/memetic_base.yaml	memetic_base	2	900	1	T2a	uuf250_1000c
t2m_00033	data/unsat250_1000c/uuf250-070.cnf	configs/tier2/memetic_base.yaml	memetic_base	3	900	1	T2a	uuf250_1000c
t2m_00034	data/unsat250_1000c/uuf250-070.cnf	configs/tier2/memetic_base.yaml	memetic_base	4	900	1	T2a	uuf250_1000c
t2m_00035	data/unsat250_1000c/uuf250-070.cnf	configs/tier2/memetic_base.yaml	memetic_base	5	900	1	T2a	uuf250_1000c
t2m_00036	data/unsat250_1000c/uuf250-070.cnf	configs/tier2/memetic_pop150.yaml	memetic_pop150	1	900	1	T2a	uuf250_1000c
t2m_00037	data/unsat250_1000c/uuf250-070.cnf	configs/tier2/memetic_pop150.yaml	memetic_pop150	2	900	1	T2a	uuf250_1000c
t2m_00038	data/unsat250_1000c/uuf250-070.cnf	configs/tier2/memetic_pop150.yaml	memetic_pop150	3	900	1	T2a	uuf250_1000c
t2m_00039	data/unsat250_1000c/uuf250-070.cnf	configs/tier2/memetic_pop150.yaml	memetic_pop150	4	900	1	T2a	uuf250_1000c
t2m_00040	data/unsat250_1000c/uuf250-070.cnf	configs/tier2/memetic_pop150.yaml	memetic_pop150	5	900	1	T2a	uuf250_1000c
t2m_00041	data/unsat250_1000c/uuf250-070.cnf	configs/tier2/memetic_deeppolish.yaml	memetic_deeppolish	1	900	1	T2a	uuf250_1000c
t2m_00042	data/unsat250_1000c/uuf250-070.cnf	configs/tier2/memetic_deeppolish.yaml	memetic_deeppolish	2	900	1	T2a	uuf250_1000c
t2m_00043	data/unsat250_1000c/uuf250-070.cnf	configs/tier2/memetic_deeppolish.yaml	memetic_deeppolish	3	900	1	T2a	uuf250_1000c
t2m_00044	data/unsat250_1000c/uuf250-070.cnf	configs/tier2/memetic_deeppolish.yaml	memetic_deeppolish	4	900	1	T2a	uuf250_1000c
t2m_00045	data/unsat250_1000c/uuf250-070.cnf	configs/tier2/memetic_deeppolish.yaml	memetic_deeppolish	5	900	1	T2a	uuf250_1000c
t2m_00046	data/unsat250_1000c/uuf250-071.cnf	configs/tier2/memetic_base.yaml	memetic_base	1	900	1	T2a	uuf250_1000c
t2m_00047	data/unsat250_1000c/uuf250-071.cnf	configs/tier2/memetic_base.yaml	memetic_base	2	900	1	T2a	uuf250_1000c
t2m_00048	data/unsat250_1000c/uuf250-071.cnf	configs/tier2/memetic_base.yaml	memetic_base	3	900	1	T2a	uuf250_1000c
t2m_00049	data/unsat250_1000c/uuf250-071.cnf	configs/tier2/memetic_base.yaml	memetic_base	4	900	1	T2a	uuf250_1000c
t2m_00050	data/unsat250_1000c/uuf250-071.cnf	configs/tier2/memetic_base.yaml	memetic_base	5	900	1	T2a	uuf250_1000c
t2m_00051	data/unsat250_1000c/uuf250-071.cnf	configs/tier2/memetic_pop150.yaml	memetic_pop150	1	900	1	T2a	uuf250_1000c
t2m_00052	data/unsat250_1000c/uuf250-071.cnf	configs/tier2/memetic_pop150.yaml	memetic_pop150	2	900	1	T2a	uuf250_1000c
t2m_00053	data/unsat250_1000c/uuf250-071.cnf	configs/tier2/memetic_pop150.yaml	memetic_pop150	3	900	1	T2a	uuf250_1000c
t2m_00054	data/unsat250_1000c/uuf250-071.cnf	configs/tier2/memetic_pop150.yaml	memetic_pop150	4	900	1	T2a	uuf250_1000c
t2m_00055	data/unsat250_1000c/uuf250-071.cnf	configs/tier2/memetic_pop150.yaml	memetic_pop150	5	900	1	T2a	uuf250_1000c
t2m_00056	data/unsat250_1000c/uuf250-071.cnf	configs/tier2/memetic_deeppolish.yaml	memetic_deeppolish	1	900	1	T2a	uuf250_1000c
t2m_00057	data/unsat250_1000c/uuf250-071.cnf	configs/tier2/memetic_deeppolish.yaml	memetic_deeppolish	2	900	1	T2a	uuf250_1000c
t2m_00058	data/unsat250_1000c/uuf250-071.cnf	configs/tier2/memetic_deeppolish.yaml	memetic_deeppolish	3	900	1	T2a	uuf250_1000c
t2m_00059	data/unsat250_1000c/uuf250-071.cnf	configs/tier2/memetic_deeppolish.yaml	memetic_deeppolish	4	900	1	T2a	uuf250_1000c
t2m_00060	data/unsat250_1000c/uuf250-071.cnf	configs/tier2/memetic_deeppolish.yaml	memetic_deeppolish	5	900	1	T2a	uuf250_1000c
t2m_00061	data/unsat250_1000c/uuf250-072.cnf	configs/tier2/memetic_base.yaml	memetic_base	1	900	1	T2a	uuf250_1000c
t2m_00062	data/unsat250_1000c/uuf250-072.cnf	configs/tier2/memetic_base.yaml	memetic_base	2	900	1	T2a	uuf250_1000c
t2m_00063	data/unsat250_1000c/uuf250-072.cnf	configs/tier2/memetic_base.yaml	memetic_base	3	900	1	T2a	uuf250_1000c
t2m_00064	data/unsat250_1000c/uuf250-072.cnf	configs/tier2/memetic_base.yaml	memetic_base	4	900	1	T2a	uuf250_1000c
t2m_00065	data/unsat250_1000c/uuf250-072.cnf	configs/tier2/memetic_base.yaml	memetic_base	5	900	1	T2a	uuf250_1000c
t2m_00066	data/unsat250_1000c/uuf250-072.cnf	configs/tier2/memetic_pop150.yaml	memetic_pop150	1	900	1	T2a	uuf250_1000c
t2m_00067	data/unsat250_1000c/uuf250-072.cnf	configs/tier2/memetic_pop150.yaml	memetic_pop150	2	900	1	T2a	uuf250_1000c
t2m_00068	data/unsat250_1000c/uuf250-072.cnf	configs/tier2/memetic_pop150.yaml	memetic_pop150	3	900	1	T2a	uuf250_1000c
t2m_00069	data/unsat250_1000c/uuf250-072.cnf	configs/tier2/memetic_pop150.yaml	memetic_pop150	4	900	1	T2a	uuf250_1000c
t2m_00070	data/unsat250_1000c/uuf250-072.cnf	configs/tier2/memetic_pop150.yaml	memetic_pop150	5	900	1	T2a	uuf250_1000c
t2m_00071	data/unsat250_1000c/uuf250-072.cnf	configs/tier2/memetic_deeppolish.yaml	memetic_deeppolish	1	900	1	T2a	uuf250_1000c
t2m_00072	data/unsat250_1000c/uuf250-072.cnf	configs/tier2/memetic_deeppolish.yaml	memetic_deeppolish	2	900	1	T2a	uuf250_1000c
t2m_00073	data/unsat250_1000c/uuf250-072.cnf	configs/tier2/memetic_deeppolish.yaml	memetic_deeppolish	3	900	1	T2a	uuf250_1000c
t2m_00074	data/unsat250_1000c/uuf250-072.cnf	configs/tier2/memetic_deeppolish.yaml	memetic_deeppolish	4	900	1	T2a	uuf250_1000c
t2m_00075	data/unsat250_1000c/uuf250-072.cnf	configs/tier2/memetic_deeppolish.yaml	memetic_deeppolish	5	900	1	T2a	uuf250_1000c
t2m_00076	data/unsat250_1000c/uuf250-075.cnf	configs/tier2/memetic_base.yaml	memetic_base	1	900	1	T2a	uuf250_1000c
t2m_00077	data/unsat250_1000c/uuf250-075.cnf	configs/tier2/memetic_base.yaml	memetic_base	2	900	1	T2a	uuf250_1000c
t2m_00078	data/unsat250_1000c/uuf250-075.cnf	configs/tier2/memetic_base.yaml	memetic_base	3	900	1	T2a	uuf250_1000c
t2m_00079	data/unsat250_1000c/uuf250-075.cnf	configs/tier2/memetic_base.yaml	memetic_base	4	900	1	T2a	uuf250_1000c
t2m_00080	data/unsat250_1000c/uuf250-075.cnf	configs/tier2/memetic_base.yaml	memetic_base	5	900	1	T2a	uuf250_1000c
t2m_00081	data/unsat250_1000c/uuf250-075.cnf	configs/tier2/memetic_pop150.yaml	memetic_pop150	1	900	1	T2a	uuf250_1000c
t2m_00082	data/unsat250_1000c/uuf250-075.cnf	configs/tier2/memetic_pop150.yaml	memetic_pop150	2	900	1	T2a	uuf250_1000c
t2m_00083	data/unsat250_1000c/uuf250-075.cnf	configs/tier2/memetic_pop150.yaml	memetic_pop150	3	900	1	T2a	uuf250_1000c
t2m_00084	data/unsat250_1000c/uuf250-075.cnf	configs/tier2/memetic_pop150.yaml	memetic_pop150	4	900	1	T2a	uuf250_1000c
t2m_00085	data/unsat250_1000c/uuf250-075.cnf	configs/tier2/memetic_pop150.yaml	memetic_pop150	5	900	1	T2a	uuf250_1000c
t2m_00086	data/unsat250_1000c/uuf250-075.cnf	configs/tier2/memetic_deeppolish.yaml	memetic_deeppolish	1	900	1	T2a	uuf250_1000c
t2m_00087	data/unsat250_1000c/uuf250-075.cnf	configs/tier2/memetic_deeppolish.yaml	memetic_deeppolish	2	900	1	T2a	uuf250_1000c
t2m_00088	data/unsat250_1000c/uuf250-075.cnf	configs/tier2/memetic_deeppolish.yaml	memetic_deeppolish	3	900	1	T2a	uuf250_1000c
t2m_00089	data/unsat250_1000c/uuf250-075.cnf	configs/tier2/memetic_deeppolish.yaml	memetic_deeppolish	4	900	1	T2a	uuf250_1000c
t2m_00090	data/unsat250_1000c/uuf250-075.cnf	configs/tier2/memetic_deeppolish.yaml	memetic_deeppolish	5	900	1	T2a	uuf250_1000c
t2m_00091	data/unsat250_1000c/uuf250-079.cnf	configs/tier2/memetic_base.yaml	memetic_base	1	900	1	T2a	uuf250_1000c
t2m_00092	data/unsat250_1000c/uuf250-079.cnf	configs/tier2/memetic_base.yaml	memetic_base	2	900	1	T2a	uuf250_1000c
t2m_00093	data/unsat250_1000c/uuf250-079.cnf	configs/tier2/memetic_base.yaml	memetic_base	3	900	1	T2a	uuf250_1000c
t2m_00094	data/unsat250_1000c/uuf250-079.cnf	configs/tier2/memetic_base.yaml	memetic_base	4	900	1	T2a	uuf250_1000c
t2m_00095	data/unsat250_1000c/uuf250-079.cnf	configs/tier2/memetic_base.yaml	memetic_base	5	900	1	T2a	uuf250_1000c
t2m_00096	data/unsat250_1000c/uuf250-079.cnf	configs/tier2/memetic_pop150.yaml	memetic_pop150	1	900	1	T2a	uuf250_1000c
t2m_00097	data/unsat250_1000c/uuf250-079.cnf	configs/tier2/memetic_pop150.yaml	memetic_pop150	2	900	1	T2a	uuf250_1000c
t2m_00098	data/unsat250_1000c/uuf250-079.cnf	configs/tier2/memetic_pop150.yaml	memetic_pop150	3	900	1	T2a	uuf250_1000c
t2m_00099	data/unsat250_1000c/uuf250-079.cnf	configs/tier2/memetic_pop150.yaml	memetic_pop150	4	900	1	T2a	uuf250_1000c
t2m_00100	data/unsat250_1000c/uuf250-079.cnf	configs/tier2/memetic_pop150.yaml	memetic_pop150	5	900	1	T2a	uuf250_1000c
t2m_00101	data/unsat250_1000c/uuf250-079.cnf	configs/tier2/memetic_deeppolish.yaml	memetic_deeppolish	1	900	1	T2a	uuf250_1000c
t2m_00102	data/unsat250_1000c/uuf250-079.cnf	configs/tier2/memetic_deeppolish.yaml	memetic_deeppolish	2	900	1	T2a	uuf250_1000c
t2m_00103	data/unsat250_1000c/uuf250-079.cnf	configs/tier2/memetic_deeppolish.yaml	memetic_deeppolish	3	900	1	T2a	uuf250_1000c
t2m_00104	data/unsat250_1000c/uuf250-079.cnf	configs/tier2/memetic_deeppolish.yaml	memetic_deeppolish	4	900	1	T2a	uuf250_1000c
t2m_00105	data/unsat250_1000c/uuf250-079.cnf	configs/tier2/memetic_deeppolish.yaml	memetic_deeppolish	5	900	1	T2a	uuf250_1000c
t2m_00106	data/unsat250_1000c/uuf250-080.cnf	configs/tier2/memetic_base.yaml	memetic_base	1	900	1	T2a	uuf250_1000c
t2m_00107	data/unsat250_1000c/uuf250-080.cnf	configs/tier2/memetic_base.yaml	memetic_base	2	900	1	T2a	uuf250_1000c
t2m_00108	data/unsat250_1000c/uuf250-080.cnf	configs/tier2/memetic_base.yaml	memetic_base	3	900	1	T2a	uuf250_1000c
t2m_00109	data/unsat250_1000c/uuf250-080.cnf	configs/tier2/memetic_base.yaml	memetic_base	4	900	1	T2a	uuf250_1000c
t2m_00110	data/unsat250_1000c/uuf250-080.cnf	configs/tier2/memetic_base.yaml	memetic_base	5	900	1	T2a	uuf250_1000c
t2m_00111	data/unsat250_1000c/uuf250-080.cnf	configs/tier2/memetic_pop150.yaml	memetic_pop150	1	900	1	T2a	uuf250_1000c
t2m_00112	data/unsat250_1000c/uuf250-080.cnf	configs/tier2/memetic_pop150.yaml	memetic_pop150	2	900	1	T2a	uuf250_1000c
t2m_00113	data/unsat250_1000c/uuf250-080.cnf	configs/tier2/memetic_pop150.yaml	memetic_pop150	3	900	1	T2a	uuf250_1000c
t2m_00114	data/unsat250_1000c/uuf250-080.cnf	configs/tier2/memetic_pop150.yaml	memetic_pop150	4	900	1	T2a	uuf250_1000c
t2m_00115	data/unsat250_1000c/uuf250-080.cnf	configs/tier2/memetic_pop150.yaml	memetic_pop150	5	900	1	T2a	uuf250_1000c
t2m_00116	data/unsat250_1000c/uuf250-080.cnf	configs/tier2/memetic_deeppolish.yaml	memetic_deeppolish	1	900	1	T2a	uuf250_1000c
t2m_00117	data/unsat250_1000c/uuf250-080.cnf	configs/tier2/memetic_deeppolish.yaml	memetic_deeppolish	2	900	1	T2a	uuf250_1000c
t2m_00118	data/unsat250_1000c/uuf250-080.cnf	configs/tier2/memetic_deeppolish.yaml	memetic_deeppolish	3	900	1	T2a	uuf250_1000c
t2m_00119	data/unsat250_1000c/uuf250-080.cnf	configs/tier2/memetic_deeppolish.yaml	memetic_deeppolish	4	900	1	T2a	uuf250_1000c
t2m_00120	data/unsat250_1000c/uuf250-080.cnf	configs/tier2/memetic_deeppolish.yaml	memetic_deeppolish	5	900	1	T2a	uuf250_1000c
t2m_00121	data/unsat250_1000c/uuf250-081.cnf	configs/tier2/memetic_base.yaml	memetic_base	1	900	1	T2a	uuf250_1000c
t2m_00122	data/unsat250_1000c/uuf250-081.cnf	configs/tier2/memetic_base.yaml	memetic_base	2	900	1	T2a	uuf250_1000c
t2m_00123	data/unsat250_1000c/uuf250-081.cnf	configs/tier2/memetic_base.yaml	memetic_base	3	900	1	T2a	uuf250_1000c
t2m_00124	data/unsat250_1000c/uuf250-081.cnf	configs/tier2/memetic_base.yaml	memetic_base	4	900	1	T2a	uuf250_1000c
t2m_00125	data/unsat250_1000c/uuf250-081.cnf	configs/tier2/memetic_base.yaml	memetic_base	5	900	1	T2a	uuf250_1000c
t2m_00126	data/unsat250_1000c/uuf250-081.cnf	configs/tier2/memetic_pop150.yaml	memetic_pop150	1	900	1	T2a	uuf250_1000c
t2m_00127	data/unsat250_1000c/uuf250-081.cnf	configs/tier2/memetic_pop150.yaml	memetic_pop150	2	900	1	T2a	uuf250_1000c
t2m_00128	data/unsat250_1000c/uuf250-081.cnf	configs/tier2/memetic_pop150.yaml	memetic_pop150	3	900	1	T2a	uuf250_1000c
t2m_00129	data/unsat250_1000c/uuf250-081.cnf	configs/tier2/memetic_pop150.yaml	memetic_pop150	4	900	1	T2a	uuf250_1000c
t2m_00130	data/unsat250_1000c/uuf250-081.cnf	configs/tier2/memetic_pop150.yaml	memetic_pop150	5	900	1	T2a	uuf250_1000c
t2m_00131	data/unsat250_1000c/uuf250-081.cnf	configs/tier2/memetic_deeppolish.yaml	memetic_deeppolish	1	900	1	T2a	uuf250_1000c
t2m_00132	data/unsat250_1000c/uuf250-081.cnf	configs/tier2/memetic_deeppolish.yaml	memetic_deeppolish	2	900	1	T2a	uuf250_1000c
t2m_00133	data/unsat250_1000c/uuf250-081.cnf	configs/tier2/memetic_deeppolish.yaml	memetic_deeppolish	3	900	1	T2a	uuf250_1000c
t2m_00134	data/unsat250_1000c/uuf250-081.cnf	configs/tier2/memetic_deeppolish.yaml	memetic_deeppolish	4	900	1	T2a	uuf250_1000c
t2m_00135	data/unsat250_1000c/uuf250-081.cnf	configs/tier2/memetic_deeppolish.yaml	memetic_deeppolish	5	900	1	T2a	uuf250_1000c
t2m_00136	data/unsat250_1000c/uuf250-087.cnf	configs/tier2/memetic_base.yaml	memetic_base	1	900	1	T2b	uuf250_1000c
t2m_00137	data/unsat250_1000c/uuf250-087.cnf	configs/tier2/memetic_base.yaml	memetic_base	2	900	1	T2b	uuf250_1000c
t2m_00138	data/unsat250_1000c/uuf250-087.cnf	configs/tier2/memetic_base.yaml	memetic_base	3	900	1	T2b	uuf250_1000c
t2m_00139	data/unsat250_1000c/uuf250-087.cnf	configs/tier2/memetic_base.yaml	memetic_base	4	900	1	T2b	uuf250_1000c
t2m_00140	data/unsat250_1000c/uuf250-087.cnf	configs/tier2/memetic_base.yaml	memetic_base	5	900	1	T2b	uuf250_1000c
t2m_00141	data/unsat250_1000c/uuf250-087.cnf	configs/tier2/memetic_pop150.yaml	memetic_pop150	1	900	1	T2b	uuf250_1000c
t2m_00142	data/unsat250_1000c/uuf250-087.cnf	configs/tier2/memetic_pop150.yaml	memetic_pop150	2	900	1	T2b	uuf250_1000c
t2m_00143	data/unsat250_1000c/uuf250-087.cnf	configs/tier2/memetic_pop150.yaml	memetic_pop150	3	900	1	T2b	uuf250_1000c
t2m_00144	data/unsat250_1000c/uuf250-087.cnf	configs/tier2/memetic_pop150.yaml	memetic_pop150	4	900	1	T2b	uuf250_1000c
t2m_00145	data/unsat250_1000c/uuf250-087.cnf	configs/tier2/memetic_pop150.yaml	memetic_pop150	5	900	1	T2b	uuf250_1000c
t2m_00146	data/unsat250_1000c/uuf250-087.cnf	configs/tier2/memetic_deeppolish.yaml	memetic_deeppolish	1	900	1	T2b	uuf250_1000c
t2m_00147	data/unsat250_1000c/uuf250-087.cnf	configs/tier2/memetic_deeppolish.yaml	memetic_deeppolish	2	900	1	T2b	uuf250_1000c
t2m_00148	data/unsat250_1000c/uuf250-087.cnf	configs/tier2/memetic_deeppolish.yaml	memetic_deeppolish	3	900	1	T2b	uuf250_1000c
t2m_00149	data/unsat250_1000c/uuf250-087.cnf	configs/tier2/memetic_deeppolish.yaml	memetic_deeppolish	4	900	1	T2b	uuf250_1000c
t2m_00150	data/unsat250_1000c/uuf250-087.cnf	configs/tier2/memetic_deeppolish.yaml	memetic_deeppolish	5	900	1	T2b	uuf250_1000c
t2m_00151	data/unsat250_1000c/uuf250-089.cnf	configs/tier2/memetic_base.yaml	memetic_base	1	900	1	T2a	uuf250_1000c
t2m_00152	data/unsat250_1000c/uuf250-089.cnf	configs/tier2/memetic_base.yaml	memetic_base	2	900	1	T2a	uuf250_1000c
t2m_00153	data/unsat250_1000c/uuf250-089.cnf	configs/tier2/memetic_base.yaml	memetic_base	3	900	1	T2a	uuf250_1000c
t2m_00154	data/unsat250_1000c/uuf250-089.cnf	configs/tier2/memetic_base.yaml	memetic_base	4	900	1	T2a	uuf250_1000c
t2m_00155	data/unsat250_1000c/uuf250-089.cnf	configs/tier2/memetic_base.yaml	memetic_base	5	900	1	T2a	uuf250_1000c
t2m_00156	data/unsat250_1000c/uuf250-089.cnf	configs/tier2/memetic_pop150.yaml	memetic_pop150	1	900	1	T2a	uuf250_1000c
t2m_00157	data/unsat250_1000c/uuf250-089.cnf	configs/tier2/memetic_pop150.yaml	memetic_pop150	2	900	1	T2a	uuf250_1000c
t2m_00158	data/unsat250_1000c/uuf250-089.cnf	configs/tier2/memetic_pop150.yaml	memetic_pop150	3	900	1	T2a	uuf250_1000c
t2m_00159	data/unsat250_1000c/uuf250-089.cnf	configs/tier2/memetic_pop150.yaml	memetic_pop150	4	900	1	T2a	uuf250_1000c
t2m_00160	data/unsat250_1000c/uuf250-089.cnf	configs/tier2/memetic_pop150.yaml	memetic_pop150	5	900	1	T2a	uuf250_1000c
t2m_00161	data/unsat250_1000c/uuf250-089.cnf	configs/tier2/memetic_deeppolish.yaml	memetic_deeppolish	1	900	1	T2a	uuf250_1000c
t2m_00162	data/unsat250_1000c/uuf250-089.cnf	configs/tier2/memetic_deeppolish.yaml	memetic_deeppolish	2	900	1	T2a	uuf250_1000c
t2m_00163	data/unsat250_1000c/uuf250-089.cnf	configs/tier2/memetic_deeppolish.yaml	memetic_deeppolish	3	900	1	T2a	uuf250_1000c
t2m_00164	data/unsat250_1000c/uuf250-089.cnf	configs/tier2/memetic_deeppolish.yaml	memetic_deeppolish	4	900	1	T2a	uuf250_1000c
t2m_00165	data/unsat250_1000c/uuf250-089.cnf	configs/tier2/memetic_deeppolish.yaml	memetic_deeppolish	5	900	1	T2a	uuf250_1000c
t2m_00166	data/unsat250_1000c/uuf250-090.cnf	configs/tier2/memetic_base.yaml	memetic_base	1	900	1	T2a	uuf250_1000c
t2m_00167	data/unsat250_1000c/uuf250-090.cnf	configs/tier2/memetic_base.yaml	memetic_base	2	900	1	T2a	uuf250_1000c
t2m_00168	data/unsat250_1000c/uuf250-090.cnf	configs/tier2/memetic_base.yaml	memetic_base	3	900	1	T2a	uuf250_1000c
t2m_00169	data/unsat250_1000c/uuf250-090.cnf	configs/tier2/memetic_base.yaml	memetic_base	4	900	1	T2a	uuf250_1000c
t2m_00170	data/unsat250_1000c/uuf250-090.cnf	configs/tier2/memetic_base.yaml	memetic_base	5	900	1	T2a	uuf250_1000c
t2m_00171	data/unsat250_1000c/uuf250-090.cnf	configs/tier2/memetic_pop150.yaml	memetic_pop150	1	900	1	T2a	uuf250_1000c
t2m_00172	data/unsat250_1000c/uuf250-090.cnf	configs/tier2/memetic_pop150.yaml	memetic_pop150	2	900	1	T2a	uuf250_1000c
t2m_00173	data/unsat250_1000c/uuf250-090.cnf	configs/tier2/memetic_pop150.yaml	memetic_pop150	3	900	1	T2a	uuf250_1000c
t2m_00174	data/unsat250_1000c/uuf250-090.cnf	configs/tier2/memetic_pop150.yaml	memetic_pop150	4	900	1	T2a	uuf250_1000c
t2m_00175	data/unsat250_1000c/uuf250-090.cnf	configs/tier2/memetic_pop150.yaml	memetic_pop150	5	900	1	T2a	uuf250_1000c
t2m_00176	data/unsat250_1000c/uuf250-090.cnf	configs/tier2/memetic_deeppolish.yaml	memetic_deeppolish	1	900	1	T2a	uuf250_1000c
t2m_00177	data/unsat250_1000c/uuf250-090.cnf	configs/tier2/memetic_deeppolish.yaml	memetic_deeppolish	2	900	1	T2a	uuf250_1000c
t2m_00178	data/unsat250_1000c/uuf250-090.cnf	configs/tier2/memetic_deeppolish.yaml	memetic_deeppolish	3	900	1	T2a	uuf250_1000c
t2m_00179	data/unsat250_1000c/uuf250-090.cnf	configs/tier2/memetic_deeppolish.yaml	memetic_deeppolish	4	900	1	T2a	uuf250_1000c
t2m_00180	data/unsat250_1000c/uuf250-090.cnf	configs/tier2/memetic_deeppolish.yaml	memetic_deeppolish	5	900	1	T2a	uuf250_1000c
t2m_00181	data/unsat250_1000c/uuf250-093.cnf	configs/tier2/memetic_base.yaml	memetic_base	1	900	1	T2a	uuf250_1000c
t2m_00182	data/unsat250_1000c/uuf250-093.cnf	configs/tier2/memetic_base.yaml	memetic_base	2	900	1	T2a	uuf250_1000c
t2m_00183	data/unsat250_1000c/uuf250-093.cnf	configs/tier2/memetic_base.yaml	memetic_base	3	900	1	T2a	uuf250_1000c
t2m_00184	data/unsat250_1000c/uuf250-093.cnf	configs/tier2/memetic_base.yaml	memetic_base	4	900	1	T2a	uuf250_1000c
t2m_00185	data/unsat250_1000c/uuf250-093.cnf	configs/tier2/memetic_base.yaml	memetic_base	5	900	1	T2a	uuf250_1000c
t2m_00186	data/unsat250_1000c/uuf250-093.cnf	configs/tier2/memetic_pop150.yaml	memetic_pop150	1	900	1	T2a	uuf250_1000c
t2m_00187	data/unsat250_1000c/uuf250-093.cnf	configs/tier2/memetic_pop150.yaml	memetic_pop150	2	900	1	T2a	uuf250_1000c
t2m_00188	data/unsat250_1000c/uuf250-093.cnf	configs/tier2/memetic_pop150.yaml	memetic_pop150	3	900	1	T2a	uuf250_1000c
t2m_00189	data/unsat250_1000c/uuf250-093.cnf	configs/tier2/memetic_pop150.yaml	memetic_pop150	4	900	1	T2a	uuf250_1000c
t2m_00190	data/unsat250_1000c/uuf250-093.cnf	configs/tier2/memetic_pop150.yaml	memetic_pop150	5	900	1	T2a	uuf250_1000c
t2m_00191	data/unsat250_1000c/uuf250-093.cnf	configs/tier2/memetic_deeppolish.yaml	memetic_deeppolish	1	900	1	T2a	uuf250_1000c
t2m_00192	data/unsat250_1000c/uuf250-093.cnf	configs/tier2/memetic_deeppolish.yaml	memetic_deeppolish	2	900	1	T2a	uuf250_1000c
t2m_00193	data/unsat250_1000c/uuf250-093.cnf	configs/tier2/memetic_deeppolish.yaml	memetic_deeppolish	3	900	1	T2a	uuf250_1000c
t2m_00194	data/unsat250_1000c/uuf250-093.cnf	configs/tier2/memetic_deeppolish.yaml	memetic_deeppolish	4	900	1	T2a	uuf250_1000c
t2m_00195	data/unsat250_1000c/uuf250-093.cnf	configs/tier2/memetic_deeppolish.yaml	memetic_deeppolish	5	900	1	T2a	uuf250_1000c
t2m_00196	data/unsat250_1000c/uuf250-094.cnf	configs/tier2/memetic_base.yaml	memetic_base	1	900	1	T2a	uuf250_1000c
t2m_00197	data/unsat250_1000c/uuf250-094.cnf	configs/tier2/memetic_base.yaml	memetic_base	2	900	1	T2a	uuf250_1000c
t2m_00198	data/unsat250_1000c/uuf250-094.cnf	configs/tier2/memetic_base.yaml	memetic_base	3	900	1	T2a	uuf250_1000c
t2m_00199	data/unsat250_1000c/uuf250-094.cnf	configs/tier2/memetic_base.yaml	memetic_base	4	900	1	T2a	uuf250_1000c
t2m_00200	data/unsat250_1000c/uuf250-094.cnf	configs/tier2/memetic_base.yaml	memetic_base	5	900	1	T2a	uuf250_1000c
t2m_00201	data/unsat250_1000c/uuf250-094.cnf	configs/tier2/memetic_pop150.yaml	memetic_pop150	1	900	1	T2a	uuf250_1000c
t2m_00202	data/unsat250_1000c/uuf250-094.cnf	configs/tier2/memetic_pop150.yaml	memetic_pop150	2	900	1	T2a	uuf250_1000c
t2m_00203	data/unsat250_1000c/uuf250-094.cnf	configs/tier2/memetic_pop150.yaml	memetic_pop150	3	900	1	T2a	uuf250_1000c
t2m_00204	data/unsat250_1000c/uuf250-094.cnf	configs/tier2/memetic_pop150.yaml	memetic_pop150	4	900	1	T2a	uuf250_1000c
t2m_00205	data/unsat250_1000c/uuf250-094.cnf	configs/tier2/memetic_pop150.yaml	memetic_pop150	5	900	1	T2a	uuf250_1000c
t2m_00206	data/unsat250_1000c/uuf250-094.cnf	configs/tier2/memetic_deeppolish.yaml	memetic_deeppolish	1	900	1	T2a	uuf250_1000c
t2m_00207	data/unsat250_1000c/uuf250-094.cnf	configs/tier2/memetic_deeppolish.yaml	memetic_deeppolish	2	900	1	T2a	uuf250_1000c
t2m_00208	data/unsat250_1000c/uuf250-094.cnf	configs/tier2/memetic_deeppolish.yaml	memetic_deeppolish	3	900	1	T2a	uuf250_1000c
t2m_00209	data/unsat250_1000c/uuf250-094.cnf	configs/tier2/memetic_deeppolish.yaml	memetic_deeppolish	4	900	1	T2a	uuf250_1000c
t2m_00210	data/unsat250_1000c/uuf250-094.cnf	configs/tier2/memetic_deeppolish.yaml	memetic_deeppolish	5	900	1	T2a	uuf250_1000c
t2m_00211	data/unsat250_1000c/uuf250-096.cnf	configs/tier2/memetic_base.yaml	memetic_base	1	900	1	T2a	uuf250_1000c
t2m_00212	data/unsat250_1000c/uuf250-096.cnf	configs/tier2/memetic_base.yaml	memetic_base	2	900	1	T2a	uuf250_1000c
t2m_00213	data/unsat250_1000c/uuf250-096.cnf	configs/tier2/memetic_base.yaml	memetic_base	3	900	1	T2a	uuf250_1000c
t2m_00214	data/unsat250_1000c/uuf250-096.cnf	configs/tier2/memetic_base.yaml	memetic_base	4	900	1	T2a	uuf250_1000c
t2m_00215	data/unsat250_1000c/uuf250-096.cnf	configs/tier2/memetic_base.yaml	memetic_base	5	900	1	T2a	uuf250_1000c
t2m_00216	data/unsat250_1000c/uuf250-096.cnf	configs/tier2/memetic_pop150.yaml	memetic_pop150	1	900	1	T2a	uuf250_1000c
t2m_00217	data/unsat250_1000c/uuf250-096.cnf	configs/tier2/memetic_pop150.yaml	memetic_pop150	2	900	1	T2a	uuf250_1000c
t2m_00218	data/unsat250_1000c/uuf250-096.cnf	configs/tier2/memetic_pop150.yaml	memetic_pop150	3	900	1	T2a	uuf250_1000c
t2m_00219	data/unsat250_1000c/uuf250-096.cnf	configs/tier2/memetic_pop150.yaml	memetic_pop150	4	900	1	T2a	uuf250_1000c
t2m_00220	data/unsat250_1000c/uuf250-096.cnf	configs/tier2/memetic_pop150.yaml	memetic_pop150	5	900	1	T2a	uuf250_1000c
t2m_00221	data/unsat250_1000c/uuf250-096.cnf	configs/tier2/memetic_deeppolish.yaml	memetic_deeppolish	1	900	1	T2a	uuf250_1000c
t2m_00222	data/unsat250_1000c/uuf250-096.cnf	configs/tier2/memetic_deeppolish.yaml	memetic_deeppolish	2	900	1	T2a	uuf250_1000c
t2m_00223	data/unsat250_1000c/uuf250-096.cnf	configs/tier2/memetic_deeppolish.yaml	memetic_deeppolish	3	900	1	T2a	uuf250_1000c
t2m_00224	data/unsat250_1000c/uuf250-096.cnf	configs/tier2/memetic_deeppolish.yaml	memetic_deeppolish	4	900	1	T2a	uuf250_1000c
t2m_00225	data/unsat250_1000c/uuf250-096.cnf	configs/tier2/memetic_deeppolish.yaml	memetic_deeppolish	5	900	1	T2a	uuf250_1000c
t2m_00226	data/unsat250_1000c/uuf250-097.cnf	configs/tier2/memetic_base.yaml	memetic_base	1	900	1	T2b	uuf250_1000c
t2m_00227	data/unsat250_1000c/uuf250-097.cnf	configs/tier2/memetic_base.yaml	memetic_base	2	900	1	T2b	uuf250_1000c
t2m_00228	data/unsat250_1000c/uuf250-097.cnf	configs/tier2/memetic_base.yaml	memetic_base	3	900	1	T2b	uuf250_1000c
t2m_00229	data/unsat250_1000c/uuf250-097.cnf	configs/tier2/memetic_base.yaml	memetic_base	4	900	1	T2b	uuf250_1000c
t2m_00230	data/unsat250_1000c/uuf250-097.cnf	configs/tier2/memetic_base.yaml	memetic_base	5	900	1	T2b	uuf250_1000c
t2m_00231	data/unsat250_1000c/uuf250-097.cnf	configs/tier2/memetic_pop150.yaml	memetic_pop150	1	900	1	T2b	uuf250_1000c
t2m_00232	data/unsat250_1000c/uuf250-097.cnf	configs/tier2/memetic_pop150.yaml	memetic_pop150	2	900	1	T2b	uuf250_1000c
t2m_00233	data/unsat250_1000c/uuf250-097.cnf	configs/tier2/memetic_pop150.yaml	memetic_pop150	3	900	1	T2b	uuf250_1000c
t2m_00234	data/unsat250_1000c/uuf250-097.cnf	configs/tier2/memetic_pop150.yaml	memetic_pop150	4	900	1	T2b	uuf250_1000c
t2m_00235	data/unsat250_1000c/uuf250-097.cnf	configs/tier2/memetic_pop150.yaml	memetic_pop150	5	900	1	T2b	uuf250_1000c
t2m_00236	data/unsat250_1000c/uuf250-097.cnf	configs/tier2/memetic_deeppolish.yaml	memetic_deeppolish	1	900	1	T2b	uuf250_1000c
t2m_00237	data/unsat250_1000c/uuf250-097.cnf	configs/tier2/memetic_deeppolish.yaml	memetic_deeppolish	2	900	1	T2b	uuf250_1000c
t2m_00238	data/unsat250_1000c/uuf250-097.cnf	configs/tier2/memetic_deeppolish.yaml	memetic_deeppolish	3	900	1	T2b	uuf250_1000c
t2m_00239	data/unsat250_1000c/uuf250-097.cnf	configs/tier2/memetic_deeppolish.yaml	memetic_deeppolish	4	900	1	T2b	uuf250_1000c
t2m_00240	data/unsat250_1000c/uuf250-097.cnf	configs/tier2/memetic_deeppolish.yaml	memetic_deeppolish	5	900	1	T2b	uuf250_1000c
t2m_00241	data/unsat250_1000c/uuf250-098.cnf	configs/tier2/memetic_base.yaml	memetic_base	1	900	1	T2b	uuf250_1000c
t2m_00242	data/unsat250_1000c/uuf250-098.cnf	configs/tier2/memetic_base.yaml	memetic_base	2	900	1	T2b	uuf250_1000c
t2m_00243	data/unsat250_1000c/uuf250-098.cnf	configs/tier2/memetic_base.yaml	memetic_base	3	900	1	T2b	uuf250_1000c
t2m_00244	data/unsat250_1000c/uuf250-098.cnf	configs/tier2/memetic_base.yaml	memetic_base	4	900	1	T2b	uuf250_1000c
t2m_00245	data/unsat250_1000c/uuf250-098.cnf	configs/tier2/memetic_base.yaml	memetic_base	5	900	1	T2b	uuf250_1000c
t2m_00246	data/unsat250_1000c/uuf250-098.cnf	configs/tier2/memetic_pop150.yaml	memetic_pop150	1	900	1	T2b	uuf250_1000c
t2m_00247	data/unsat250_1000c/uuf250-098.cnf	configs/tier2/memetic_pop150.yaml	memetic_pop150	2	900	1	T2b	uuf250_1000c
t2m_00248	data/unsat250_1000c/uuf250-098.cnf	configs/tier2/memetic_pop150.yaml	memetic_pop150	3	900	1	T2b	uuf250_1000c
t2m_00249	data/unsat250_1000c/uuf250-098.cnf	configs/tier2/memetic_pop150.yaml	memetic_pop150	4	900	1	T2b	uuf250_1000c
t2m_00250	data/unsat250_1000c/uuf250-098.cnf	configs/tier2/memetic_pop150.yaml	memetic_pop150	5	900	1	T2b	uuf250_1000c
t2m_00251	data/unsat250_1000c/uuf250-098.cnf	configs/tier2/memetic_deeppolish.yaml	memetic_deeppolish	1	900	1	T2b	uuf250_1000c
t2m_00252	data/unsat250_1000c/uuf250-098.cnf	configs/tier2/memetic_deeppolish.yaml	memetic_deeppolish	2	900	1	T2b	uuf250_1000c
t2m_00253	data/unsat250_1000c/uuf250-098.cnf	configs/tier2/memetic_deeppolish.yaml	memetic_deeppolish	3	900	1	T2b	uuf250_1000c
t2m_00254	data/unsat250_1000c/uuf250-098.cnf	configs/tier2/memetic_deeppolish.yaml	memetic_deeppolish	4	900	1	T2b	uuf250_1000c
t2m_00255	data/unsat250_1000c/uuf250-098.cnf	configs/tier2/memetic_deeppolish.yaml	memetic_deeppolish	5	900	1	T2b	uuf250_1000c
t2m_00256	data/unsat250_1000c/uuf250-099.cnf	configs/tier2/memetic_base.yaml	memetic_base	1	900	1	T2a	uuf250_1000c
t2m_00257	data/unsat250_1000c/uuf250-099.cnf	configs/tier2/memetic_base.yaml	memetic_base	2	900	1	T2a	uuf250_1000c
t2m_00258	data/unsat250_1000c/uuf250-099.cnf	configs/tier2/memetic_base.yaml	memetic_base	3	900	1	T2a	uuf250_1000c
t2m_00259	data/unsat250_1000c/uuf250-099.cnf	configs/tier2/memetic_base.yaml	memetic_base	4	900	1	T2a	uuf250_1000c
t2m_00260	data/unsat250_1000c/uuf250-099.cnf	configs/tier2/memetic_base.yaml	memetic_base	5	900	1	T2a	uuf250_1000c
t2m_00261	data/unsat250_1000c/uuf250-099.cnf	configs/tier2/memetic_pop150.yaml	memetic_pop150	1	900	1	T2a	uuf250_1000c
t2m_00262	data/unsat250_1000c/uuf250-099.cnf	configs/tier2/memetic_pop150.yaml	memetic_pop150	2	900	1	T2a	uuf250_1000c
t2m_00263	data/unsat250_1000c/uuf250-099.cnf	configs/tier2/memetic_pop150.yaml	memetic_pop150	3	900	1	T2a	uuf250_1000c
t2m_00264	data/unsat250_1000c/uuf250-099.cnf	configs/tier2/memetic_pop150.yaml	memetic_pop150	4	900	1	T2a	uuf250_1000c
t2m_00265	data/unsat250_1000c/uuf250-099.cnf	configs/tier2/memetic_pop150.yaml	memetic_pop150	5	900	1	T2a	uuf250_1000c
t2m_00266	data/unsat250_1000c/uuf250-099.cnf	configs/tier2/memetic_deeppolish.yaml	memetic_deeppolish	1	900	1	T2a	uuf250_1000c
t2m_00267	data/unsat250_1000c/uuf250-099.cnf	configs/tier2/memetic_deeppolish.yaml	memetic_deeppolish	2	900	1	T2a	uuf250_1000c
t2m_00268	data/unsat250_1000c/uuf250-099.cnf	configs/tier2/memetic_deeppolish.yaml	memetic_deeppolish	3	900	1	T2a	uuf250_1000c
t2m_00269	data/unsat250_1000c/uuf250-099.cnf	configs/tier2/memetic_deeppolish.yaml	memetic_deeppolish	4	900	1	T2a	uuf250_1000c
t2m_00270	data/unsat250_1000c/uuf250-099.cnf	configs/tier2/memetic_deeppolish.yaml	memetic_deeppolish	5	900	1	T2a	uuf250_1000c
t2m_00271	data/unsat_uuf_diff/uuf200-01.cnf	configs/tier2/memetic_base.yaml	memetic_base	1	900	2	T2b	uuf_diff_unsat
t2m_00272	data/unsat_uuf_diff/uuf200-01.cnf	configs/tier2/memetic_base.yaml	memetic_base	2	900	2	T2b	uuf_diff_unsat
t2m_00273	data/unsat_uuf_diff/uuf200-01.cnf	configs/tier2/memetic_base.yaml	memetic_base	3	900	2	T2b	uuf_diff_unsat
t2m_00274	data/unsat_uuf_diff/uuf200-01.cnf	configs/tier2/memetic_base.yaml	memetic_base	4	900	2	T2b	uuf_diff_unsat
t2m_00275	data/unsat_uuf_diff/uuf200-01.cnf	configs/tier2/memetic_base.yaml	memetic_base	5	900	2	T2b	uuf_diff_unsat
t2m_00276	data/unsat_uuf_diff/uuf200-01.cnf	configs/tier2/memetic_pop150.yaml	memetic_pop150	1	900	2	T2b	uuf_diff_unsat
t2m_00277	data/unsat_uuf_diff/uuf200-01.cnf	configs/tier2/memetic_pop150.yaml	memetic_pop150	2	900	2	T2b	uuf_diff_unsat
t2m_00278	data/unsat_uuf_diff/uuf200-01.cnf	configs/tier2/memetic_pop150.yaml	memetic_pop150	3	900	2	T2b	uuf_diff_unsat
t2m_00279	data/unsat_uuf_diff/uuf200-01.cnf	configs/tier2/memetic_pop150.yaml	memetic_pop150	4	900	2	T2b	uuf_diff_unsat
t2m_00280	data/unsat_uuf_diff/uuf200-01.cnf	configs/tier2/memetic_pop150.yaml	memetic_pop150	5	900	2	T2b	uuf_diff_unsat
t2m_00281	data/unsat_uuf_diff/uuf200-01.cnf	configs/tier2/memetic_deeppolish.yaml	memetic_deeppolish	1	900	2	T2b	uuf_diff_unsat
t2m_00282	data/unsat_uuf_diff/uuf200-01.cnf	configs/tier2/memetic_deeppolish.yaml	memetic_deeppolish	2	900	2	T2b	uuf_diff_unsat
t2m_00283	data/unsat_uuf_diff/uuf200-01.cnf	configs/tier2/memetic_deeppolish.yaml	memetic_deeppolish	3	900	2	T2b	uuf_diff_unsat
t2m_00284	data/unsat_uuf_diff/uuf200-01.cnf	configs/tier2/memetic_deeppolish.yaml	memetic_deeppolish	4	900	2	T2b	uuf_diff_unsat
t2m_00285	data/unsat_uuf_diff/uuf200-01.cnf	configs/tier2/memetic_deeppolish.yaml	memetic_deeppolish	5	900	2	T2b	uuf_diff_unsat
t2m_00286	data/unsat_uuf_diff/uuf200-02.cnf	configs/tier2/memetic_base.yaml	memetic_base	1	900	2	T2a	uuf_diff_unsat
t2m_00287	data/unsat_uuf_diff/uuf200-02.cnf	configs/tier2/memetic_base.yaml	memetic_base	2	900	2	T2a	uuf_diff_unsat
t2m_00288	data/unsat_uuf_diff/uuf200-02.cnf	configs/tier2/memetic_base.yaml	memetic_base	3	900	2	T2a	uuf_diff_unsat
t2m_00289	data/unsat_uuf_diff/uuf200-02.cnf	configs/tier2/memetic_base.yaml	memetic_base	4	900	2	T2a	uuf_diff_unsat
t2m_00290	data/unsat_uuf_diff/uuf200-02.cnf	configs/tier2/memetic_base.yaml	memetic_base	5	900	2	T2a	uuf_diff_unsat
t2m_00291	data/unsat_uuf_diff/uuf200-02.cnf	configs/tier2/memetic_pop150.yaml	memetic_pop150	1	900	2	T2a	uuf_diff_unsat
t2m_00292	data/unsat_uuf_diff/uuf200-02.cnf	configs/tier2/memetic_pop150.yaml	memetic_pop150	2	900	2	T2a	uuf_diff_unsat
t2m_00293	data/unsat_uuf_diff/uuf200-02.cnf	configs/tier2/memetic_pop150.yaml	memetic_pop150	3	900	2	T2a	uuf_diff_unsat
t2m_00294	data/unsat_uuf_diff/uuf200-02.cnf	configs/tier2/memetic_pop150.yaml	memetic_pop150	4	900	2	T2a	uuf_diff_unsat
t2m_00295	data/unsat_uuf_diff/uuf200-02.cnf	configs/tier2/memetic_pop150.yaml	memetic_pop150	5	900	2	T2a	uuf_diff_unsat
t2m_00296	data/unsat_uuf_diff/uuf200-02.cnf	configs/tier2/memetic_deeppolish.yaml	memetic_deeppolish	1	900	2	T2a	uuf_diff_unsat
t2m_00297	data/unsat_uuf_diff/uuf200-02.cnf	configs/tier2/memetic_deeppolish.yaml	memetic_deeppolish	2	900	2	T2a	uuf_diff_unsat
t2m_00298	data/unsat_uuf_diff/uuf200-02.cnf	configs/tier2/memetic_deeppolish.yaml	memetic_deeppolish	3	900	2	T2a	uuf_diff_unsat
t2m_00299	data/unsat_uuf_diff/uuf200-02.cnf	configs/tier2/memetic_deeppolish.yaml	memetic_deeppolish	4	900	2	T2a	uuf_diff_unsat
t2m_00300	data/unsat_uuf_diff/uuf200-02.cnf	configs/tier2/memetic_deeppolish.yaml	memetic_deeppolish	5	900	2	T2a	uuf_diff_unsat
t2m_00301	data/unsat_uuf_diff/uuf250-010.cnf	configs/tier2/memetic_base.yaml	memetic_base	1	900	1	T2a	uuf_diff_unsat
t2m_00302	data/unsat_uuf_diff/uuf250-010.cnf	configs/tier2/memetic_base.yaml	memetic_base	2	900	1	T2a	uuf_diff_unsat
t2m_00303	data/unsat_uuf_diff/uuf250-010.cnf	configs/tier2/memetic_base.yaml	memetic_base	3	900	1	T2a	uuf_diff_unsat
t2m_00304	data/unsat_uuf_diff/uuf250-010.cnf	configs/tier2/memetic_base.yaml	memetic_base	4	900	1	T2a	uuf_diff_unsat
t2m_00305	data/unsat_uuf_diff/uuf250-010.cnf	configs/tier2/memetic_base.yaml	memetic_base	5	900	1	T2a	uuf_diff_unsat
t2m_00306	data/unsat_uuf_diff/uuf250-010.cnf	configs/tier2/memetic_pop150.yaml	memetic_pop150	1	900	1	T2a	uuf_diff_unsat
t2m_00307	data/unsat_uuf_diff/uuf250-010.cnf	configs/tier2/memetic_pop150.yaml	memetic_pop150	2	900	1	T2a	uuf_diff_unsat
t2m_00308	data/unsat_uuf_diff/uuf250-010.cnf	configs/tier2/memetic_pop150.yaml	memetic_pop150	3	900	1	T2a	uuf_diff_unsat
t2m_00309	data/unsat_uuf_diff/uuf250-010.cnf	configs/tier2/memetic_pop150.yaml	memetic_pop150	4	900	1	T2a	uuf_diff_unsat
t2m_00310	data/unsat_uuf_diff/uuf250-010.cnf	configs/tier2/memetic_pop150.yaml	memetic_pop150	5	900	1	T2a	uuf_diff_unsat
t2m_00311	data/unsat_uuf_diff/uuf250-010.cnf	configs/tier2/memetic_deeppolish.yaml	memetic_deeppolish	1	900	1	T2a	uuf_diff_unsat
t2m_00312	data/unsat_uuf_diff/uuf250-010.cnf	configs/tier2/memetic_deeppolish.yaml	memetic_deeppolish	2	900	1	T2a	uuf_diff_unsat
t2m_00313	data/unsat_uuf_diff/uuf250-010.cnf	configs/tier2/memetic_deeppolish.yaml	memetic_deeppolish	3	900	1	T2a	uuf_diff_unsat
t2m_00314	data/unsat_uuf_diff/uuf250-010.cnf	configs/tier2/memetic_deeppolish.yaml	memetic_deeppolish	4	900	1	T2a	uuf_diff_unsat
t2m_00315	data/unsat_uuf_diff/uuf250-010.cnf	configs/tier2/memetic_deeppolish.yaml	memetic_deeppolish	5	900	1	T2a	uuf_diff_unsat
t2m_00316	data/unsat_uuf_diff/uuf250-03.cnf	configs/tier2/memetic_base.yaml	memetic_base	1	900	1	T2a	uuf_diff_unsat
t2m_00317	data/unsat_uuf_diff/uuf250-03.cnf	configs/tier2/memetic_base.yaml	memetic_base	2	900	1	T2a	uuf_diff_unsat
t2m_00318	data/unsat_uuf_diff/uuf250-03.cnf	configs/tier2/memetic_base.yaml	memetic_base	3	900	1	T2a	uuf_diff_unsat
t2m_00319	data/unsat_uuf_diff/uuf250-03.cnf	configs/tier2/memetic_base.yaml	memetic_base	4	900	1	T2a	uuf_diff_unsat
t2m_00320	data/unsat_uuf_diff/uuf250-03.cnf	configs/tier2/memetic_base.yaml	memetic_base	5	900	1	T2a	uuf_diff_unsat
t2m_00321	data/unsat_uuf_diff/uuf250-03.cnf	configs/tier2/memetic_pop150.yaml	memetic_pop150	1	900	1	T2a	uuf_diff_unsat
t2m_00322	data/unsat_uuf_diff/uuf250-03.cnf	configs/tier2/memetic_pop150.yaml	memetic_pop150	2	900	1	T2a	uuf_diff_unsat
t2m_00323	data/unsat_uuf_diff/uuf250-03.cnf	configs/tier2/memetic_pop150.yaml	memetic_pop150	3	900	1	T2a	uuf_diff_unsat
t2m_00324	data/unsat_uuf_diff/uuf250-03.cnf	configs/tier2/memetic_pop150.yaml	memetic_pop150	4	900	1	T2a	uuf_diff_unsat
t2m_00325	data/unsat_uuf_diff/uuf250-03.cnf	configs/tier2/memetic_pop150.yaml	memetic_pop150	5	900	1	T2a	uuf_diff_unsat
t2m_00326	data/unsat_uuf_diff/uuf250-03.cnf	configs/tier2/memetic_deeppolish.yaml	memetic_deeppolish	1	900	1	T2a	uuf_diff_unsat
t2m_00327	data/unsat_uuf_diff/uuf250-03.cnf	configs/tier2/memetic_deeppolish.yaml	memetic_deeppolish	2	900	1	T2a	uuf_diff_unsat
t2m_00328	data/unsat_uuf_diff/uuf250-03.cnf	configs/tier2/memetic_deeppolish.yaml	memetic_deeppolish	3	900	1	T2a	uuf_diff_unsat
t2m_00329	data/unsat_uuf_diff/uuf250-03.cnf	configs/tier2/memetic_deeppolish.yaml	memetic_deeppolish	4	900	1	T2a	uuf_diff_unsat
t2m_00330	data/unsat_uuf_diff/uuf250-03.cnf	configs/tier2/memetic_deeppolish.yaml	memetic_deeppolish	5	900	1	T2a	uuf_diff_unsat
t2m_00331	data/unsat_uuf_diff/uuf250-05.cnf	configs/tier2/memetic_base.yaml	memetic_base	1	900	1	T2a	uuf_diff_unsat
t2m_00332	data/unsat_uuf_diff/uuf250-05.cnf	configs/tier2/memetic_base.yaml	memetic_base	2	900	1	T2a	uuf_diff_unsat
t2m_00333	data/unsat_uuf_diff/uuf250-05.cnf	configs/tier2/memetic_base.yaml	memetic_base	3	900	1	T2a	uuf_diff_unsat
t2m_00334	data/unsat_uuf_diff/uuf250-05.cnf	configs/tier2/memetic_base.yaml	memetic_base	4	900	1	T2a	uuf_diff_unsat
t2m_00335	data/unsat_uuf_diff/uuf250-05.cnf	configs/tier2/memetic_base.yaml	memetic_base	5	900	1	T2a	uuf_diff_unsat
t2m_00336	data/unsat_uuf_diff/uuf250-05.cnf	configs/tier2/memetic_pop150.yaml	memetic_pop150	1	900	1	T2a	uuf_diff_unsat
t2m_00337	data/unsat_uuf_diff/uuf250-05.cnf	configs/tier2/memetic_pop150.yaml	memetic_pop150	2	900	1	T2a	uuf_diff_unsat
t2m_00338	data/unsat_uuf_diff/uuf250-05.cnf	configs/tier2/memetic_pop150.yaml	memetic_pop150	3	900	1	T2a	uuf_diff_unsat
t2m_00339	data/unsat_uuf_diff/uuf250-05.cnf	configs/tier2/memetic_pop150.yaml	memetic_pop150	4	900	1	T2a	uuf_diff_unsat
t2m_00340	data/unsat_uuf_diff/uuf250-05.cnf	configs/tier2/memetic_pop150.yaml	memetic_pop150	5	900	1	T2a	uuf_diff_unsat
t2m_00341	data/unsat_uuf_diff/uuf250-05.cnf	configs/tier2/memetic_deeppolish.yaml	memetic_deeppolish	1	900	1	T2a	uuf_diff_unsat
t2m_00342	data/unsat_uuf_diff/uuf250-05.cnf	configs/tier2/memetic_deeppolish.yaml	memetic_deeppolish	2	900	1	T2a	uuf_diff_unsat
t2m_00343	data/unsat_uuf_diff/uuf250-05.cnf	configs/tier2/memetic_deeppolish.yaml	memetic_deeppolish	3	900	1	T2a	uuf_diff_unsat
t2m_00344	data/unsat_uuf_diff/uuf250-05.cnf	configs/tier2/memetic_deeppolish.yaml	memetic_deeppolish	4	900	1	T2a	uuf_diff_unsat
t2m_00345	data/unsat_uuf_diff/uuf250-05.cnf	configs/tier2/memetic_deeppolish.yaml	memetic_deeppolish	5	900	1	T2a	uuf_diff_unsat
t2m_00346	data/unsat_uuf_diff/uuf250-06.cnf	configs/tier2/memetic_base.yaml	memetic_base	1	900	1	T2a	uuf_diff_unsat
t2m_00347	data/unsat_uuf_diff/uuf250-06.cnf	configs/tier2/memetic_base.yaml	memetic_base	2	900	1	T2a	uuf_diff_unsat
t2m_00348	data/unsat_uuf_diff/uuf250-06.cnf	configs/tier2/memetic_base.yaml	memetic_base	3	900	1	T2a	uuf_diff_unsat
t2m_00349	data/unsat_uuf_diff/uuf250-06.cnf	configs/tier2/memetic_base.yaml	memetic_base	4	900	1	T2a	uuf_diff_unsat
t2m_00350	data/unsat_uuf_diff/uuf250-06.cnf	configs/tier2/memetic_base.yaml	memetic_base	5	900	1	T2a	uuf_diff_unsat
t2m_00351	data/unsat_uuf_diff/uuf250-06.cnf	configs/tier2/memetic_pop150.yaml	memetic_pop150	1	900	1	T2a	uuf_diff_unsat
t2m_00352	data/unsat_uuf_diff/uuf250-06.cnf	configs/tier2/memetic_pop150.yaml	memetic_pop150	2	900	1	T2a	uuf_diff_unsat
t2m_00353	data/unsat_uuf_diff/uuf250-06.cnf	configs/tier2/memetic_pop150.yaml	memetic_pop150	3	900	1	T2a	uuf_diff_unsat
t2m_00354	data/unsat_uuf_diff/uuf250-06.cnf	configs/tier2/memetic_pop150.yaml	memetic_pop150	4	900	1	T2a	uuf_diff_unsat
t2m_00355	data/unsat_uuf_diff/uuf250-06.cnf	configs/tier2/memetic_pop150.yaml	memetic_pop150	5	900	1	T2a	uuf_diff_unsat
t2m_00356	data/unsat_uuf_diff/uuf250-06.cnf	configs/tier2/memetic_deeppolish.yaml	memetic_deeppolish	1	900	1	T2a	uuf_diff_unsat
t2m_00357	data/unsat_uuf_diff/uuf250-06.cnf	configs/tier2/memetic_deeppolish.yaml	memetic_deeppolish	2	900	1	T2a	uuf_diff_unsat
t2m_00358	data/unsat_uuf_diff/uuf250-06.cnf	configs/tier2/memetic_deeppolish.yaml	memetic_deeppolish	3	900	1	T2a	uuf_diff_unsat
t2m_00359	data/unsat_uuf_diff/uuf250-06.cnf	configs/tier2/memetic_deeppolish.yaml	memetic_deeppolish	4	900	1	T2a	uuf_diff_unsat
t2m_00360	data/unsat_uuf_diff/uuf250-06.cnf	configs/tier2/memetic_deeppolish.yaml	memetic_deeppolish	5	900	1	T2a	uuf_diff_unsat
t2m_00361	data/unsat_uuf_diff/uuf250-07.cnf	configs/tier2/memetic_base.yaml	memetic_base	1	900	1	T2a	uuf_diff_unsat
t2m_00362	data/unsat_uuf_diff/uuf250-07.cnf	configs/tier2/memetic_base.yaml	memetic_base	2	900	1	T2a	uuf_diff_unsat
t2m_00363	data/unsat_uuf_diff/uuf250-07.cnf	configs/tier2/memetic_base.yaml	memetic_base	3	900	1	T2a	uuf_diff_unsat
t2m_00364	data/unsat_uuf_diff/uuf250-07.cnf	configs/tier2/memetic_base.yaml	memetic_base	4	900	1	T2a	uuf_diff_unsat
t2m_00365	data/unsat_uuf_diff/uuf250-07.cnf	configs/tier2/memetic_base.yaml	memetic_base	5	900	1	T2a	uuf_diff_unsat
t2m_00366	data/unsat_uuf_diff/uuf250-07.cnf	configs/tier2/memetic_pop150.yaml	memetic_pop150	1	900	1	T2a	uuf_diff_unsat
t2m_00367	data/unsat_uuf_diff/uuf250-07.cnf	configs/tier2/memetic_pop150.yaml	memetic_pop150	2	900	1	T2a	uuf_diff_unsat
t2m_00368	data/unsat_uuf_diff/uuf250-07.cnf	configs/tier2/memetic_pop150.yaml	memetic_pop150	3	900	1	T2a	uuf_diff_unsat
t2m_00369	data/unsat_uuf_diff/uuf250-07.cnf	configs/tier2/memetic_pop150.yaml	memetic_pop150	4	900	1	T2a	uuf_diff_unsat
t2m_00370	data/unsat_uuf_diff/uuf250-07.cnf	configs/tier2/memetic_pop150.yaml	memetic_pop150	5	900	1	T2a	uuf_diff_unsat
t2m_00371	data/unsat_uuf_diff/uuf250-07.cnf	configs/tier2/memetic_deeppolish.yaml	memetic_deeppolish	1	900	1	T2a	uuf_diff_unsat
t2m_00372	data/unsat_uuf_diff/uuf250-07.cnf	configs/tier2/memetic_deeppolish.yaml	memetic_deeppolish	2	900	1	T2a	uuf_diff_unsat
t2m_00373	data/unsat_uuf_diff/uuf250-07.cnf	configs/tier2/memetic_deeppolish.yaml	memetic_deeppolish	3	900	1	T2a	uuf_diff_unsat
t2m_00374	data/unsat_uuf_diff/uuf250-07.cnf	configs/tier2/memetic_deeppolish.yaml	memetic_deeppolish	4	900	1	T2a	uuf_diff_unsat
t2m_00375	data/unsat_uuf_diff/uuf250-07.cnf	configs/tier2/memetic_deeppolish.yaml	memetic_deeppolish	5	900	1	T2a	uuf_diff_unsat
t2m_00376	data/unsat_uuf_diff/uuf250-09.cnf	configs/tier2/memetic_base.yaml	memetic_base	1	900	1	T2b	uuf_diff_unsat
t2m_00377	data/unsat_uuf_diff/uuf250-09.cnf	configs/tier2/memetic_base.yaml	memetic_base	2	900	1	T2b	uuf_diff_unsat
t2m_00378	data/unsat_uuf_diff/uuf250-09.cnf	configs/tier2/memetic_base.yaml	memetic_base	3	900	1	T2b	uuf_diff_unsat
t2m_00379	data/unsat_uuf_diff/uuf250-09.cnf	configs/tier2/memetic_base.yaml	memetic_base	4	900	1	T2b	uuf_diff_unsat
t2m_00380	data/unsat_uuf_diff/uuf250-09.cnf	configs/tier2/memetic_base.yaml	memetic_base	5	900	1	T2b	uuf_diff_unsat
t2m_00381	data/unsat_uuf_diff/uuf250-09.cnf	configs/tier2/memetic_pop150.yaml	memetic_pop150	1	900	1	T2b	uuf_diff_unsat
t2m_00382	data/unsat_uuf_diff/uuf250-09.cnf	configs/tier2/memetic_pop150.yaml	memetic_pop150	2	900	1	T2b	uuf_diff_unsat
t2m_00383	data/unsat_uuf_diff/uuf250-09.cnf	configs/tier2/memetic_pop150.yaml	memetic_pop150	3	900	1	T2b	uuf_diff_unsat
t2m_00384	data/unsat_uuf_diff/uuf250-09.cnf	configs/tier2/memetic_pop150.yaml	memetic_pop150	4	900	1	T2b	uuf_diff_unsat
t2m_00385	data/unsat_uuf_diff/uuf250-09.cnf	configs/tier2/memetic_pop150.yaml	memetic_pop150	5	900	1	T2b	uuf_diff_unsat
t2m_00386	data/unsat_uuf_diff/uuf250-09.cnf	configs/tier2/memetic_deeppolish.yaml	memetic_deeppolish	1	900	1	T2b	uuf_diff_unsat
t2m_00387	data/unsat_uuf_diff/uuf250-09.cnf	configs/tier2/memetic_deeppolish.yaml	memetic_deeppolish	2	900	1	T2b	uuf_diff_unsat
t2m_00388	data/unsat_uuf_diff/uuf250-09.cnf	configs/tier2/memetic_deeppolish.yaml	memetic_deeppolish	3	900	1	T2b	uuf_diff_unsat
t2m_00389	data/unsat_uuf_diff/uuf250-09.cnf	configs/tier2/memetic_deeppolish.yaml	memetic_deeppolish	4	900	1	T2b	uuf_diff_unsat
t2m_00390	data/unsat_uuf_diff/uuf250-09.cnf	configs/tier2/memetic_deeppolish.yaml	memetic_deeppolish	5	900	1	T2b	uuf_diff_unsat
