t2m_00001	data/unsat250_1000c/uuf250-0100.cnf	configs/tier2/memetic_base.yaml	memetic_base	1	60	1	T2a	uuf250_1000c
t2m_00002	data/unsat250_1000c/uuf250-0100.cnf	configs/tier2/memetic_base.yaml	memetic_base	2	60	1	T2a	uuf250_1000c
t2m_00003	data/unsat250_1000c/uuf250-0100.cnf	configs/tier2/memetic_base.yaml	memetic_base	3	60	1	T2a	uuf250_1000c
t2m_00004	data/unsat250_1000c/uuf250-0100.cnf	configs/tier2/memetic_base.yaml	memetic_base	4	60	1	T2a	uuf250_1000c
t2m_00005	data/unsat250_1000c/uuf250-0100.cnf	configs/tier2/memetic_base.yaml	memetic_base	5	60	1	T2a	uuf250_1000c
t2m_00006	data/unsat250_1000c/uuf250-0100.cnf	configs/tier2/memetic_base.yaml	memetic_base	1	300	1	T2a	uuf250_1000c
t2m_00007	data/unsat250_1000c/uuf250-0100.cnf	configs/tier2/memetic_base.yaml	memetic_base	2	300	1	T2a	uuf250_1000c
t2m_00008	data/unsat250_1000c/uuf250-0100.cnf	configs/tier2/memetic_base.yaml	memetic_base	3	300	1	T2a	uuf250_1000c
t2m_00009	data/unsat250_1000c/uuf250-0100.cnf	configs/tier2/memetic_base.yaml	memetic_base	4	300	1	T2a	uuf250_1000c
t2m_00010	data/unsat250_1000c/uuf250-0100.cnf	configs/tier2/memetic_base.yaml	memetic_base	5	300	1	T2a	uuf250_1000c
t2m_00011	data/unsat250_1000c/uuf250-0100.cnf	configs/tier2/memetic_pop150.yaml	memetic_pop150	1	60	1	T2a	uuf250_1000c
t2m_00012	data/unsat250_1000c/uuf250-0100.cnf	configs/tier2/memetic_pop150.yaml	memetic_pop150	2	60	1	T2a	uuf250_1000c
t2m_00013	data/unsat250_1000c/uuf250-0100.cnf	configs/tier2/memetic_pop150.yaml	memetic_pop150	3	60	1	T2a	uuf250_1000c
t2m_00014	data/unsat250_1000c/uuf250-0100.cnf	configs/tier2/memetic_pop150.yaml	memetic_pop150	4	60	1	T2a	uuf250_1000c
t2m_00015	data/unsat250_1000c/uuf250-0100.cnf	configs/tier2/memetic_pop150.yaml	memetic_pop150	5	60	1	T2a	uuf250_1000c
t2m_00016	data/unsat250_1000c/uuf250-0100.cnf	configs/tier2/memetic_pop150.yaml	memetic_pop150	1	300	1	T2a	uuf250_1000c
t2m_00017	data/unsat250_1000c/uuf250-0100.cnf	configs/tier2/memetic_pop150.yaml	memetic_pop150	2	300	1	T2a	uuf250_1000c
t2m_00018	data/unsat250_1000c/uuf250-0100.cnf	configs/tier2/memetic_pop150.yaml	memetic_pop150	3	300	1	T2a	uuf250_1000c
t2m_00019	data/unsat250_1000c/uuf250-0100.cnf	configs/tier2/memetic_pop150.yaml	memetic_pop150	4	300	1	T2a	uuf250_1000c
t2m_00020	data/unsat250_1000c/uuf250-0100.cnf	configs/tier2/memetic_pop150.yaml	memetic_pop150	5	300	1	T2a	uuf250_1000c
t2m_00021	data/unsat250_1000c/uuf250-0100.cnf	configs/tier2/memetic_deeppolish.yaml	memetic_deeppolish	1	60	1	T2a	uuf250_1000c
t2m_00022	data/unsat250_1000c/uuf250-0100.cnf	configs/tier2/memetic_deeppolish.yaml	memetic_deeppolish	2	60	1	T2a	uuf250_1000c
t2m_00023	data/unsat250_1000c/uuf250-0100.cnf	configs/tier2/memetic_deeppolish.yaml	memetic_deeppolish	3	60	1	T2a	uuf250_1000c
t2m_00024	data/unsat250_1000c/uuf250-0100.cnf	configs/tier2/memetic_deeppolish.yaml	memetic_deeppolish	4	60	1	T2a	uuf250_1000c
t2m_00025	data/unsat250_1000c/uuf250-0100.cnf	configs/tier2/memetic_deeppolish.yaml	memetic_deeppolish	5	60	1	T2a	uuf250_1000c
t2m_00026	data/unsat250_1000c/uuf250-0100.cnf	configs/tier2/memetic_deeppolish.yaml	memetic_deeppolish	1	300	1	T2a	uuf250_1000c
t2m_00027	data/unsat250_1000c/uuf250-0100.cnf	configs/tier2/memetic_deeppolish.yaml	memetic_deeppolish	2	300	1	T2a	uuf250_1000c
t2m_00028	data/unsat250_1000c/uuf250-0100.cnf	configs/tier2/memetic_deeppolish.yaml	memetic_deeppolish	3	300	1	T2a	uuf250_1000c
t2m_00029	data/unsat250_1000c/uuf250-0100.cnf	configs/tier2/memetic_deeppolish.yaml	memetic_deeppolish	4	300	1	T2a	uuf250_1000c
t2m_00030	data/unsat250_1000c/uuf250-0100.cnf	configs/tier2/memetic_deeppolish.yaml	memetic_deeppolish	5	300	1	T2a	uuf250_1000c
t2m_00031	data/unsat250_1000c/uuf250-066.cnf	configs/tier2/memetic_base.yaml	memetic_base	1	60	1	T2a	uuf250_1000c
t2m_00032	data/unsat250_1000c/uuf250-066.cnf	configs/tier2/memetic_base.yaml	memetic_base	2	60	1	T2a	uuf250_1000c
t2m_00033	data/unsat250_1000c/uuf250-066.cnf	configs/tier2/memetic_base.yaml	memetic_base	3	60	1	T2a	uuf250_1000c
t2m_00034	data/unsat250_1000c/uuf250-066.cnf	configs/tier2/memetic_base.yaml	memetic_base	4	60	1	T2a	uuf250_1000c
t2m_00035	data/unsat250_1000c/uuf250-066.cnf	configs/tier2/memetic_base.yaml	memetic_base	5	60	1	T2a	uuf250_1000c
t2m_00036	data/unsat250_1000c/uuf250-066.cnf	configs/tier2/memetic_base.yaml	memetic_base	1	300	1	T2a	uuf250_1000c
t2m_00037	data/unsat250_1000c/uuf250-066.cnf	configs/tier2/memetic_base.yaml	memetic_base	2	300	1	T2a	uuf250_1000c
t2m_00038	data/unsat250_1000c/uuf250-066.cnf	configs/tier2/memetic_base.yaml	memetic_base	3	300	1	T2a	uuf250_1000c
t2m_00039	data/unsat250_1000c/uuf250-066.cnf	configs/tier2/memetic_base.yaml	memetic_base	4	300	1	T2a	uuf250_1000c
t2m_00040	data/unsat250_1000c/uuf250-066.cnf	configs/tier2/memetic_base.yaml	memetic_base	5	300	1	T2a	uuf250_1000c
t2m_00041	data/unsat250_1000c/uuf250-066.cnf	configs/tier2/memetic_pop150.yaml	memetic_pop150	1	60	1	T2a	uuf250_1000c
t2m_00042	data/unsat250_1000c/uuf250-066.cnf	configs/tier2/memetic_pop150.yaml	memetic_pop150	2	60	1	T2a	uuf250_1000c
t2m_00043	data/unsat250_1000c/uuf250-066.cnf	configs/tier2/memetic_pop150.yaml	memetic_pop150	3	60	1	T2a	uuf250_1000c
t2m_00044	data/unsat250_1000c/uuf250-066.cnf	configs/tier2/memetic_pop150.yaml	memetic_pop150	4	60	1	T2a	uuf250_1000c
t2m_00045	data/unsat250_1000c/uuf250-066.cnf	configs/tier2/memetic_pop150.yaml	memetic_pop150	5	60	1	T2a	uuf250_1000c
t2m_00046	data/unsat250_1000c/uuf250-066.cnf	configs/tier2/memetic_pop150.yaml	memetic_pop150	1	300	1	T2a	uuf250_1000c
t2m_00047	data/unsat250_1000c/uuf250-066.cnf	configs/tier2/memetic_pop150.yaml	memetic_pop150	2	300	1	T2a	uuf250_1000c
t2m_00048	data/unsat250_1000c/uuf250-066.cnf	configs/tier2/memetic_pop150.yaml	memetic_pop150	3	300	1	T2a	uuf250_1000c
t2m_00049	data/unsat250_1000c/uuf250-066.cnf	configs/tier2/memetic_pop150.yaml	memetic_pop150	4	300	1	T2a	uuf250_1000c
t2m_00050	data/unsat250_1000c/uuf250-066.cnf	configs/tier2/memetic_pop150.yaml	memetic_pop150	5	300	1	T2a	uuf250_1000c
t2m_00051	data/unsat250_1000c/uuf250-066.cnf	configs/tier2/memetic_deeppolish.yaml	memetic_deeppolish	1	60	1	T2a	uuf250_1000c
t2m_00052	data/unsat250_1000c/uuf250-066.cnf	configs/tier2/memetic_deeppolish.yaml	memetic_deeppolish	2	60	1	T2a	uuf250_1000c
t2m_00053	data/unsat250_1000c/uuf250-066.cnf	configs/tier2/memetic_deeppolish.yaml	memetic_deeppolish	3	60	1	T2a	uuf250_1000c
t2m_00054	data/unsat250_1000c/uuf250-066.cnf	configs/tier2/memetic_deeppolish.yaml	memetic_deeppolish	4	60	1	T2a	uuf250_1000c
t2m_00055	data/unsat250_1000c/uuf250-066.cnf	configs/tier2/memetic_deeppolish.yaml	memetic_deeppolish	5	60	1	T2a	uuf250_1000c
t2m_00056	data/unsat250_1000c/uuf250-066.cnf	configs/tier2/memetic_deeppolish.yaml	memetic_deeppolish	1	300	1	T2a	uuf250_1000c
t2m_00057	data/unsat250_1000c/uuf250-066.cnf	configs/tier2/memetic_deeppolish.yaml	memetic_deeppolish	2	300	1	T2a	uuf250_1000c
t2m_00058	data/unsat250_1000c/uuf250-066.cnf	configs/tier2/memetic_deeppolish.yaml	memetic_deeppolish	3	300	1	T2a	uuf250_1000c
t2m_00059	data/unsat250_1000c/uuf250-066.cnf	configs/tier2/memetic_deeppolish.yaml	memetic_deeppolish	4	300	1	T2a	uuf250_1000c
t2m_00060	data/unsat250_1000c/uuf250-066.cnf	configs/tier2/memetic_deeppolish.yaml	memetic_deeppolish	5	300	1	T2a	uuf250_1000c
t2m_00061	data/unsat250_1000c/uuf250-070.cnf	configs/tier2/memetic_base.yaml	memetic_base	1	60	1	T2a	uuf250_1000c
t2m_00062	data/unsat250_1000c/uuf250-070.cnf	configs/tier2/memetic_base.yaml	memetic_base	2	60	1	T2a	uuf250_1000c
t2m_00063	data/unsat250_1000c/uuf250-070.cnf	configs/tier2/memetic_base.yaml	memetic_base	3	60	1	T2a	uuf250_1000c
t2m_00064	data/unsat250_1000c/uuf250-070.cnf	configs/tier2/memetic_base.yaml	memetic_base	4	60	1	T2a	uuf250_1000c
t2m_00065	data/unsat250_1000c/uuf250-070.cnf	configs/tier2/memetic_base.yaml	memetic_base	5	60	1	T2a	uuf250_1000c
t2m_00066	data/unsat250_1000c/uuf250-070.cnf	configs/tier2/memetic_base.yaml	memetic_base	1	300	1	T2a	uuf250_1000c
t2m_00067	data/unsat250_1000c/uuf250-070.cnf	configs/tier2/memetic_base.yaml	memetic_base	2	300	1	T2a	uuf250_1000c
t2m_00068	data/unsat250_1000c/uuf250-070.cnf	configs/tier2/memetic_base.yaml	memetic_base	3	300	1	T2a	uuf250_1000c
t2m_00069	data/unsat250_1000c/uuf250-070.cnf	configs/tier2/memetic_base.yaml	memetic_base	4	300	1	T2a	uuf250_1000c
t2m_00070	data/unsat250_1000c/uuf250-070.cnf	configs/tier2/memetic_base.yaml	memetic_base	5	300	1	T2a	uuf250_1000c
t2m_00071	data/unsat250_1000c/uuf250-070.cnf	configs/tier2/memetic_pop150.yaml	memetic_pop150	1	60	1	T2a	uuf250_1000c
t2m_00072	data/unsat250_1000c/uuf250-070.cnf	configs/tier2/memetic_pop150.yaml	memetic_pop150	2	60	1	T2a	uuf250_1000c
t2m_00073	data/unsat250_1000c/uuf250-070.cnf	configs/tier2/memetic_pop150.yaml	memetic_pop150	3	60	1	T2a	uuf250_1000c
t2m_00074	data/unsat250_1000c/uuf250-070.cnf	configs/tier2/memetic_pop150.yaml	memetic_pop150	4	60	1	T2a	uuf250_1000c
t2m_00075	data/unsat250_1000c/uuf250-070.cnf	configs/tier2/memetic_pop150.yaml	memetic_pop150	5	60	1	T2a	uuf250_1000c
t2m_00076	data/unsat250_1000c/uuf250-070.cnf	configs/tier2/memetic_pop150.yaml	memetic_pop150	1	300	1	T2a	uuf250_1000c
t2m_00077	data/unsat250_1000c/uuf250-070.cnf	configs/tier2/memetic_pop150.yaml	memetic_pop150	2	300	1	T2a	uuf250_1000c
t2m_00078	data/unsat250_1000c/uuf250-070.cnf	configs/tier2/memetic_pop150.yaml	memetic_pop150	3	300	1	T2a	uuf250_1000c
t2m_00079	data/unsat250_1000c/uuf250-070.cnf	configs/tier2/memetic_pop150.yaml	memetic_pop150	4	300	1	T2a	uuf250_1000c
t2m_00080	data/unsat250_1000c/uuf250-070.cnf	configs/tier2/memetic_pop150.yaml	memetic_pop150	5	300	1	T2a	uuf250_1000c
t2m_00081	data/unsat250_1000c/uuf250-070.cnf	configs/tier2/memetic_deeppolish.yaml	memetic_deeppolish	1	60	1	T2a	uuf250_1000c
t2m_00082	data/unsat250_1000c/uuf250-070.cnf	configs/tier2/memetic_deeppolish.yaml	memetic_deeppolish	2	60	1	T2a	uuf250_1000c
t2m_00083	data/unsat250_1000c/uuf250-070.cnf	configs/tier2/memetic_deeppolish.yaml	memetic_deeppolish	3	60	1	T2a	uuf250_1000c
t2m_00084	data/unsat250_1000c/uuf250-070.cnf	configs/tier2/memetic_deeppolish.yaml	memetic_deeppolish	4	60	1	T2a	uuf250_1000c
t2m_00085	data/unsat250_1000c/uuf250-070.cnf	configs/tier2/memetic_deeppolish.yaml	memetic_deeppolish	5	60	1	T2a	uuf250_1000c
t2m_00086	data/unsat250_1000c/uuf250-070.cnf	configs/tier2/memetic_deeppolish.yaml	memetic_deeppolish	1	300	1	T2a	uuf250_1000c
t2m_00087	data/unsat250_1000c/uuf250-070.cnf	configs/tier2/memetic_deeppolish.yaml	memetic_deeppolish	2	300	1	T2a	uuf250_1000c
t2m_00088	data/unsat250_1000c/uuf250-070.cnf	configs/tier2/memetic_deeppolish.yaml	memetic_deeppolish	3	300	1	T2a	uuf250_1000c
t2m_00089	data/unsat250_1000c/uuf250-070.cnf	configs/tier2/memetic_deeppolish.yaml	memetic_deeppolish	4	300	1	T2a	uuf250_1000c
t2m_00090	data/unsat250_1000c/uuf250-070.cnf	configs/tier2/memetic_deeppolish.yaml	memetic_deeppolish	5	300	1	T2a	uuf250_1000c
t2m_00091	data/unsat250_1000c/uuf250-071.cnf	configs/tier2/memetic_base.yaml	memetic_base	1	60	1	T2a	uuf250_1000c
t2m_00092	data/unsat250_1000c/uuf250-071.cnf	configs/tier2/memetic_base.yaml	memetic_base	2	60	1	T2a	uuf250_1000c
t2m_00093	data/unsat250_1000c/uuf250-071.cnf	configs/tier2/memetic_base.yaml	memetic_base	3	60	1	T2a	uuf250_1000c
t2m_00094	data/unsat250_1000c/uuf250-071.cnf	configs/tier2/memetic_base.yaml	memetic_base	4	60	1	T2a	uuf250_1000c
t2m_00095	data/unsat250_1000c/uuf250-071.cnf	configs/tier2/memetic_base.yaml	memetic_base	5	60	1	T2a	uuf250_1000c
t2m_00096	data/unsat250_1000c/uuf250-071.cnf	configs/tier2/memetic_base.yaml	memetic_base	1	300	1	T2a	uuf250_1000c
t2m_00097	data/unsat250_1000c/uuf250-071.cnf	configs/tier2/memetic_base.yaml	memetic_base	2	300	1	T2a	uuf250_1000c
t2m_00098	data/unsat250_1000c/uuf250-071.cnf	configs/tier2/memetic_base.yaml	memetic_base	3	300	1	T2a	uuf250_1000c
t2m_00099	data/unsat250_1000c/uuf250-071.cnf	configs/tier2/memetic_base.yaml	memetic_base	4	300	1	T2a	uuf250_1000c
t2m_00100	data/unsat250_1000c/uuf250-071.cnf	configs/tier2/memetic_base.yaml	memetic_base	5	300	1	T2a	uuf250_1000c
t2m_00101	data/unsat250_1000c/uuf250-071.cnf	configs/tier2/memetic_pop150.yaml	memetic_pop150	1	60	1	T2a	uuf250_1000c
t2m_00102	data/unsat250_1000c/uuf250-071.cnf	configs/tier2/memetic_pop150.yaml	memetic_pop150	2	60	1	T2a	uuf250_1000c
t2m_00103	data/unsat250_1000c/uuf250-071.cnf	configs/tier2/memetic_pop150.yaml	memetic_pop150	3	60	1	T2a	uuf250_1000c
t2m_00104	data/unsat250_1000c/uuf250-071.cnf	configs/tier2/memetic_pop150.yaml	memetic_pop150	4	60	1	T2a	uuf250_1000c
t2m_00105	data/unsat250_1000c/uuf250-071.cnf	configs/tier2/memetic_pop150.yaml	memetic_pop150	5	60	1	T2a	uuf250_1000c
t2m_00106	data/unsat250_1000c/uuf250-071.cnf	configs/tier2/memetic_pop150.yaml	memetic_pop150	1	300	1	T2a	uuf250_1000c
t2m_00107	data/unsat250_1000c/uuf250-071.cnf	configs/tier2/memetic_pop150.yaml	memetic_pop150	2	300	1	T2a	uuf250_1000c
t2m_00108	data/unsat250_1000c/uuf250-071.cnf	configs/tier2/memetic_pop150.yaml	memetic_pop150	3	300	1	T2a	uuf250_1000c
t2m_00109	data/unsat250_1000c/uuf250-071.cnf	configs/tier2/memetic_pop150.yaml	memetic_pop150	4	300	1	T2a	uuf250_1000c
t2m_00110	data/unsat250_1000c/uuf250-071.cnf	configs/tier2/memetic_pop150.yaml	memetic_pop150	5	300	1	T2a	uuf250_1000c
t2m_00111	data/unsat250_1000c/uuf250-071.cnf	configs/tier2/memetic_deeppolish.yaml	memetic_deeppolish	1	60	1	T2a	uuf250_1000c
t2m_00112	data/unsat250_1000c/uuf250-071.cnf	configs/tier2/memetic_deeppolish.yaml	memetic_deeppolish	2	60	1	T2a	uuf250_1000c
t2m_00113	data/unsat250_1000c/uuf250-071.cnf	configs/tier2/memetic_deeppolish.yaml	memetic_deeppolish	3	60	1	T2a	uuf250_1000c
t2m_00114	data/unsat250_1000c/uuf250-071.cnf	configs/tier2/memetic_deeppolish.yaml	memetic_deeppolish	4	60	1	T2a	uuf250_1000c
t2m_00115	data/unsat250_1000c/uuf250-071.cnf	configs/tier2/memetic_deeppolish.yaml	memetic_deeppolish	5	60	1	T2a	uuf250_1000c
t2m_00116	data/unsat250_1000c/uuf250-071.cnf	configs/tier2/memetic_deeppolish.yaml	memetic_deeppolish	1	300	1	T2a	uuf250_1000c
t2m_00117	data/unsat250_1000c/uuf250-071.cnf	configs/tier2/memetic_deeppolish.yaml	memetic_deeppolish	2	300	1	T2a	uuf250_1000c
t2m_00118	data/unsat250_1000c/uuf250-071.cnf	configs/tier2/memetic_deeppolish.yaml	memetic_deeppolish	3	300	1	T2a	uuf250_1000c
t2m_00119	data/unsat250_1000c/uuf250-071.cnf	configs/tier2/memetic_deeppolish.yaml	memetic_deeppolish	4	300	1	T2a	uuf250_1000c
t2m_00120	data/unsat250_1000c/uuf250-071.cnf	configs/tier2/memetic_deeppolish.yaml	memetic_deeppolish	5	300	1	T2a	uuf250_1000c
t2m_00121	data/unsat250_1000c/uuf250-072.cnf	configs/tier2/memetic_base.yaml	memetic_base	1	60	1	T2a	uuf250_1000c
t2m_00122	data/unsat250_1000c/uuf250-072.cnf	configs/tier2/memetic_base.yaml	memetic_base	2	60	1	T2a	uuf250_1000c
t2m_00123	data/unsat250_1000c/uuf250-072.cnf	configs/tier2/memetic_base.yaml	memetic_base	3	60	1	T2a	uuf250_1000c
t2m_00124	data/unsat250_1000c/uuf250-072.cnf	configs/tier2/memetic_base.yaml	memetic_base	4	60	1	T2a	uuf250_1000c
t2m_00125	data/unsat250_1000c/uuf250-072.cnf	configs/tier2/memetic_base.yaml	memetic_base	5	60	1	T2a	uuf250_1000c
t2m_00126	data/unsat250_1000c/uuf250-072.cnf	configs/tier2/memetic_base.yaml	memetic_base	1	300	1	T2a	uuf250_1000c
t2m_00127	data/unsat250_1000c/uuf250-072.cnf	configs/tier2/memetic_base.yaml	memetic_base	2	300	1	T2a	uuf250_1000c
t2m_00128	data/unsat250_1000c/uuf250-072.cnf	configs/tier2/memetic_base.yaml	memetic_base	3	300	1	T2a	uuf250_1000c
t2m_00129	data/unsat250_1000c/uuf250-072.cnf	configs/tier2/memetic_base.yaml	memetic_base	4	300	1	T2a	uuf250_1000c
t2m_00130	data/unsat250_1000c/uuf250-072.cnf	configs/tier2/memetic_base.yaml	memetic_base	5	300	1	T2a	uuf250_1000c
t2m_00131	data/unsat250_1000c/uuf250-072.cnf	configs/tier2/memetic_pop150.yaml	memetic_pop150	1	60	1	T2a	uuf250_1000c
t2m_00132	data/unsat250_1000c/uuf250-072.cnf	configs/tier2/memetic_pop150.yaml	memetic_pop150	2	60	1	T2a	uuf250_1000c
t2m_00133	data/unsat250_1000c/uuf250-072.cnf	configs/tier2/memetic_pop150.yaml	memetic_pop150	3	60	1	T2a	uuf250_1000c
t2m_00134	data/unsat250_1000c/uuf250-072.cnf	configs/tier2/memetic_pop150.yaml	memetic_pop150	4	60	1	T2a	uuf250_1000c
t2m_00135	data/unsat250_1000c/uuf250-072.cnf	configs/tier2/memetic_pop150.yaml	memetic_pop150	5	60	1	T2a	uuf250_1000c
t2m_00136	data/unsat250_1000c/uuf250-072.cnf	configs/tier2/memetic_pop150.yaml	memetic_pop150	1	300	1	T2a	uuf250_1000c
t2m_00137	data/unsat250_1000c/uuf250-072.cnf	configs/tier2/memetic_pop150.yaml	memetic_pop150	2	300	1	T2a	uuf250_1000c
t2m_00138	data/unsat250_1000c/uuf250-072.cnf	configs/tier2/memetic_pop150.yaml	memetic_pop150	3	300	1	T2a	uuf250_1000c
t2m_00139	data/unsat250_1000c/uuf250-072.cnf	configs/tier2/memetic_pop150.yaml	memetic_pop150	4	300	1	T2a	uuf250_1000c
t2m_00140	data/unsat250_1000c/uuf250-072.cnf	configs/tier2/memetic_pop150.yaml	memetic_pop150	5	300	1	T2a	uuf250_1000c
t2m_00141	data/unsat250_1000c/uuf250-072.cnf	configs/tier2/memetic_deeppolish.yaml	memetic_deeppolish	1	60	1	T2a	uuf250_1000c
t2m_00142	data/unsat250_1000c/uuf250-072.cnf	configs/tier2/memetic_deeppolish.yaml	memetic_deeppolish	2	60	1	T2a	uuf250_1000c
t2m_00143	data/unsat250_1000c/uuf250-072.cnf	configs/tier2/memetic_deeppolish.yaml	memetic_deeppolish	3	60	1	T2a	uuf250_1000c
t2m_00144	data/unsat250_1000c/uuf250-072.cnf	configs/tier2/memetic_deeppolish.yaml	memetic_deeppolish	4	60	1	T2a	uuf250_1000c
t2m_00145	data/unsat250_1000c/uuf250-072.cnf	configs/tier2/memetic_deeppolish.yaml	memetic_deeppolish	5	60	1	T2a	uuf250_1000c
t2m_00146	data/unsat250_1000c/uuf250-072.cnf	configs/tier2/memetic_deeppolish.yaml	memetic_deeppolish	1	300	1	T2a	uuf250_1000c
t2m_00147	data/unsat250_1000c/uuf250-072.cnf	configs/tier2/memetic_deeppolish.yaml	memetic_deeppolish	2	300	1	T2a	uuf250_1000c
t2m_00148	data/unsat250_1000c/uuf250-072.cnf	configs/tier2/memetic_deeppolish.yaml	memetic_deeppolish	3	300	1	T2a	uuf250_1000c
t2m_00149	data/unsat250_1000c/uuf250-072.cnf	configs/tier2/memetic_deeppolish.yaml	memetic_deeppolish	4	300	1	T2a	uuf250_1000c
t2m_00150	data/unsat250_1000c/uuf250-072.cnf	configs/tier2/memetic_deeppolish.yaml	memetic_deeppolish	5	300	1	T2a	uuf250_1000c
t2m_00151	data/unsat250_1000c/uuf250-075.cnf	configs/tier2/memetic_base.yaml	memetic_base	1	60	1	T2a	uuf250_1000c
t2m_00152	data/unsat250_1000c/uuf250-075.cnf	configs/tier2/memetic_base.yaml	memetic_base	2	60	1	T2a	uuf250_1000c
t2m_00153	data/unsat250_1000c/uuf250-075.cnf	configs/tier2/memetic_base.yaml	memetic_base	3	60	1	T2a	uuf250_1000c
t2m_00154	data/unsat250_1000c/uuf250-075.cnf	configs/tier2/memetic_base.yaml	memetic_base	4	60	1	T2a	uuf250_1000c
t2m_00155	data/unsat250_1000c/uuf250-075.cnf	configs/tier2/memetic_base.yaml	memetic_base	5	60	1	T2a	uuf250_1000c
t2m_00156	data/unsat250_1000c/uuf250-075.cnf	configs/tier2/memetic_base.yaml	memetic_base	1	300	1	T2a	uuf250_1000c
t2m_00157	data/unsat250_1000c/uuf250-075.cnf	configs/tier2/memetic_base.yaml	memetic_base	2	300	1	T2a	uuf250_1000c
t2m_00158	data/unsat250_1000c/uuf250-075.cnf	configs/tier2/memetic_base.yaml	memetic_base	3	300	1	T2a	uuf250_1000c
t2m_00159	data/unsat250_1000c/uuf250-075.cnf	configs/tier2/memetic_base.yaml	memetic_base	4	300	1	T2a	uuf250_1000c
t2m_00160	data/unsat250_1000c/uuf250-075.cnf	configs/tier2/memetic_base.yaml	memetic_base	5	300	1	T2a	uuf250_1000c
t2m_00161	data/unsat250_1000c/uuf250-075.cnf	configs/tier2/memetic_pop150.yaml	memetic_pop150	1	60	1	T2a	uuf250_1000c
t2m_00162	data/unsat250_1000c/uuf250-075.cnf	configs/tier2/memetic_pop150.yaml	memetic_pop150	2	60	1	T2a	uuf250_1000c
t2m_00163	data/unsat250_1000c/uuf250-075.cnf	configs/tier2/memetic_pop150.yaml	memetic_pop150	3	60	1	T2a	uuf250_1000c
t2m_00164	data/unsat250_1000c/uuf250-075.cnf	configs/tier2/memetic_pop150.yaml	memetic_pop150	4	60	1	T2a	uuf250_1000c
t2m_00165	data/unsat250_1000c/uuf250-075.cnf	configs/tier2/memetic_pop150.yaml	memetic_pop150	5	60	1	T2a	uuf250_1000c
t2m_00166	data/unsat250_1000c/uuf250-075.cnf	configs/tier2/memetic_pop150.yaml	memetic_pop150	1	300	1	T2a	uuf250_1000c
t2m_00167	data/unsat250_1000c/uuf250-075.cnf	configs/tier2/memetic_pop150.yaml	memetic_pop150	2	300	1	T2a	uuf250_1000c
t2m_00168	data/unsat250_1000c/uuf250-075.cnf	configs/tier2/memetic_pop150.yaml	memetic_pop150	3	300	1	T2a	uuf250_1000c
t2m_00169	data/unsat250_1000c/uuf250-075.cnf	configs/tier2/memetic_pop150.yaml	memetic_pop150	4	300	1	T2a	uuf250_1000c
t2m_00170	data/unsat250_1000c/uuf250-075.cnf	configs/tier2/memetic_pop150.yaml	memetic_pop150	5	300	1	T2a	uuf250_1000c
t2m_00171	data/unsat250_1000c/uuf250-075.cnf	configs/tier2/memetic_deeppolish.yaml	memetic_deeppolish	1	60	1	T2a	uuf250_1000c
t2m_00172	data/unsat250_1000c/uuf250-075.cnf	configs/tier2/memetic_deeppolish.yaml	memetic_deeppolish	2	60	1	T2a	uuf250_1000c
t2m_00173	data/unsat250_1000c/uuf250-075.cnf	configs/tier2/memetic_deeppolish.yaml	memetic_deeppolish	3	60	1	T2a	uuf250_1000c
t2m_00174	data/unsat250_1000c/uuf250-075.cnf	configs/tier2/memetic_deeppolish.yaml	memetic_deeppolish	4	60	1	T2a	uuf250_1000c
t2m_00175	data/unsat250_1000c/uuf250-075.cnf	configs/tier2/memetic_deeppolish.yaml	memetic_deeppolish	5	60	1	T2a	uuf250_1000c
t2m_00176	data/unsat250_1000c/uuf250-075.cnf	configs/tier2/memetic_deeppolish.yaml	memetic_deeppolish	1	300	1	T2a	uuf250_1000c
t2m_00177	data/unsat250_1000c/uuf250-075.cnf	configs/tier2/memetic_deeppolish.yaml	memetic_deeppolish	2	300	1	T2a	uuf250_1000c
t2m_00178	data/unsat250_1000c/uuf250-075.cnf	configs/tier2/memetic_deeppolish.yaml	memetic_deeppolish	3	300	1	T2a	uuf250_1000c
t2m_00179	data/unsat250_1000c/uuf250-075.cnf	configs/tier2/memetic_deeppolish.yaml	memetic_deeppolish	4	300	1	T2a	uuf250_1000c
t2m_00180	data/unsat250_1000c/uuf250-075.cnf	configs/tier2/memetic_deeppolish.yaml	memetic_deeppolish	5	300	1	T2a	uuf250_1000c
t2m_00181	data/unsat250_1000c/uuf250-079.cnf	configs/tier2/memetic_base.yaml	memetic_base	1	60	1	T2a	uuf250_1000c
t2m_00182	data/unsat250_1000c/uuf250-079.cnf	configs/tier2/memetic_base.yaml	memetic_base	2	60	1	T2a	uuf250_1000c
t2m_00183	data/unsat250_1000c/uuf250-079.cnf	configs/tier2/memetic_base.yaml	memetic_base	3	60	1	T2a	uuf250_1000c
t2m_00184	data/unsat250_1000c/uuf250-079.cnf	configs/tier2/memetic_base.yaml	memetic_base	4	60	1	T2a	uuf250_1000c
t2m_00185	data/unsat250_1000c/uuf250-079.cnf	configs/tier2/memetic_base.yaml	memetic_base	5	60	1	T2a	uuf250_1000c
t2m_00186	data/unsat250_1000c/uuf250-079.cnf	configs/tier2/memetic_base.yaml	memetic_base	1	300	1	T2a	uuf250_1000c
t2m_00187	data/unsat250_1000c/uuf250-079.cnf	configs/tier2/memetic_base.yaml	memetic_base	2	300	1	T2a	uuf250_1000c
t2m_00188	data/unsat250_1000c/uuf250-079.cnf	configs/tier2/memetic_base.yaml	memetic_base	3	300	1	T2a	uuf250_1000c
t2m_00189	data/unsat250_1000c/uuf250-079.cnf	configs/tier2/memetic_base.yaml	memetic_base	4	300	1	T2a	uuf250_1000c
t2m_00190	data/unsat250_1000c/uuf250-079.cnf	configs/tier2/memetic_base.yaml	memetic_base	5	300	1	T2a	uuf250_1000c
t2m_00191	data/unsat250_1000c/uuf250-079.cnf	configs/tier2/memetic_pop150.yaml	memetic_pop150	1	60	1	T2a	uuf250_1000c
t2m_00192	data/unsat250_1000c/uuf250-079.cnf	configs/tier2/memetic_pop150.yaml	memetic_pop150	2	60	1	T2a	uuf250_1000c
t2m_00193	data/unsat250_1000c/uuf250-079.cnf	configs/tier2/memetic_pop150.yaml	memetic_pop150	3	60	1	T2a	uuf250_1000c
t2m_00194	data/unsat250_1000c/uuf250-079.cnf	configs/tier2/memetic_pop150.yaml	memetic_pop150	4	60	1	T2a	uuf250_1000c
t2m_00195	data/unsat250_1000c/uuf250-079.cnf	configs/tier2/memetic_pop150.yaml	memetic_pop150	5	60	1	T2a	uuf250_1000c
t2m_00196	data/unsat250_1000c/uuf250-079.cnf	configs/tier2/memetic_pop150.yaml	memetic_pop150	1	300	1	T2a	uuf250_1000c
t2m_00197	data/unsat250_1000c/uuf250-079.cnf	configs/tier2/memetic_pop150.yaml	memetic_pop150	2	300	1	T2a	uuf250_1000c
t2m_00198	data/unsat250_1000c/uuf250-079.cnf	configs/tier2/memetic_pop150.yaml	memetic_pop150	3	300	1	T2a	uuf250_1000c
t2m_00199	data/unsat250_1000c/uuf250-079.cnf	configs/tier2/memetic_pop150.yaml	memetic_pop150	4	300	1	T2a	uuf250_1000c
t2m_00200	data/unsat250_1000c/uuf250-079.cnf	configs/tier2/memetic_pop150.yaml	memetic_pop150	5	300	1	T2a	uuf250_1000c
t2m_00201	data/unsat250_1000c/uuf250-079.cnf	configs/tier2/memetic_deeppolish.yaml	memetic_deeppolish	1	60	1	T2a	uuf250_1000c
t2m_00202	data/unsat250_1000c/uuf250-079.cnf	configs/tier2/memetic_deeppolish.yaml	memetic_deeppolish	2	60	1	T2a	uuf250_1000c
t2m_00203	data/unsat250_1000c/uuf250-079.cnf	configs/tier2/memetic_deeppolish.yaml	memetic_deeppolish	3	60	1	T2a	uuf250_1000c
t2m_00204	data/unsat250_1000c/uuf250-079.cnf	configs/tier2/memetic_deeppolish.yaml	memetic_deeppolish	4	60	1	T2a	uuf250_1000c
t2m_00205	data/unsat250_1000c/uuf250-079.cnf	configs/tier2/memetic_deeppolish.yaml	memetic_deeppolish	5	60	1	T2a	uuf250_1000c
t2m_00206	data/unsat250_1000c/uuf250-079.cnf	configs/tier2/memetic_deeppolish.yaml	memetic_deeppolish	1	300	1	T2a	uuf250_1000c
t2m_00207	data/unsat250_1000c/uuf250-079.cnf	configs/tier2/memetic_deeppolish.yaml	memetic_deeppolish	2	300	1	T2a	uuf250_1000c
t2m_00208	data/unsat250_1000c/uuf250-079.cnf	configs/tier2/memetic_deeppolish.yaml	memetic_deeppolish	3	300	1	T2a	uuf250_1000c
t2m_00209	data/unsat250_1000c/uuf250-079.cnf	configs/tier2/memetic_deeppolish.yaml	memetic_deeppolish	4	300	1	T2a	uuf250_1000c
t2m_00210	data/unsat250_1000c/uuf250-079.cnf	configs/tier2/memetic_deeppolish.yaml	memetic_deeppolish	5	300	1	T2a	uuf250_1000c
t2m_00211	data/unsat250_1000c/uuf250-080.cnf	configs/tier2/memetic_base.yaml	memetic_base	1	60	1	T2a	uuf250_1000c
t2m_00212	data/unsat250_1000c/uuf250-080.cnf	configs/tier2/memetic_base.yaml	memetic_base	2	60	1	T2a	uuf250_1000c
t2m_00213	data/unsat250_1000c/uuf250-080.cnf	configs/tier2/memetic_base.yaml	memetic_base	3	60	1	T2a	uuf250_1000c
t2m_00214	data/unsat250_1000c/uuf250-080.cnf	configs/tier2/memetic_base.yaml	memetic_base	4	60	1	T2a	uuf250_1000c
t2m_00215	data/unsat250_1000c/uuf250-080.cnf	configs/tier2/memetic_base.yaml	memetic_base	5	60	1	T2a	uuf250_1000c
t2m_00216	data/unsat250_1000c/uuf250-080.cnf	configs/tier2/memetic_base.yaml	memetic_base	1	300	1	T2a	uuf250_1000c
t2m_00217	data/unsat250_1000c/uuf250-080.cnf	configs/tier2/memetic_base.yaml	memetic_base	2	300	1	T2a	uuf250_1000c
t2m_00218	data/unsat250_1000c/uuf250-080.cnf	configs/tier2/memetic_base.yaml	memetic_base	3	300	1	T2a	uuf250_1000c
t2m_00219	data/unsat250_1000c/uuf250-080.cnf	configs/tier2/memetic_base.yaml	memetic_base	4	300	1	T2a	uuf250_1000c
t2m_00220	data/unsat250_1000c/uuf250-080.cnf	configs/tier2/memetic_base.yaml	memetic_base	5	300	1	T2a	uuf250_1000c
t2m_00221	data/unsat250_1000c/uuf250-080.cnf	configs/tier2/memetic_pop150.yaml	memetic_pop150	1	60	1	T2a	uuf250_1000c
t2m_00222	data/unsat250_1000c/uuf250-080.cnf	configs/tier2/memetic_pop150.yaml	memetic_pop150	2	60	1	T2a	uuf250_1000c
t2m_00223	data/unsat250_1000c/uuf250-080.cnf	configs/tier2/memetic_pop150.yaml	memetic_pop150	3	60	1	T2a	uuf250_1000c
t2m_00224	data/unsat250_1000c/uuf250-080.cnf	configs/tier2/memetic_pop150.yaml	memetic_pop150	4	60	1	T2a	uuf250_1000c
t2m_00225	data/unsat250_1000c/uuf250-080.cnf	configs/tier2/memetic_pop150.yaml	memetic_pop150	5	60	1	T2a	uuf250_1000c
t2m_00226	data/unsat250_1000c/uuf250-080.cnf	configs/tier2/memetic_pop150.yaml	memetic_pop150	1	300	1	T2a	uuf250_1000c
t2m_00227	data/unsat250_1000c/uuf250-080.cnf	configs/tier2/memetic_pop150.yaml	memetic_pop150	2	300	1	T2a	uuf250_1000c
t2m_00228	data/unsat250_1000c/uuf250-080.cnf	configs/tier2/memetic_pop150.yaml	memetic_pop150	3	300	1	T2a	uuf250_1000c
t2m_00229	data/unsat250_1000c/uuf250-080.cnf	configs/tier2/memetic_pop150.yaml	memetic_pop150	4	300	1	T2a	uuf250_1000c
t2m_00230	data/unsat250_1000c/uuf250-080.cnf	configs/tier2/memetic_pop150.yaml	memetic_pop150	5	300	1	T2a	uuf250_1000c
t2m_00231	data/unsat250_1000c/uuf250-080.cnf	configs/tier2/memetic_deeppolish.yaml	memetic_deeppolish	1	60	1	T2a	uuf250_1000c
t2m_00232	data/unsat250_1000c/uuf250-080.cnf	configs/tier2/memetic_deeppolish.yaml	memetic_deeppolish	2	60	1	T2a	uuf250_1000c
t2m_00233	data/unsat250_1000c/uuf250-080.cnf	configs/tier2/memetic_deeppolish.yaml	memetic_deeppolish	3	60	1	T2a	uuf250_1000c
t2m_00234	data/unsat250_1000c/uuf250-080.cnf	configs/tier2/memetic_deeppolish.yaml	memetic_deeppolish	4	60	1	T2a	uuf250_1000c
t2m_00235	data/unsat250_1000c/uuf250-080.cnf	configs/tier2/memetic_deeppolish.yaml	memetic_deeppolish	5	60	1	T2a	uuf250_1000c
t2m_00236	data/unsat250_1000c/uuf250-080.cnf	configs/tier2/memetic_deeppolish.yaml	memetic_deeppolish	1	300	1	T2a	uuf250_1000c
t2m_00237	data/unsat250_1000c/uuf250-080.cnf	configs/tier2/memetic_deeppolish.yaml	memetic_deeppolish	2	300	1	T2a	uuf250_1000c
t2m_00238	data/unsat250_1000c/uuf250-080.cnf	configs/tier2/memetic_deeppolish.yaml	memetic_deeppolish	3	300	1	T2a	uuf250_1000c
t2m_00239	data/unsat250_1000c/uuf250-080.cnf	configs/tier2/memetic_deeppolish.yaml	memetic_deeppolish	4	300	1	T2a	uuf250_1000c
t2m_00240	data/unsat250_1000c/uuf250-080.cnf	configs/tier2/memetic_deeppolish.yaml	memetic_deeppolish	5	300	1	T2a	uuf250_1000c
t2m_00241	data/unsat250_1000c/uuf250-081.cnf	configs/tier2/memetic_base.yaml	memetic_base	1	60	1	T2a	uuf250_1000c
t2m_00242	data/unsat250_1000c/uuf250-081.cnf	configs/tier2/memetic_base.yaml	memetic_base	2	60	1	T2a	uuf250_1000c
t2m_00243	data/unsat250_1000c/uuf250-081.cnf	configs/tier2/memetic_base.yaml	memetic_base	3	60	1	T2a	uuf250_1000c
t2m_00244	data/unsat250_1000c/uuf250-081.cnf	configs/tier2/memetic_base.yaml	memetic_base	4	60	1	T2a	uuf250_1000c
t2m_00245	data/unsat250_1000c/uuf250-081.cnf	configs/tier2/memetic_base.yaml	memetic_base	5	60	1	T2a	uuf250_1000c
t2m_00246	data/unsat250_1000c/uuf250-081.cnf	configs/tier2/memetic_base.yaml	memetic_base	1	300	1	T2a	uuf250_1000c
t2m_00247	data/unsat250_1000c/uuf250-081.cnf	configs/tier2/memetic_base.yaml	memetic_base	2	300	1	T2a	uuf250_1000c
t2m_00248	data/unsat250_1000c/uuf250-081.cnf	configs/tier2/memetic_base.yaml	memetic_base	3	300	1	T2a	uuf250_1000c
t2m_00249	data/unsat250_1000c/uuf250-081.cnf	configs/tier2/memetic_base.yaml	memetic_base	4	300	1	T2a	uuf250_1000c
t2m_00250	data/unsat250_1000c/uuf250-081.cnf	configs/tier2/memetic_base.yaml	memetic_base	5	300	1	T2a	uuf250_1000c
t2m_00251	data/unsat250_1000c/uuf250-081.cnf	configs/tier2/memetic_pop150.yaml	memetic_pop150	1	60	1	T2a	uuf250_1000c
t2m_00252	data/unsat250_1000c/uuf250-081.cnf	configs/tier2/memetic_pop150.yaml	memetic_pop150	2	60	1	T2a	uuf250_1000c
t2m_00253	data/unsat250_1000c/uuf250-081.cnf	configs/tier2/memetic_pop150.yaml	memetic_pop150	3	60	1	T2a	uuf250_1000c
t2m_00254	data/unsat250_1000c/uuf250-081.cnf	configs/tier2/memetic_pop150.yaml	memetic_pop150	4	60	1	T2a	uuf250_1000c
t2m_00255	data/unsat250_1000c/uuf250-081.cnf	configs/tier2/memetic_pop150.yaml	memetic_pop150	5	60	1	T2a	uuf250_1000c
t2m_00256	data/unsat250_1000c/uuf250-081.cnf	configs/tier2/memetic_pop150.yaml	memetic_pop150	1	300	1	T2a	uuf250_1000c
t2m_00257	data/unsat250_1000c/uuf250-081.cnf	configs/tier2/memetic_pop150.yaml	memetic_pop150	2	300	1	T2a	uuf250_1000c
t2m_00258	data/unsat250_1000c/uuf250-081.cnf	configs/tier2/memetic_pop150.yaml	memetic_pop150	3	300	1	T2a	uuf250_1000c
t2m_00259	data/unsat250_1000c/uuf250-081.cnf	configs/tier2/memetic_pop150.yaml	memetic_pop150	4	300	1	T2a	uuf250_1000c
t2m_00260	data/unsat250_1000c/uuf250-081.cnf	configs/tier2/memetic_pop150.yaml	memetic_pop150	5	300	1	T2a	uuf250_1000c
t2m_00261	data/unsat250_1000c/uuf250-081.cnf	configs/tier2/memetic_deeppolish.yaml	memetic_deeppolish	1	60	1	T2a	uuf250_1000c
t2m_00262	data/unsat250_1000c/uuf250-081.cnf	configs/tier2/memetic_deeppolish.yaml	memetic_deeppolish	2	60	1	T2a	uuf250_1000c
t2m_00263	data/unsat250_1000c/uuf250-081.cnf	configs/tier2/memetic_deeppolish.yaml	memetic_deeppolish	3	60	1	T2a	uuf250_1000c
t2m_00264	data/unsat250_1000c/uuf250-081.cnf	configs/tier2/memetic_deeppolish.yaml	memetic_deeppolish	4	60	1	T2a	uuf250_1000c
t2m_00265	data/unsat250_1000c/uuf250-081.cnf	configs/tier2/memetic_deeppolish.yaml	memetic_deeppolish	5	60	1	T2a	uuf250_1000c
t2m_00266	data/unsat250_1000c/uuf250-081.cnf	configs/tier2/memetic_deeppolish.yaml	memetic_deeppolish	1	300	1	T2a	uuf250_1000c
t2m_00267	data/unsat250_1000c/uuf250-081.cnf	configs/tier2/memetic_deeppolish.yaml	memetic_deeppolish	2	300	1	T2a	uuf250_1000c
t2m_00268	data/unsat250_1000c/uuf250-081.cnf	configs/tier2/memetic_deeppolish.yaml	memetic_deeppolish	3	300	1	T2a	uuf250_1000c
t2m_00269	data/unsat250_1000c/uuf250-081.cnf	configs/tier2/memetic_deeppolish.yaml	memetic_deeppolish	4	300	1	T2a	uuf250_1000c
t2m_00270	data/unsat250_1000c/uuf250-081.cnf	configs/tier2/memetic_deeppolish.yaml	memetic_deeppolish	5	300	1	T2a	uuf250_1000c
t2m_00271	data/unsat250_1000c/uuf250-087.cnf	configs/tier2/memetic_base.yaml	memetic_base	1	60	1	T2b	uuf250_1000c
t2m_00272	data/unsat250_1000c/uuf250-087.cnf	configs/tier2/memetic_base.yaml	memetic_base	2	60	1	T2b	uuf250_1000c
t2m_00273	data/unsat250_1000c/uuf250-087.cnf	configs/tier2/memetic_base.yaml	memetic_base	3	60	1	T2b	uuf250_1000c
t2m_00274	data/unsat250_1000c/uuf250-087.cnf	configs/tier2/memetic_base.yaml	memetic_base	4	60	1	T2b	uuf250_1000c
t2m_00275	data/unsat250_1000c/uuf250-087.cnf	configs/tier2/memetic_base.yaml	memetic_base	5	60	1	T2b	uuf250_1000c
t2m_00276	data/unsat250_1000c/uuf250-087.cnf	configs/tier2/memetic_base.yaml	memetic_base	1	300	1	T2b	uuf250_1000c
t2m_00277	data/unsat250_1000c/uuf250-087.cnf	configs/tier2/memetic_base.yaml	memetic_base	2	300	1	T2b	uuf250_1000c
t2m_00278	data/unsat250_1000c/uuf250-087.cnf	configs/tier2/memetic_base.yaml	memetic_base	3	300	1	T2b	uuf250_1000c
t2m_00279	data/unsat250_1000c/uuf250-087.cnf	configs/tier2/memetic_base.yaml	memetic_base	4	300	1	T2b	uuf250_1000c
t2m_00280	data/unsat250_1000c/uuf250-087.cnf	configs/tier2/memetic_base.yaml	memetic_base	5	300	1	T2b	uuf250_1000c
t2m_00281	data/unsat250_1000c/uuf250-087.cnf	configs/tier2/memetic_pop150.yaml	memetic_pop150	1	60	1	T2b	uuf250_1000c
t2m_00282	data/unsat250_1000c/uuf250-087.cnf	configs/tier2/memetic_pop150.yaml	memetic_pop150	2	60	1	T2b	uuf250_1000c
t2m_00283	data/unsat250_1000c/uuf250-087.cnf	configs/tier2/memetic_pop150.yaml	memetic_pop150	3	60	1	T2b	uuf250_1000c
t2m_00284	data/unsat250_1000c/uuf250-087.cnf	configs/tier2/memetic_pop150.yaml	memetic_pop150	4	60	1	T2b	uuf250_1000c
t2m_00285	data/unsat250_1000c/uuf250-087.cnf	configs/tier2/memetic_pop150.yaml	memetic_pop150	5	60	1	T2b	uuf250_1000c
t2m_00286	data/unsat250_1000c/uuf250-087.cnf	configs/tier2/memetic_pop150.yaml	memetic_pop150	1	300	1	T2b	uuf250_1000c
t2m_00287	data/unsat250_1000c/uuf250-087.cnf	configs/tier2/memetic_pop150.yaml	memetic_pop150	2	300	1	T2b	uuf250_1000c
t2m_00288	data/unsat250_1000c/uuf250-087.cnf	configs/tier2/memetic_pop150.yaml	memetic_pop150	3	300	1	T2b	uuf250_1000c
t2m_00289	data/unsat250_1000c/uuf250-087.cnf	configs/tier2/memetic_pop150.yaml	memetic_pop150	4	300	1	T2b	uuf250_1000c
t2m_00290	data/unsat250_1000c/uuf250-087.cnf	configs/tier2/memetic_pop150.yaml	memetic_pop150	5	300	1	T2b	uuf250_1000c
t2m_00291	data/unsat250_1000c/uuf250-087.cnf	configs/tier2/memetic_deeppolish.yaml	memetic_deeppolish	1	60	1	T2b	uuf250_1000c
t2m_00292	data/unsat250_1000c/uuf250-087.cnf	configs/tier2/memetic_deeppolish.yaml	memetic_deeppolish	2	60	1	T2b	uuf250_1000c
t2m_00293	data/unsat250_1000c/uuf250-087.cnf	configs/tier2/memetic_deeppolish.yaml	memetic_deeppolish	3	60	1	T2b	uuf250_1000c
t2m_00294	data/unsat250_1000c/uuf250-087.cnf	configs/tier2/memetic_deeppolish.yaml	memetic_deeppolish	4	60	1	T2b	uuf250_1000c
t2m_00295	data/unsat250_1000c/uuf250-087.cnf	configs/tier2/memetic_deeppolish.yaml	memetic_deeppolish	5	60	1	T2b	uuf250_1000c
t2m_00296	data/unsat250_1000c/uuf250-087.cnf	configs/tier2/memetic_deeppolish.yaml	memetic_deeppolish	1	300	1	T2b	uuf250_1000c
t2m_00297	data/unsat250_1000c/uuf250-087.cnf	configs/tier2/memetic_deeppolish.yaml	memetic_deeppolish	2	300	1	T2b	uuf250_1000c
t2m_00298	data/unsat250_1000c/uuf250-087.cnf	configs/tier2/memetic_deeppolish.yaml	memetic_deeppolish	3	300	1	T2b	uuf250_1000c
t2m_00299	data/unsat250_1000c/uuf250-087.cnf	configs/tier2/memetic_deeppolish.yaml	memetic_deeppolish	4	300	1	T2b	uuf250_1000c
t2m_00300	data/unsat250_1000c/uuf250-087.cnf	configs/tier2/memetic_deeppolish.yaml	memetic_deeppolish	5	300	1	T2b	uuf250_1000c
t2m_00301	data/unsat250_1000c/uuf250-089.cnf	configs/tier2/memetic_base.yaml	memetic_base	1	60	1	T2a	uuf250_1000c
t2m_00302	data/unsat250_1000c/uuf250-089.cnf	configs/tier2/memetic_base.yaml	memetic_base	2	60	1	T2a	uuf250_1000c
t2m_00303	data/unsat250_1000c/uuf250-089.cnf	configs/tier2/memetic_base.yaml	memetic_base	3	60	1	T2a	uuf250_1000c
t2m_00304	data/unsat250_1000c/uuf250-089.cnf	configs/tier2/memetic_base.yaml	memetic_base	4	60	1	T2a	uuf250_1000c
t2m_00305	data/unsat250_1000c/uuf250-089.cnf	configs/tier2/memetic_base.yaml	memetic_base	5	60	1	T2a	uuf250_1000c
t2m_00306	data/unsat250_1000c/uuf250-089.cnf	configs/tier2/memetic_base.yaml	memetic_base	1	300	1	T2a	uuf250_1000c
t2m_00307	data/unsat250_1000c/uuf250-089.cnf	configs/tier2/memetic_base.yaml	memetic_base	2	300	1	T2a	uuf250_1000c
t2m_00308	data/unsat250_1000c/uuf250-089.cnf	configs/tier2/memetic_base.yaml	memetic_base	3	300	1	T2a	uuf250_1000c
t2m_00309	data/unsat250_1000c/uuf250-089.cnf	configs/tier2/memetic_base.yaml	memetic_base	4	300	1	T2a	uuf250_1000c
t2m_00310	data/unsat250_1000c/uuf250-089.cnf	configs/tier2/memetic_base.yaml	memetic_base	5	300	1	T2a	uuf250_1000c
t2m_00311	data/unsat250_1000c/uuf250-089.cnf	configs/tier2/memetic_pop150.yaml	memetic_pop150	1	60	1	T2a	uuf250_1000c
t2m_00312	data/unsat250_1000c/uuf250-089.cnf	configs/tier2/memetic_pop150.yaml	memetic_pop150	2	60	1	T2a	uuf250_1000c
t2m_00313	data/unsat250_1000c/uuf250-089.cnf	configs/tier2/memetic_pop150.yaml	memetic_pop150	3	60	1	T2a	uuf250_1000c
t2m_00314	data/unsat250_1000c/uuf250-089.cnf	configs/tier2/memetic_pop150.yaml	memetic_pop150	4	60	1	T2a	uuf250_1000c
t2m_00315	data/unsat250_1000c/uuf250-089.cnf	configs/tier2/memetic_pop150.yaml	memetic_pop150	5	60	1	T2a	uuf250_1000c
t2m_00316	data/unsat250_1000c/uuf250-089.cnf	configs/tier2/memetic_pop150.yaml	memetic_pop150	1	300	1	T2a	uuf250_1000c
t2m_00317	data/unsat250_1000c/uuf250-089.cnf	configs/tier2/memetic_pop150.yaml	memetic_pop150	2	300	1	T2a	uuf250_1000c
t2m_00318	data/unsat250_1000c/uuf250-089.cnf	configs/tier2/memetic_pop150.yaml	memetic_pop150	3	300	1	T2a	uuf250_1000c
t2m_00319	data/unsat250_1000c/uuf250-089.cnf	configs/tier2/memetic_pop150.yaml	memetic_pop150	4	300	1	T2a	uuf250_1000c
t2m_00320	data/unsat250_1000c/uuf250-089.cnf	configs/tier2/memetic_pop150.yaml	memetic_pop150	5	300	1	T2a	uuf250_1000c
t2m_00321	data/unsat250_1000c/uuf250-089.cnf	configs/tier2/memetic_deeppolish.yaml	memetic_deeppolish	1	60	1	T2a	uuf250_1000c
t2m_00322	data/unsat250_1000c/uuf250-089.cnf	configs/tier2/memetic_deeppolish.yaml	memetic_deeppolish	2	60	1	T2a	uuf250_1000c
t2m_00323	data/unsat250_1000c/uuf250-089.cnf	configs/tier2/memetic_deeppolish.yaml	memetic_deeppolish	3	60	1	T2a	uuf250_1000c
t2m_00324	data/unsat250_1000c/uuf250-089.cnf	configs/tier2/memetic_deeppolish.yaml	memetic_deeppolish	4	60	1	T2a	uuf250_1000c
t2m_00325	data/unsat250_1000c/uuf250-089.cnf	configs/tier2/memetic_deeppolish.yaml	memetic_deeppolish	5	60	1	T2a	uuf250_1000c
t2m_00326	data/unsat250_1000c/uuf250-089.cnf	configs/tier2/memetic_deeppolish.yaml	memetic_deeppolish	1	300	1	T2a	uuf250_1000c
t2m_00327	data/unsat250_1000c/uuf250-089.cnf	configs/tier2/memetic_deeppolish.yaml	memetic_deeppolish	2	300	1	T2a	uuf250_1000c
t2m_00328	data/unsat250_1000c/uuf250-089.cnf	configs/tier2/memetic_deeppolish.yaml	memetic_deeppolish	3	300	1	T2a	uuf250_1000c
t2m_00329	data/unsat250_1000c/uuf250-089.cnf	configs/tier2/memetic_deeppolish.yaml	memetic_deeppolish	4	300	1	T2a	uuf250_1000c
t2m_00330	data/unsat250_1000c/uuf250-089.cnf	configs/tier2/memetic_deeppolish.yaml	memetic_deeppolish	5	300	1	T2a	uuf250_1000c
t2m_00331	data/unsat250_1000c/uuf250-090.cnf	configs/tier2/memetic_base.yaml	memetic_base	1	60	1	T2a	uuf250_1000c
t2m_00332	data/unsat250_1000c/uuf250-090.cnf	configs/tier2/memetic_base.yaml	memetic_base	2	60	1	T2a	uuf250_1000c
t2m_00333	data/unsat250_1000c/uuf250-090.cnf	configs/tier2/memetic_base.yaml	memetic_base	3	60	1	T2a	uuf250_1000c
t2m_00334	data/unsat250_1000c/uuf250-090.cnf	configs/tier2/memetic_base.yaml	memetic_base	4	60	1	T2a	uuf250_1000c
t2m_00335	data/unsat250_1000c/uuf250-090.cnf	configs/tier2/memetic_base.yaml	memetic_base	5	60	1	T2a	uuf250_1000c
t2m_00336	data/unsat250_1000c/uuf250-090.cnf	configs/tier2/memetic_base.yaml	memetic_base	1	300	1	T2a	uuf250_1000c
t2m_00337	data/unsat250_1000c/uuf250-090.cnf	configs/tier2/memetic_base.yaml	memetic_base	2	300	1	T2a	uuf250_1000c
t2m_00338	data/unsat250_1000c/uuf250-090.cnf	configs/tier2/memetic_base.yaml	memetic_base	3	300	1	T2a	uuf250_1000c
t2m_00339	data/unsat250_1000c/uuf250-090.cnf	configs/tier2/memetic_base.yaml	memetic_base	4	300	1	T2a	uuf250_1000c
t2m_00340	data/unsat250_1000c/uuf250-090.cnf	configs/tier2/memetic_base.yaml	memetic_base	5	300	1	T2a	uuf250_1000c
t2m_00341	data/unsat250_1000c/uuf250-090.cnf	configs/tier2/memetic_pop150.yaml	memetic_pop150	1	60	1	T2a	uuf250_1000c
t2m_00342	data/unsat250_1000c/uuf250-090.cnf	configs/tier2/memetic_pop150.yaml	memetic_pop150	2	60	1	T2a	uuf250_1000c
t2m_00343	data/unsat250_1000c/uuf250-090.cnf	configs/tier2/memetic_pop150.yaml	memetic_pop150	3	60	1	T2a	uuf250_1000c
t2m_00344	data/unsat250_1000c/uuf250-090.cnf	configs/tier2/memetic_pop150.yaml	memetic_pop150	4	60	1	T2a	uuf250_1000c
t2m_00345	data/unsat250_1000c/uuf250-090.cnf	configs/tier2/memetic_pop150.yaml	memetic_pop150	5	60	1	T2a	uuf250_1000c
t2m_00346	data/unsat250_1000c/uuf250-090.cnf	configs/tier2/memetic_pop150.yaml	memetic_pop150	1	300	1	T2a	uuf250_1000c
t2m_00347	data/unsat250_1000c/uuf250-090.cnf	configs/tier2/memetic_pop150.yaml	memetic_pop150	2	300	1	T2a	uuf250_1000c
t2m_00348	data/unsat250_1000c/uuf250-090.cnf	configs/tier2/memetic_pop150.yaml	memetic_pop150	3	300	1	T2a	uuf250_1000c
t2m_00349	data/unsat250_1000c/uuf250-090.cnf	configs/tier2/memetic_pop150.yaml	memetic_pop150	4	300	1	T2a	uuf250_1000c
t2m_00350	data/unsat250_1000c/uuf250-090.cnf	configs/tier2/memetic_pop150.yaml	memetic_pop150	5	300	1	T2a	uuf250_1000c
t2m_00351	data/unsat250_1000c/uuf250-090.cnf	configs/tier2/memetic_deeppolish.yaml	memetic_deeppolish	1	60	1	T2a	uuf250_1000c
t2m_00352	data/unsat250_1000c/uuf250-090.cnf	configs/tier2/memetic_deeppolish.yaml	memetic_deeppolish	2	60	1	T2a	uuf250_1000c
t2m_00353	data/unsat250_1000c/uuf250-090.cnf	configs/tier2/memetic_deeppolish.yaml	memetic_deeppolish	3	60	1	T2a	uuf250_1000c
t2m_00354	data/unsat250_1000c/uuf250-090.cnf	configs/tier2/memetic_deeppolish.yaml	memetic_deeppolish	4	60	1	T2a	uuf250_1000c
t2m_00355	data/unsat250_1000c/uuf250-090.cnf	configs/tier2/memetic_deeppolish.yaml	memetic_deeppolish	5	60	1	T2a	uuf250_1000c
t2m_00356	data/unsat250_1000c/uuf250-090.cnf	configs/tier2/memetic_deeppolish.yaml	memetic_deeppolish	1	300	1	T2a	uuf250_1000c
t2m_00357	data/unsat250_1000c/uuf250-090.cnf	configs/tier2/memetic_deeppolish.yaml	memetic_deeppolish	2	300	1	T2a	uuf250_1000c
t2m_00358	data/unsat250_1000c/uuf250-090.cnf	configs/tier2/memetic_deeppolish.yaml	memetic_deeppolish	3	300	1	T2a	uuf250_1000c
t2m_00359	data/unsat250_1000c/uuf250-090.cnf	configs/tier2/memetic_deeppolish.yaml	memetic_deeppolish	4	300	1	T2a	uuf250_1000c
t2m_00360	data/unsat250_1000c/uuf250-090.cnf	configs/tier2/memetic_deeppolish.yaml	memetic_deeppolish	5	300	1	T2a	uuf250_1000c
t2m_00361	data/unsat250_1000c/uuf250-093.cnf	configs/tier2/memetic_base.yaml	memetic_base	1	60	1	T2a	uuf250_1000c
t2m_00362	data/unsat250_1000c/uuf250-093.cnf	configs/tier2/memetic_base.yaml	memetic_base	2	60	1	T2a	uuf250_1000c
t2m_00363	data/unsat250_1000c/uuf250-093.cnf	configs/tier2/memetic_base.yaml	memetic_base	3	60	1	T2a	uuf250_1000c
t2m_00364	data/unsat250_1000c/uuf250-093.cnf	configs/tier2/memetic_base.yaml	memetic_base	4	60	1	T2a	uuf250_1000c
t2m_00365	data/unsat250_1000c/uuf250-093.cnf	configs/tier2/memetic_base.yaml	memetic_base	5	60	1	T2a	uuf250_1000c
t2m_00366	data/unsat250_1000c/uuf250-093.cnf	configs/tier2/memetic_base.yaml	memetic_base	1	300	1	T2a	uuf250_1000c
t2m_00367	data/unsat250_1000c/uuf250-093.cnf	configs/tier2/memetic_base.yaml	memetic_base	2	300	1	T2a	uuf250_1000c
t2m_00368	data/unsat250_1000c/uuf250-093.cnf	configs/tier2/memetic_base.yaml	memetic_base	3	300	1	T2a	uuf250_1000c
t2m_00369	data/unsat250_1000c/uuf250-093.cnf	configs/tier2/memetic_base.yaml	memetic_base	4	300	1	T2a	uuf250_1000c
t2m_00370	data/unsat250_1000c/uuf250-093.cnf	configs/tier2/memetic_base.yaml	memetic_base	5	300	1	T2a	uuf250_1000c
t2m_00371	data/unsat250_1000c/uuf250-093.cnf	configs/tier2/memetic_pop150.yaml	memetic_pop150	1	60	1	T2a	uuf250_1000c
t2m_00372	data/unsat250_1000c/uuf250-093.cnf	configs/tier2/memetic_pop150.yaml	memetic_pop150	2	60	1	T2a	uuf250_1000c
t2m_00373	data/unsat250_1000c/uuf250-093.cnf	configs/tier2/memetic_pop150.yaml	memetic_pop150	3	60	1	T2a	uuf250_1000c
t2m_00374	data/unsat250_1000c/uuf250-093.cnf	configs/tier2/memetic_pop150.yaml	memetic_pop150	4	60	1	T2a	uuf250_1000c
t2m_00375	data/unsat250_1000c/uuf250-093.cnf	configs/tier2/memetic_pop150.yaml	memetic_pop150	5	60	1	T2a	uuf250_1000c
t2m_00376	data/unsat250_1000c/uuf250-093.cnf	configs/tier2/memetic_pop150.yaml	memetic_pop150	1	300	1	T2a	uuf250_1000c
t2m_00377	data/unsat250_1000c/uuf250-093.cnf	configs/tier2/memetic_pop150.yaml	memetic_pop150	2	300	1	T2a	uuf250_1000c
t2m_00378	data/unsat250_1000c/uuf250-093.cnf	configs/tier2/memetic_pop150.yaml	memetic_pop150	3	300	1	T2a	uuf250_1000c
t2m_00379	data/unsat250_1000c/uuf250-093.cnf	configs/tier2/memetic_pop150.yaml	memetic_pop150	4	300	1	T2a	uuf250_1000c
t2m_00380	data/unsat250_1000c/uuf250-093.cnf	configs/tier2/memetic_pop150.yaml	memetic_pop150	5	300	1	T2a	uuf250_1000c
t2m_00381	data/unsat250_1000c/uuf250-093.cnf	configs/tier2/memetic_deeppolish.yaml	memetic_deeppolish	1	60	1	T2a	uuf250_1000c
t2m_00382	data/unsat250_1000c/uuf250-093.cnf	configs/tier2/memetic_deeppolish.yaml	memetic_deeppolish	2	60	1	T2a	uuf250_1000c
t2m_00383	data/unsat250_1000c/uuf250-093.cnf	configs/tier2/memetic_deeppolish.yaml	memetic_deeppolish	3	60	1	T2a	uuf250_1000c
t2m_00384	data/unsat250_1000c/uuf250-093.cnf	configs/tier2/memetic_deeppolish.yaml	memetic_deeppolish	4	60	1	T2a	uuf250_1000c
t2m_00385	data/unsat250_1000c/uuf250-093.cnf	configs/tier2/memetic_deeppolish.yaml	memetic_deeppolish	5	60	1	T2a	uuf250_1000c
t2m_00386	data/unsat250_1000c/uuf250-093.cnf	configs/tier2/memetic_deeppolish.yaml	memetic_deeppolish	1	300	1	T2a	uuf250_1000c
t2m_00387	data/unsat250_1000c/uuf250-093.cnf	configs/tier2/memetic_deeppolish.yaml	memetic_deeppolish	2	300	1	T2a	uuf250_1000c
t2m_00388	data/unsat250_1000c/uuf250-093.cnf	configs/tier2/memetic_deeppolish.yaml	memetic_deeppolish	3	300	1	T2a	uuf250_1000c
t2m_00389	data/unsat250_1000c/uuf250-093.cnf	configs/tier2/memetic_deeppolish.yaml	memetic_deeppolish	4	300	1	T2a	uuf250_1000c
t2m_00390	data/unsat250_1000c/uuf250-093.cnf	configs/tier2/memetic_deeppolish.yaml	memetic_deeppolish	5	300	1	T2a	uuf250_1000c
t2m_00391	data/unsat250_1000c/uuf250-094.cnf	configs/tier2/memetic_base.yaml	memetic_base	1	60	1	T2a	uuf250_1000c
t2m_00392	data/unsat250_1000c/uuf250-094.cnf	configs/tier2/memetic_base.yaml	memetic_base	2	60	1	T2a	uuf250_1000c
t2m_00393	data/unsat250_1000c/uuf250-094.cnf	configs/tier2/memetic_base.yaml	memetic_base	3	60	1	T2a	uuf250_1000c
t2m_00394	data/unsat250_1000c/uuf250-094.cnf	configs/tier2/memetic_base.yaml	memetic_base	4	60	1	T2a	uuf250_1000c
t2m_00395	data/unsat250_1000c/uuf250-094.cnf	configs/tier2/memetic_base.yaml	memetic_base	5	60	1	T2a	uuf250_1000c
t2m_00396	data/unsat250_1000c/uuf250-094.cnf	configs/tier2/memetic_base.yaml	memetic_base	1	300	1	T2a	uuf250_1000c
t2m_00397	data/unsat250_1000c/uuf250-094.cnf	configs/tier2/memetic_base.yaml	memetic_base	2	300	1	T2a	uuf250_1000c
t2m_00398	data/unsat250_1000c/uuf250-094.cnf	configs/tier2/memetic_base.yaml	memetic_base	3	300	1	T2a	uuf250_1000c
t2m_00399	data/unsat250_1000c/uuf250-094.cnf	configs/tier2/memetic_base.yaml	memetic_base	4	300	1	T2a	uuf250_1000c
t2m_00400	data/unsat250_1000c/uuf250-094.cnf	configs/tier2/memetic_base.yaml	memetic_base	5	300	1	T2a	uuf250_1000c
t2m_00401	data/unsat250_1000c/uuf250-094.cnf	configs/tier2/memetic_pop150.yaml	memetic_pop150	1	60	1	T2a	uuf250_1000c
t2m_00402	data/unsat250_1000c/uuf250-094.cnf	configs/tier2/memetic_pop150.yaml	memetic_pop150	2	60	1	T2a	uuf250_1000c
t2m_00403	data/unsat250_1000c/uuf250-094.cnf	configs/tier2/memetic_pop150.yaml	memetic_pop150	3	60	1	T2a	uuf250_1000c
t2m_00404	data/unsat250_1000c/uuf250-094.cnf	configs/tier2/memetic_pop150.yaml	memetic_pop150	4	60	1	T2a	uuf250_1000c
t2m_00405	data/unsat250_1000c/uuf250-094.cnf	configs/tier2/memetic_pop150.yaml	memetic_pop150	5	60	1	T2a	uuf250_1000c
t2m_00406	data/unsat250_1000c/uuf250-094.cnf	configs/tier2/memetic_pop150.yaml	memetic_pop150	1	300	1	T2a	uuf250_1000c
t2m_00407	data/unsat250_1000c/uuf250-094.cnf	configs/tier2/memetic_pop150.yaml	memetic_pop150	2	300	1	T2a	uuf250_1000c
t2m_00408	data/unsat250_1000c/uuf250-094.cnf	configs/tier2/memetic_pop150.yaml	memetic_pop150	3	300	1	T2a	uuf250_1000c
t2m_00409	data/unsat250_1000c/uuf250-094.cnf	configs/tier2/memetic_pop150.yaml	memetic_pop150	4	300	1	T2a	uuf250_1000c
t2m_00410	data/unsat250_1000c/uuf250-094.cnf	configs/tier2/memetic_pop150.yaml	memetic_pop150	5	300	1	T2a	uuf250_1000c
t2m_00411	data/unsat250_1000c/uuf250-094.cnf	configs/tier2/memetic_deeppolish.yaml	memetic_deeppolish	1	60	1	T2a	uuf250_1000c
t2m_00412	data/unsat250_1000c/uuf250-094.cnf	configs/tier2/memetic_deeppolish.yaml	memetic_deeppolish	2	60	1	T2a	uuf250_1000c
t2m_00413	data/unsat250_1000c/uuf250-094.cnf	configs/tier2/memetic_deeppolish.yaml	memetic_deeppolish	3	60	1	T2a	uuf250_1000c
t2m_00414	data/unsat250_1000c/uuf250-094.cnf	configs/tier2/memetic_deeppolish.yaml	memetic_deeppolish	4	60	1	T2a	uuf250_1000c
t2m_00415	data/unsat250_1000c/uuf250-094.cnf	configs/tier2/memetic_deeppolish.yaml	memetic_deeppolish	5	60	1	T2a	uuf250_1000c
t2m_00416	data/unsat250_1000c/uuf250-094.cnf	configs/tier2/memetic_deeppolish.yaml	memetic_deeppolish	1	300	1	T2a	uuf250_1000c
t2m_00417	data/unsat250_1000c/uuf250-094.cnf	configs/tier2/memetic_deeppolish.yaml	memetic_deeppolish	2	300	1	T2a	uuf250_1000c
t2m_00418	data/unsat250_1000c/uuf250-094.cnf	configs/tier2/memetic_deeppolish.yaml	memetic_deeppolish	3	300	1	T2a	uuf250_1000c
t2m_00419	data/unsat250_1000c/uuf250-094.cnf	configs/tier2/memetic_deeppolish.yaml	memetic_deeppolish	4	300	1	T2a	uuf250_1000c
t2m_00420	data/unsat250_1000c/uuf250-094.cnf	configs/tier2/memetic_deeppolish.yaml	memetic_deeppolish	5	300	1	T2a	uuf250_1000c
t2m_00421	data/unsat250_1000c/uuf250-096.cnf	configs/tier2/memetic_base.yaml	memetic_base	1	60	1	T2a	uuf250_1000c
t2m_00422	data/unsat250_1000c/uuf250-096.cnf	configs/tier2/memetic_base.yaml	memetic_base	2	60	1	T2a	uuf250_1000c
t2m_00423	data/unsat250_1000c/uuf250-096.cnf	configs/tier2/memetic_base.yaml	memetic_base	3	60	1	T2a	uuf250_1000c
t2m_00424	data/unsat250_1000c/uuf250-096.cnf	configs/tier2/memetic_base.yaml	memetic_base	4	60	1	T2a	uuf250_1000c
t2m_00425	data/unsat250_1000c/uuf250-096.cnf	configs/tier2/memetic_base.yaml	memetic_base	5	60	1	T2a	uuf250_1000c
t2m_00426	data/unsat250_1000c/uuf250-096.cnf	configs/tier2/memetic_base.yaml	memetic_base	1	300	1	T2a	uuf250_1000c
t2m_00427	data/unsat250_1000c/uuf250-096.cnf	configs/tier2/memetic_base.yaml	memetic_base	2	300	1	T2a	uuf250_1000c
t2m_00428	data/unsat250_1000c/uuf250-096.cnf	configs/tier2/memetic_base.yaml	memetic_base	3	300	1	T2a	uuf250_1000c
t2m_00429	data/unsat250_1000c/uuf250-096.cnf	configs/tier2/memetic_base.yaml	memetic_base	4	300	1	T2a	uuf250_1000c
t2m_00430	data/unsat250_1000c/uuf250-096.cnf	configs/tier2/memetic_base.yaml	memetic_base	5	300	1	T2a	uuf250_1000c
t2m_00431	data/unsat250_1000c/uuf250-096.cnf	configs/tier2/memetic_pop150.yaml	memetic_pop150	1	60	1	T2a	uuf250_1000c
t2m_00432	data/unsat250_1000c/uuf250-096.cnf	configs/tier2/memetic_pop150.yaml	memetic_pop150	2	60	1	T2a	uuf250_1000c
t2m_00433	data/unsat250_1000c/uuf250-096.cnf	configs/tier2/memetic_pop150.yaml	memetic_pop150	3	60	1	T2a	uuf250_1000c
t2m_00434	data/unsat250_1000c/uuf250-096.cnf	configs/tier2/memetic_pop150.yaml	memetic_pop150	4	60	1	T2a	uuf250_1000c
t2m_00435	data/unsat250_1000c/uuf250-096.cnf	configs/tier2/memetic_pop150.yaml	memetic_pop150	5	60	1	T2a	uuf250_1000c
t2m_00436	data/unsat250_1000c/uuf250-096.cnf	configs/tier2/memetic_pop150.yaml	memetic_pop150	1	300	1	T2a	uuf250_1000c
t2m_00437	data/unsat250_1000c/uuf250-096.cnf	configs/tier2/memetic_pop150.yaml	memetic_pop150	2	300	1	T2a	uuf250_1000c
t2m_00438	data/unsat250_1000c/uuf250-096.cnf	configs/tier2/memetic_pop150.yaml	memetic_pop150	3	300	1	T2a	uuf250_1000c
t2m_00439	data/unsat250_1000c/uuf250-096.cnf	configs/tier2/memetic_pop150.yaml	memetic_pop150	4	300	1	T2a	uuf250_1000c
t2m_00440	data/unsat250_1000c/uuf250-096.cnf	configs/tier2/memetic_pop150.yaml	memetic_pop150	5	300	1	T2a	uuf250_1000c
t2m_00441	data/unsat250_1000c/uuf250-096.cnf	configs/tier2/memetic_deeppolish.yaml	memetic_deeppolish	1	60	1	T2a	uuf250_1000c
t2m_00442	data/unsat250_1000c/uuf250-096.cnf	configs/tier2/memetic_deeppolish.yaml	memetic_deeppolish	2	60	1	T2a	uuf250_1000c
t2m_00443	data/unsat250_1000c/uuf250-096.cnf	configs/tier2/memetic_deeppolish.yaml	memetic_deeppolish	3	60	1	T2a	uuf250_1000c
t2m_00444	data/unsat250_1000c/uuf250-096.cnf	configs/tier2/memetic_deeppolish.yaml	memetic_deeppolish	4	60	1	T2a	uuf250_1000c
t2m_00445	data/unsat250_1000c/uuf250-096.cnf	configs/tier2/memetic_deeppolish.yaml	memetic_deeppolish	5	60	1	T2a	uuf250_1000c
t2m_00446	data/unsat250_1000c/uuf250-096.cnf	configs/tier2/memetic_deeppolish.yaml	memetic_deeppolish	1	300	1	T2a	uuf250_1000c
t2m_00447	data/unsat250_1000c/uuf250-096.cnf	configs/tier2/memetic_deeppolish.yaml	memetic_deeppolish	2	300	1	T2a	uuf250_1000c
t2m_00448	data/unsat250_1000c/uuf250-096.cnf	configs/tier2/memetic_deeppolish.yaml	memetic_deeppolish	3	300	1	T2a	uuf250_1000c
t2m_00449	data/unsat250_1000c/uuf250-096.cnf	configs/tier2/memetic_deeppolish.yaml	memetic_deeppolish	4	300	1	T2a	uuf250_1000c
t2m_00450	data/unsat250_1000c/uuf250-096.cnf	configs/tier2/memetic_deeppolish.yaml	memetic_deeppolish	5	300	1	T2a	uuf250_1000c
t2m_00451	data/unsat250_1000c/uuf250-097.cnf	configs/tier2/memetic_base.yaml	memetic_base	1	60	1	T2b	uuf250_1000c
t2m_00452	data/unsat250_1000c/uuf250-097.cnf	configs/tier2/memetic_base.yaml	memetic_base	2	60	1	T2b	uuf250_1000c
t2m_00453	data/unsat250_1000c/uuf250-097.cnf	configs/tier2/memetic_base.yaml	memetic_base	3	60	1	T2b	uuf250_1000c
t2m_00454	data/unsat250_1000c/uuf250-097.cnf	configs/tier2/memetic_base.yaml	memetic_base	4	60	1	T2b	uuf250_1000c
t2m_00455	data/unsat250_1000c/uuf250-097.cnf	configs/tier2/memetic_base.yaml	memetic_base	5	60	1	T2b	uuf250_1000c
t2m_00456	data/unsat250_1000c/uuf250-097.cnf	configs/tier2/memetic_base.yaml	memetic_base	1	300	1	T2b	uuf250_1000c
t2m_00457	data/unsat250_1000c/uuf250-097.cnf	configs/tier2/memetic_base.yaml	memetic_base	2	300	1	T2b	uuf250_1000c
t2m_00458	data/unsat250_1000c/uuf250-097.cnf	configs/tier2/memetic_base.yaml	memetic_base	3	300	1	T2b	uuf250_1000c
t2m_00459	data/unsat250_1000c/uuf250-097.cnf	configs/tier2/memetic_base.yaml	memetic_base	4	300	1	T2b	uuf250_1000c
t2m_00460	data/unsat250_1000c/uuf250-097.cnf	configs/tier2/memetic_base.yaml	memetic_base	5	300	1	T2b	uuf250_1000c
t2m_00461	data/unsat250_1000c/uuf250-097.cnf	configs/tier2/memetic_pop150.yaml	memetic_pop150	1	60	1	T2b	uuf250_1000c
t2m_00462	data/unsat250_1000c/uuf250-097.cnf	configs/tier2/memetic_pop150.yaml	memetic_pop150	2	60	1	T2b	uuf250_1000c
t2m_00463	data/unsat250_1000c/uuf250-097.cnf	configs/tier2/memetic_pop150.yaml	memetic_pop150	3	60	1	T2b	uuf250_1000c
t2m_00464	data/unsat250_1000c/uuf250-097.cnf	configs/tier2/memetic_pop150.yaml	memetic_pop150	4	60	1	T2b	uuf250_1000c
t2m_00465	data/unsat250_1000c/uuf250-097.cnf	configs/tier2/memetic_pop150.yaml	memetic_pop150	5	60	1	T2b	uuf250_1000c
t2m_00466	data/unsat250_1000c/uuf250-097.cnf	configs/tier2/memetic_pop150.yaml	memetic_pop150	1	300	1	T2b	uuf250_1000c
t2m_00467	data/unsat250_1000c/uuf250-097.cnf	configs/tier2/memetic_pop150.yaml	memetic_pop150	2	300	1	T2b	uuf250_1000c
t2m_00468	data/unsat250_1000c/uuf250-097.cnf	configs/tier2/memetic_pop150.yaml	memetic_pop150	3	300	1	T2b	uuf250_1000c
t2m_00469	data/unsat250_1000c/uuf250-097.cnf	configs/tier2/memetic_pop150.yaml	memetic_pop150	4	300	1	T2b	uuf250_1000c
t2m_00470	data/unsat250_1000c/uuf250-097.cnf	configs/tier2/memetic_pop150.yaml	memetic_pop150	5	300	1	T2b	uuf250_1000c
t2m_00471	data/unsat250_1000c/uuf250-097.cnf	configs/tier2/memetic_deeppolish.yaml	memetic_deeppolish	1	60	1	T2b	uuf250_1000c
t2m_00472	data/unsat250_1000c/uuf250-097.cnf	configs/tier2/memetic_deeppolish.yaml	memetic_deeppolish	2	60	1	T2b	uuf250_1000c
t2m_00473	data/unsat250_1000c/uuf250-097.cnf	configs/tier2/memetic_deeppolish.yaml	memetic_deeppolish	3	60	1	T2b	uuf250_1000c
t2m_00474	data/unsat250_1000c/uuf250-097.cnf	configs/tier2/memetic_deeppolish.yaml	memetic_deeppolish	4	60	1	T2b	uuf250_1000c
t2m_00475	data/unsat250_1000c/uuf250-097.cnf	configs/tier2/memetic_deeppolish.yaml	memetic_deeppolish	5	60	1	T2b	uuf250_1000c
t2m_00476	data/unsat250_1000c/uuf250-097.cnf	configs/tier2/memetic_deeppolish.yaml	memetic_deeppolish	1	300	1	T2b	uuf250_1000c
t2m_00477	data/unsat250_1000c/uuf250-097.cnf	configs/tier2/memetic_deeppolish.yaml	memetic_deeppolish	2	300	1	T2b	uuf250_1000c
t2m_00478	data/unsat250_1000c/uuf250-097.cnf	configs/tier2/memetic_deeppolish.yaml	memetic_deeppolish	3	300	1	T2b	uuf250_1000c
t2m_00479	data/unsat250_1000c/uuf250-097.cnf	configs/tier2/memetic_deeppolish.yaml	memetic_deeppolish	4	300	1	T2b	uuf250_1000c
t2m_00480	data/unsat250_1000c/uuf250-097.cnf	configs/tier2/memetic_deeppolish.yaml	memetic_deeppolish	5	300	1	T2b	uuf250_1000c
t2m_00481	data/unsat250_1000c/uuf250-098.cnf	configs/tier2/memetic_base.yaml	memetic_base	1	60	1	T2b	uuf250_1000c
t2m_00482	data/unsat250_1000c/uuf250-098.cnf	configs/tier2/memetic_base.yaml	memetic_base	2	60	1	T2b	uuf250_1000c
t2m_00483	data/unsat250_1000c/uuf250-098.cnf	configs/tier2/memetic_base.yaml	memetic_base	3	60	1	T2b	uuf250_1000c
t2m_00484	data/unsat250_1000c/uuf250-098.cnf	configs/tier2/memetic_base.yaml	memetic_base	4	60	1	T2b	uuf250_1000c
t2m_00485	data/unsat250_1000c/uuf250-098.cnf	configs/tier2/memetic_base.yaml	memetic_base	5	60	1	T2b	uuf250_1000c
t2m_00486	data/unsat250_1000c/uuf250-098.cnf	configs/tier2/memetic_base.yaml	memetic_base	1	300	1	T2b	uuf250_1000c
t2m_00487	data/unsat250_1000c/uuf250-098.cnf	configs/tier2/memetic_base.yaml	memetic_base	2	300	1	T2b	uuf250_1000c
t2m_00488	data/unsat250_1000c/uuf250-098.cnf	configs/tier2/memetic_base.yaml	memetic_base	3	300	1	T2b	uuf250_1000c
t2m_00489	data/unsat250_1000c/uuf250-098.cnf	configs/tier2/memetic_base.yaml	memetic_base	4	300	1	T2b	uuf250_1000c
t2m_00490	data/unsat250_1000c/uuf250-098.cnf	configs/tier2/memetic_base.yaml	memetic_base	5	300	1	T2b	uuf250_1000c
t2m_00491	data/unsat250_1000c/uuf250-098.cnf	configs/tier2/memetic_pop150.yaml	memetic_pop150	1	60	1	T2b	uuf250_1000c
t2m_00492	data/unsat250_1000c/uuf250-098.cnf	configs/tier2/memetic_pop150.yaml	memetic_pop150	2	60	1	T2b	uuf250_1000c
t2m_00493	data/unsat250_1000c/uuf250-098.cnf	configs/tier2/memetic_pop150.yaml	memetic_pop150	3	60	1	T2b	uuf250_1000c
t2m_00494	data/unsat250_1000c/uuf250-098.cnf	configs/tier2/memetic_pop150.yaml	memetic_pop150	4	60	1	T2b	uuf250_1000c
t2m_00495	data/unsat250_1000c/uuf250-098.cnf	configs/tier2/memetic_pop150.yaml	memetic_pop150	5	60	1	T2b	uuf250_1000c
t2m_00496	data/unsat250_1000c/uuf250-098.cnf	configs/tier2/memetic_pop150.yaml	memetic_pop150	1	300	1	T2b	uuf250_1000c
t2m_00497	data/unsat250_1000c/uuf250-098.cnf	configs/tier2/memetic_pop150.yaml	memetic_pop150	2	300	1	T2b	uuf250_1000c
t2m_00498	data/unsat250_1000c/uuf250-098.cnf	configs/tier2/memetic_pop150.yaml	memetic_pop150	3	300	1	T2b	uuf250_1000c
t2m_00499	data/unsat250_1000c/uuf250-098.cnf	configs/tier2/memetic_pop150.yaml	memetic_pop150	4	300	1	T2b	uuf250_1000c
t2m_00500	data/unsat250_1000c/uuf250-098.cnf	configs/tier2/memetic_pop150.yaml	memetic_pop150	5	300	1	T2b	uuf250_1000c
t2m_00501	data/unsat250_1000c/uuf250-098.cnf	configs/tier2/memetic_deeppolish.yaml	memetic_deeppolish	1	60	1	T2b	uuf250_1000c
t2m_00502	data/unsat250_1000c/uuf250-098.cnf	configs/tier2/memetic_deeppolish.yaml	memetic_deeppolish	2	60	1	T2b	uuf250_1000c
t2m_00503	data/unsat250_1000c/uuf250-098.cnf	configs/tier2/memetic_deeppolish.yaml	memetic_deeppolish	3	60	1	T2b	uuf250_1000c
t2m_00504	data/unsat250_1000c/uuf250-098.cnf	configs/tier2/memetic_deeppolish.yaml	memetic_deeppolish	4	60	1	T2b	uuf250_1000c
t2m_00505	data/unsat250_1000c/uuf250-098.cnf	configs/tier2/memetic_deeppolish.yaml	memetic_deeppolish	5	60	1	T2b	uuf250_1000c
t2m_00506	data/unsat250_1000c/uuf250-098.cnf	configs/tier2/memetic_deeppolish.yaml	memetic_deeppolish	1	300	1	T2b	uuf250_1000c
t2m_00507	data/unsat250_1000c/uuf250-098.cnf	configs/tier2/memetic_deeppolish.yaml	memetic_deeppolish	2	300	1	T2b	uuf250_1000c
t2m_00508	data/unsat250_1000c/uuf250-098.cnf	configs/tier2/memetic_deeppolish.yaml	memetic_deeppolish	3	300	1	T2b	uuf250_1000c
t2m_00509	data/unsat250_1000c/uuf250-098.cnf	configs/tier2/memetic_deeppolish.yaml	memetic_deeppolish	4	300	1	T2b	uuf250_1000c
t2m_00510	data/unsat250_1000c/uuf250-098.cnf	configs/tier2/memetic_deeppolish.yaml	memetic_deeppolish	5	300	1	T2b	uuf250_1000c
t2m_00511	data/unsat250_1000c/uuf250-099.cnf	configs/tier2/memetic_base.yaml	memetic_base	1	60	1	T2a	uuf250_1000c
t2m_00512	data/unsat250_1000c/uuf250-099.cnf	configs/tier2/memetic_base.yaml	memetic_base	2	60	1	T2a	uuf250_1000c
t2m_00513	data/unsat250_1000c/uuf250-099.cnf	configs/tier2/memetic_base.yaml	memetic_base	3	60	1	T2a	uuf250_1000c
t2m_00514	data/unsat250_1000c/uuf250-099.cnf	configs/tier2/memetic_base.yaml	memetic_base	4	60	1	T2a	uuf250_1000c
t2m_00515	data/unsat250_1000c/uuf250-099.cnf	configs/tier2/memetic_base.yaml	memetic_base	5	60	1	T2a	uuf250_1000c
t2m_00516	data/unsat250_1000c/uuf250-099.cnf	configs/tier2/memetic_base.yaml	memetic_base	1	300	1	T2a	uuf250_1000c
t2m_00517	data/unsat250_1000c/uuf250-099.cnf	configs/tier2/memetic_base.yaml	memetic_base	2	300	1	T2a	uuf250_1000c
t2m_00518	data/unsat250_1000c/uuf250-099.cnf	configs/tier2/memetic_base.yaml	memetic_base	3	300	1	T2a	uuf250_1000c
t2m_00519	data/unsat250_1000c/uuf250-099.cnf	configs/tier2/memetic_base.yaml	memetic_base	4	300	1	T2a	uuf250_1000c
t2m_00520	data/unsat250_1000c/uuf250-099.cnf	configs/tier2/memetic_base.yaml	memetic_base	5	300	1	T2a	uuf250_1000c
t2m_00521	data/unsat250_1000c/uuf250-099.cnf	configs/tier2/memetic_pop150.yaml	memetic_pop150	1	60	1	T2a	uuf250_1000c
t2m_00522	data/unsat250_1000c/uuf250-099.cnf	configs/tier2/memetic_pop150.yaml	memetic_pop150	2	60	1	T2a	uuf250_1000c
t2m_00523	data/unsat250_1000c/uuf250-099.cnf	configs/tier2/memetic_pop150.yaml	memetic_pop150	3	60	1	T2a	uuf250_1000c
t2m_00524	data/unsat250_1000c/uuf250-099.cnf	configs/tier2/memetic_pop150.yaml	memetic_pop150	4	60	1	T2a	uuf250_1000c
t2m_00525	data/unsat250_1000c/uuf250-099.cnf	configs/tier2/memetic_pop150.yaml	memetic_pop150	5	60	1	T2a	uuf250_1000c
t2m_00526	data/unsat250_1000c/uuf250-099.cnf	configs/tier2/memetic_pop150.yaml	memetic_pop150	1	300	1	T2a	uuf250_1000c
t2m_00527	data/unsat250_1000c/uuf250-099.cnf	configs/tier2/memetic_pop150.yaml	memetic_pop150	2	300	1	T2a	uuf250_1000c
t2m_00528	data/unsat250_1000c/uuf250-099.cnf	configs/tier2/memetic_pop150.yaml	memetic_pop150	3	300	1	T2a	uuf250_1000c
t2m_00529	data/unsat250_1000c/uuf250-099.cnf	configs/tier2/memetic_pop150.yaml	memetic_pop150	4	300	1	T2a	uuf250_1000c
t2m_00530	data/unsat250_1000c/uuf250-099.cnf	configs/tier2/memetic_pop150.yaml	memetic_pop150	5	300	1	T2a	uuf250_1000c
t2m_00531	data/unsat250_1000c/uuf250-099.cnf	configs/tier2/memetic_deeppolish.yaml	memetic_deeppolish	1	60	1	T2a	uuf250_1000c
t2m_00532	data/unsat250_1000c/uuf250-099.cnf	configs/tier2/memetic_deeppolish.yaml	memetic_deeppolish	2	60	1	T2a	uuf250_1000c
t2m_00533	data/unsat250_1000c/uuf250-099.cnf	configs/tier2/memetic_deeppolish.yaml	memetic_deeppolish	3	60	1	T2a	uuf250_1000c
t2m_00534	data/unsat250_1000c/uuf250-099.cnf	configs/tier2/memetic_deeppolish.yaml	memetic_deeppolish	4	60	1	T2a	uuf250_1000c
t2m_00535	data/unsat250_1000c/uuf250-099.cnf	configs/tier2/memetic_deeppolish.yaml	memetic_deeppolish	5	60	1	T2a	uuf250_1000c
t2m_00536	data/unsat250_1000c/uuf250-099.cnf	configs/tier2/memetic_deeppolish.yaml	memetic_deeppolish	1	300	1	T2a	uuf250_1000c
t2m_00537	data/unsat250_1000c/uuf250-099.cnf	configs/tier2/memetic_deeppolish.yaml	memetic_deeppolish	2	300	1	T2a	uuf250_1000c
t2m_00538	data/unsat250_1000c/uuf250-099.cnf	configs/tier2/memetic_deeppolish.yaml	memetic_deeppolish	3	300	1	T2a	uuf250_1000c
t2m_00539	data/unsat250_1000c/uuf250-099.cnf	configs/tier2/memetic_deeppolish.yaml	memetic_deeppolish	4	300	1	T2a	uuf250_1000c
t2m_00540	data/unsat250_1000c/uuf250-099.cnf	configs/tier2/memetic_deeppolish.yaml	memetic_deeppolish	5	300	1	T2a	uuf250_1000c
t2m_00541	data/unsat_uuf_diff/uuf200-01.cnf	configs/tier2/memetic_base.yaml	memetic_base	1	60	2	T2b	uuf_diff_unsat
t2m_00542	data/unsat_uuf_diff/uuf200-01.cnf	configs/tier2/memetic_base.yaml	memetic_base	2	60	2	T2b	uuf_diff_unsat
t2m_00543	data/unsat_uuf_diff/uuf200-01.cnf	configs/tier2/memetic_base.yaml	memetic_base	3	60	2	T2b	uuf_diff_unsat
t2m_00544	data/unsat_uuf_diff/uuf200-01.cnf	configs/tier2/memetic_base.yaml	memetic_base	4	60	2	T2b	uuf_diff_unsat
t2m_00545	data/unsat_uuf_diff/uuf200-01.cnf	configs/tier2/memetic_base.yaml	memetic_base	5	60	2	T2b	uuf_diff_unsat
t2m_00546	data/unsat_uuf_diff/uuf200-01.cnf	configs/tier2/memetic_base.yaml	memetic_base	1	300	2	T2b	uuf_diff_unsat
t2m_00547	data/unsat_uuf_diff/uuf200-01.cnf	configs/tier2/memetic_base.yaml	memetic_base	2	300	2	T2b	uuf_diff_unsat
t2m_00548	data/unsat_uuf_diff/uuf200-01.cnf	configs/tier2/memetic_base.yaml	memetic_base	3	300	2	T2b	uuf_diff_unsat
t2m_00549	data/unsat_uuf_diff/uuf200-01.cnf	configs/tier2/memetic_base.yaml	memetic_base	4	300	2	T2b	uuf_diff_unsat
t2m_00550	data/unsat_uuf_diff/uuf200-01.cnf	configs/tier2/memetic_base.yaml	memetic_base	5	300	2	T2b	uuf_diff_unsat
t2m_00551	data/unsat_uuf_diff/uuf200-01.cnf	configs/tier2/memetic_pop150.yaml	memetic_pop150	1	60	2	T2b	uuf_diff_unsat
t2m_00552	data/unsat_uuf_diff/uuf200-01.cnf	configs/tier2/memetic_pop150.yaml	memetic_pop150	2	60	2	T2b	uuf_diff_unsat
t2m_00553	data/unsat_uuf_diff/uuf200-01.cnf	configs/tier2/memetic_pop150.yaml	memetic_pop150	3	60	2	T2b	uuf_diff_unsat
t2m_00554	data/unsat_uuf_diff/uuf200-01.cnf	configs/tier2/memetic_pop150.yaml	memetic_pop150	4	60	2	T2b	uuf_diff_unsat
t2m_00555	data/unsat_uuf_diff/uuf200-01.cnf	configs/tier2/memetic_pop150.yaml	memetic_pop150	5	60	2	T2b	uuf_diff_unsat
t2m_00556	data/unsat_uuf_diff/uuf200-01.cnf	configs/tier2/memetic_pop150.yaml	memetic_pop150	1	300	2	T2b	uuf_diff_unsat
t2m_00557	data/unsat_uuf_diff/uuf200-01.cnf	configs/tier2/memetic_pop150.yaml	memetic_pop150	2	300	2	T2b	uuf_diff_unsat
t2m_00558	data/unsat_uuf_diff/uuf200-01.cnf	configs/tier2/memetic_pop150.yaml	memetic_pop150	3	300	2	T2b	uuf_diff_unsat
t2m_00559	data/unsat_uuf_diff/uuf200-01.cnf	configs/tier2/memetic_pop150.yaml	memetic_pop150	4	300	2	T2b	uuf_diff_unsat
t2m_00560	data/unsat_uuf_diff/uuf200-01.cnf	configs/tier2/memetic_pop150.yaml	memetic_pop150	5	300	2	T2b	uuf_diff_unsat
t2m_00561	data/unsat_uuf_diff/uuf200-01.cnf	configs/tier2/memetic_deeppolish.yaml	memetic_deeppolish	1	60	2	T2b	uuf_diff_unsat
t2m_00562	data/unsat_uuf_diff/uuf200-01.cnf	configs/tier2/memetic_deeppolish.yaml	memetic_deeppolish	2	60	2	T2b	uuf_diff_unsat
t2m_00563	data/unsat_uuf_diff/uuf200-01.cnf	configs/tier2/memetic_deeppolish.yaml	memetic_deeppolish	3	60	2	T2b	uuf_diff_unsat
t2m_00564	data/unsat_uuf_diff/uuf200-01.cnf	configs/tier2/memetic_deeppolish.yaml	memetic_deeppolish	4	60	2	T2b	uuf_diff_unsat
t2m_00565	data/unsat_uuf_diff/uuf200-01.cnf	configs/tier2/memetic_deeppolish.yaml	memetic_deeppolish	5	60	2	T2b	uuf_diff_unsat
t2m_00566	data/unsat_uuf_diff/uuf200-01.cnf	configs/tier2/memetic_deeppolish.yaml	memetic_deeppolish	1	300	2	T2b	uuf_diff_unsat
t2m_00567	data/unsat_uuf_diff/uuf200-01.cnf	configs/tier2/memetic_deeppolish.yaml	memetic_deeppolish	2	300	2	T2b	uuf_diff_unsat
t2m_00568	data/unsat_uuf_diff/uuf200-01.cnf	configs/tier2/memetic_deeppolish.yaml	memetic_deeppolish	3	300	2	T2b	uuf_diff_unsat
t2m_00569	data/unsat_uuf_diff/uuf200-01.cnf	configs/tier2/memetic_deeppolish.yaml	memetic_deeppolish	4	300	2	T2b	uuf_diff_unsat
t2m_00570	data/unsat_uuf_diff/uuf200-01.cnf	configs/tier2/memetic_deeppolish.yaml	memetic_deeppolish	5	300	2	T2b	uuf_diff_unsat
t2m_00571	data/unsat_uuf_diff/uuf200-02.cnf	configs/tier2/memetic_base.yaml	memetic_base	1	60	2	T2a	uuf_diff_unsat
t2m_00572	data/unsat_uuf_diff/uuf200-02.cnf	configs/tier2/memetic_base.yaml	memetic_base	2	60	2	T2a	uuf_diff_unsat
t2m_00573	data/unsat_uuf_diff/uuf200-02.cnf	configs/tier2/memetic_base.yaml	memetic_base	3	60	2	T2a	uuf_diff_unsat
t2m_00574	data/unsat_uuf_diff/uuf200-02.cnf	configs/tier2/memetic_base.yaml	memetic_base	4	60	2	T2a	uuf_diff_unsat
t2m_00575	data/unsat_uuf_diff/uuf200-02.cnf	configs/tier2/memetic_base.yaml	memetic_base	5	60	2	T2a	uuf_diff_unsat
t2m_00576	data/unsat_uuf_diff/uuf200-02.cnf	configs/tier2/memetic_base.yaml	memetic_base	1	300	2	T2a	uuf_diff_unsat
t2m_00577	data/unsat_uuf_diff/uuf200-02.cnf	configs/tier2/memetic_base.yaml	memetic_base	2	300	2	T2a	uuf_diff_unsat
t2m_00578	data/unsat_uuf_diff/uuf200-02.cnf	configs/tier2/memetic_base.yaml	memetic_base	3	300	2	T2a	uuf_diff_unsat
t2m_00579	data/unsat_uuf_diff/uuf200-02.cnf	configs/tier2/memetic_base.yaml	memetic_base	4	300	2	T2a	uuf_diff_unsat
t2m_00580	data/unsat_uuf_diff/uuf200-02.cnf	configs/tier2/memetic_base.yaml	memetic_base	5	300	2	T2a	uuf_diff_unsat
t2m_00581	data/unsat_uuf_diff/uuf200-02.cnf	configs/tier2/memetic_pop150.yaml	memetic_pop150	1	60	2	T2a	uuf_diff_unsat
t2m_00582	data/unsat_uuf_diff/uuf200-02.cnf	configs/tier2/memetic_pop150.yaml	memetic_pop150	2	60	2	T2a	uuf_diff_unsat
t2m_00583	data/unsat_uuf_diff/uuf200-02.cnf	configs/tier2/memetic_pop150.yaml	memetic_pop150	3	60	2	T2a	uuf_diff_unsat
t2m_00584	data/unsat_uuf_diff/uuf200-02.cnf	configs/tier2/memetic_pop150.yaml	memetic_pop150	4	60	2	T2a	uuf_diff_unsat
t2m_00585	data/unsat_uuf_diff/uuf200-02.cnf	configs/tier2/memetic_pop150.yaml	memetic_pop150	5	60	2	T2a	uuf_diff_unsat
t2m_00586	data/unsat_uuf_diff/uuf200-02.cnf	configs/tier2/memetic_pop150.yaml	memetic_pop150	1	300	2	T2a	uuf_diff_unsat
t2m_00587	data/unsat_uuf_diff/uuf200-02.cnf	configs/tier2/memetic_pop150.yaml	memetic_pop150	2	300	2	T2a	uuf_diff_unsat
t2m_00588	data/unsat_uuf_diff/uuf200-02.cnf	configs/tier2/memetic_pop150.yaml	memetic_pop150	3	300	2	T2a	uuf_diff_unsat
t2m_00589	data/unsat_uuf_diff/uuf200-02.cnf	configs/tier2/memetic_pop150.yaml	memetic_pop150	4	300	2	T2a	uuf_diff_unsat
t2m_00590	data/unsat_uuf_diff/uuf200-02.cnf	configs/tier2/memetic_pop150.yaml	memetic_pop150	5	300	2	T2a	uuf_diff_unsat
t2m_00591	data/unsat_uuf_diff/uuf200-02.cnf	configs/tier2/memetic_deeppolish.yaml	memetic_deeppolish	1	60	2	T2a	uuf_diff_unsat
t2m_00592	data/unsat_uuf_diff/uuf200-02.cnf	configs/tier2/memetic_deeppolish.yaml	memetic_deeppolish	2	60	2	T2a	uuf_diff_unsat
t2m_00593	data/unsat_uuf_diff/uuf200-02.cnf	configs/tier2/memetic_deeppolish.yaml	memetic_deeppolish	3	60	2	T2a	uuf_diff_unsat
t2m_00594	data/unsat_uuf_diff/uuf200-02.cnf	configs/tier2/memetic_deeppolish.yaml	memetic_deeppolish	4	60	2	T2a	uuf_diff_unsat
t2m_00595	data/unsat_uuf_diff/uuf200-02.cnf	configs/tier2/memetic_deeppolish.yaml	memetic_deeppolish	5	60	2	T2a	uuf_diff_unsat
t2m_00596	data/unsat_uuf_diff/uuf200-02.cnf	configs/tier2/memetic_deeppolish.yaml	memetic_deeppolish	1	300	2	T2a	uuf_diff_unsat
t2m_00597	data/unsat_uuf_diff/uuf200-02.cnf	configs/tier2/memetic_deeppolish.yaml	memetic_deeppolish	2	300	2	T2a	uuf_diff_unsat
t2m_00598	data/unsat_uuf_diff/uuf200-02.cnf	configs/tier2/memetic_deeppolish.yaml	memetic_deeppolish	3	300	2	T2a	uuf_diff_unsat
t2m_00599	data/unsat_uuf_diff/uuf200-02.cnf	configs/tier2/memetic_deeppolish.yaml	memetic_deeppolish	4	300	2	T2a	uuf_diff_unsat
t2m_00600	data/unsat_uuf_diff/uuf200-02.cnf	configs/tier2/memetic_deeppolish.yaml	memetic_deeppolish	5	300	2	T2a	uuf_diff_unsat
t2m_00601	data/unsat_uuf_diff/uuf250-010.cnf	configs/tier2/memetic_base.yaml	memetic_base	1	60	1	T2a	uuf_diff_unsat
t2m_00602	data/unsat_uuf_diff/uuf250-010.cnf	configs/tier2/memetic_base.yaml	memetic_base	2	60	1	T2a	uuf_diff_unsat
t2m_00603	data/unsat_uuf_diff/uuf250-010.cnf	configs/tier2/memetic_base.yaml	memetic_base	3	60	1	T2a	uuf_diff_unsat
t2m_00604	data/unsat_uuf_diff/uuf250-010.cnf	configs/tier2/memetic_base.yaml	memetic_base	4	60	1	T2a	uuf_diff_unsat
t2m_00605	data/unsat_uuf_diff/uuf250-010.cnf	configs/tier2/memetic_base.yaml	memetic_base	5	60	1	T2a	uuf_diff_unsat
t2m_00606	data/unsat_uuf_diff/uuf250-010.cnf	configs/tier2/memetic_base.yaml	memetic_base	1	300	1	T2a	uuf_diff_unsat
t2m_00607	data/unsat_uuf_diff/uuf250-010.cnf	configs/tier2/memetic_base.yaml	memetic_base	2	300	1	T2a	uuf_diff_unsat
t2m_00608	data/unsat_uuf_diff/uuf250-010.cnf	configs/tier2/memetic_base.yaml	memetic_base	3	300	1	T2a	uuf_diff_unsat
t2m_00609	data/unsat_uuf_diff/uuf250-010.cnf	configs/tier2/memetic_base.yaml	memetic_base	4	300	1	T2a	uuf_diff_unsat
t2m_00610	data/unsat_uuf_diff/uuf250-010.cnf	configs/tier2/memetic_base.yaml	memetic_base	5	300	1	T2a	uuf_diff_unsat
t2m_00611	data/unsat_uuf_diff/uuf250-010.cnf	configs/tier2/memetic_pop150.yaml	memetic_pop150	1	60	1	T2a	uuf_diff_unsat
t2m_00612	data/unsat_uuf_diff/uuf250-010.cnf	configs/tier2/memetic_pop150.yaml	memetic_pop150	2	60	1	T2a	uuf_diff_unsat
t2m_00613	data/unsat_uuf_diff/uuf250-010.cnf	configs/tier2/memetic_pop150.yaml	memetic_pop150	3	60	1	T2a	uuf_diff_unsat
t2m_00614	data/unsat_uuf_diff/uuf250-010.cnf	configs/tier2/memetic_pop150.yaml	memetic_pop150	4	60	1	T2a	uuf_diff_unsat
t2m_00615	data/unsat_uuf_diff/uuf250-010.cnf	configs/tier2/memetic_pop150.yaml	memetic_pop150	5	60	1	T2a	uuf_diff_unsat
t2m_00616	data/unsat_uuf_diff/uuf250-010.cnf	configs/tier2/memetic_pop150.yaml	memetic_pop150	1	300	1	T2a	uuf_diff_unsat
t2m_00617	data/unsat_uuf_diff/uuf250-010.cnf	configs/tier2/memetic_pop150.yaml	memetic_pop150	2	300	1	T2a	uuf_diff_unsat
t2m_00618	data/unsat_uuf_diff/uuf250-010.cnf	configs/tier2/memetic_pop150.yaml	memetic_pop150	3	300	1	T2a	uuf_diff_unsat
t2m_00619	data/unsat_uuf_diff/uuf250-010.cnf	configs/tier2/memetic_pop150.yaml	memetic_pop150	4	300	1	T2a	uuf_diff_unsat
t2m_00620	data/unsat_uuf_diff/uuf250-010.cnf	configs/tier2/memetic_pop150.yaml	memetic_pop150	5	300	1	T2a	uuf_diff_unsat
t2m_00621	data/unsat_uuf_diff/uuf250-010.cnf	configs/tier2/memetic_deeppolish.yaml	memetic_deeppolish	1	60	1	T2a	uuf_diff_unsat
t2m_00622	data/unsat_uuf_diff/uuf250-010.cnf	configs/tier2/memetic_deeppolish.yaml	memetic_deeppolish	2	60	1	T2a	uuf_diff_unsat
t2m_00623	data/unsat_uuf_diff/uuf250-010.cnf	configs/tier2/memetic_deeppolish.yaml	memetic_deeppolish	3	60	1	T2a	uuf_diff_unsat
t2m_00624	data/unsat_uuf_diff/uuf250-010.cnf	configs/tier2/memetic_deeppolish.yaml	memetic_deeppolish	4	60	1	T2a	uuf_diff_unsat
t2m_00625	data/unsat_uuf_diff/uuf250-010.cnf	configs/tier2/memetic_deeppolish.yaml	memetic_deeppolish	5	60	1	T2a	uuf_diff_unsat
t2m_00626	data/unsat_uuf_diff/uuf250-010.cnf	configs/tier2/memetic_deeppolish.yaml	memetic_deeppolish	1	300	1	T2a	uuf_diff_unsat
t2m_00627	data/unsat_uuf_diff/uuf250-010.cnf	configs/tier2/memetic_deeppolish.yaml	memetic_deeppolish	2	300	1	T2a	uuf_diff_unsat
t2m_00628	data/unsat_uuf_diff/uuf250-010.cnf	configs/tier2/memetic_deeppolish.yaml	memetic_deeppolish	3	300	1	T2a	uuf_diff_unsat
t2m_00629	data/unsat_uuf_diff/uuf250-010.cnf	configs/tier2/memetic_deeppolish.yaml	memetic_deeppolish	4	300	1	T2a	uuf_diff_unsat
t2m_00630	data/unsat_uuf_diff/uuf250-010.cnf	configs/tier2/memetic_deeppolish.yaml	memetic_deeppolish	5	300	1	T2a	uuf_diff_unsat
t2m_00631	data/unsat_uuf_diff/uuf250-03.cnf	configs/tier2/memetic_base.yaml	memetic_base	1	60	1	T2a	uuf_diff_unsat
t2m_00632	data/unsat_uuf_diff/uuf250-03.cnf	configs/tier2/memetic_base.yaml	memetic_base	2	60	1	T2a	uuf_diff_unsat
t2m_00633	data/unsat_uuf_diff/uuf250-03.cnf	configs/tier2/memetic_base.yaml	memetic_base	3	60	1	T2a	uuf_diff_unsat
t2m_00634	data/unsat_uuf_diff/uuf250-03.cnf	configs/tier2/memetic_base.yaml	memetic_base	4	60	1	T2a	uuf_diff_unsat
t2m_00635	data/unsat_uuf_diff/uuf250-03.cnf	configs/tier2/memetic_base.yaml	memetic_base	5	60	1	T2a	uuf_diff_unsat
t2m_00636	data/unsat_uuf_diff/uuf250-03.cnf	configs/tier2/memetic_base.yaml	memetic_base	1	300	1	T2a	uuf_diff_unsat
t2m_00637	data/unsat_uuf_diff/uuf250-03.cnf	configs/tier2/memetic_base.yaml	memetic_base	2	300	1	T2a	uuf_diff_unsat
t2m_00638	data/unsat_uuf_diff/uuf250-03.cnf	configs/tier2/memetic_base.yaml	memetic_base	3	300	1	T2a	uuf_diff_unsat
t2m_00639	data/unsat_uuf_diff/uuf250-03.cnf	configs/tier2/memetic_base.yaml	memetic_base	4	300	1	T2a	uuf_diff_unsat
t2m_00640	data/unsat_uuf_diff/uuf250-03.cnf	configs/tier2/memetic_base.yaml	memetic_base	5	300	1	T2a	uuf_diff_unsat
t2m_00641	data/unsat_uuf_diff/uuf250-03.cnf	configs/tier2/memetic_pop150.yaml	memetic_pop150	1	60	1	T2a	uuf_diff_unsat
t2m_00642	data/unsat_uuf_diff/uuf250-03.cnf	configs/tier2/memetic_pop150.yaml	memetic_pop150	2	60	1	T2a	uuf_diff_unsat
t2m_00643	data/unsat_uuf_diff/uuf250-03.cnf	configs/tier2/memetic_pop150.yaml	memetic_pop150	3	60	1	T2a	uuf_diff_unsat
t2m_00644	data/unsat_uuf_diff/uuf250-03.cnf	configs/tier2/memetic_pop150.yaml	memetic_pop150	4	60	1	T2a	uuf_diff_unsat
t2m_00645	data/unsat_uuf_diff/uuf250-03.cnf	configs/tier2/memetic_pop150.yaml	memetic_pop150	5	60	1	T2a	uuf_diff_unsat
t2m_00646	data/unsat_uuf_diff/uuf250-03.cnf	configs/tier2/memetic_pop150.yaml	memetic_pop150	1	300	1	T2a	uuf_diff_unsat
t2m_00647	data/unsat_uuf_diff/uuf250-03.cnf	configs/tier2/memetic_pop150.yaml	memetic_pop150	2	300	1	T2a	uuf_diff_unsat
t2m_00648	data/unsat_uuf_diff/uuf250-03.cnf	configs/tier2/memetic_pop150.yaml	memetic_pop150	3	300	1	T2a	uuf_diff_unsat
t2m_00649	data/unsat_uuf_diff/uuf250-03.cnf	configs/tier2/memetic_pop150.yaml	memetic_pop150	4	300	1	T2a	uuf_diff_unsat
t2m_00650	data/unsat_uuf_diff/uuf250-03.cnf	configs/tier2/memetic_pop150.yaml	memetic_pop150	5	300	1	T2a	uuf_diff_unsat
t2m_00651	data/unsat_uuf_diff/uuf250-03.cnf	configs/tier2/memetic_deeppolish.yaml	memetic_deeppolish	1	60	1	T2a	uuf_diff_unsat
t2m_00652	data/unsat_uuf_diff/uuf250-03.cnf	configs/tier2/memetic_deeppolish.yaml	memetic_deeppolish	2	60	1	T2a	uuf_diff_unsat
t2m_00653	data/unsat_uuf_diff/uuf250-03.cnf	configs/tier2/memetic_deeppolish.yaml	memetic_deeppolish	3	60	1	T2a	uuf_diff_unsat
t2m_00654	data/unsat_uuf_diff/uuf250-03.cnf	configs/tier2/memetic_deeppolish.yaml	memetic_deeppolish	4	60	1	T2a	uuf_diff_unsat
t2m_00655	data/unsat_uuf_diff/uuf250-03.cnf	configs/tier2/memetic_deeppolish.yaml	memetic_deeppolish	5	60	1	T2a	uuf_diff_unsat
t2m_00656	data/unsat_uuf_diff/uuf250-03.cnf	configs/tier2/memetic_deeppolish.yaml	memetic_deeppolish	1	300	1	T2a	uuf_diff_unsat
t2m_00657	data/unsat_uuf_diff/uuf250-03.cnf	configs/tier2/memetic_deeppolish.yaml	memetic_deeppolish	2	300	1	T2a	uuf_diff_unsat
t2m_00658	data/unsat_uuf_diff/uuf250-03.cnf	configs/tier2/memetic_deeppolish.yaml	memetic_deeppolish	3	300	1	T2a	uuf_diff_unsat
t2m_00659	data/unsat_uuf_diff/uuf250-03.cnf	configs/tier2/memetic_deeppolish.yaml	memetic_deeppolish	4	300	1	T2a	uuf_diff_unsat
t2m_00660	data/unsat_uuf_diff/uuf250-03.cnf	configs/tier2/memetic_deeppolish.yaml	memetic_deeppolish	5	300	1	T2a	uuf_diff_unsat
t2m_00661	data/unsat_uuf_diff/uuf250-05.cnf	configs/tier2/memetic_base.yaml	memetic_base	1	60	1	T2a	uuf_diff_unsat
t2m_00662	data/unsat_uuf_diff/uuf250-05.cnf	configs/tier2/memetic_base.yaml	memetic_base	2	60	1	T2a	uuf_diff_unsat
t2m_00663	data/unsat_uuf_diff/uuf250-05.cnf	configs/tier2/memetic_base.yaml	memetic_base	3	60	1	T2a	uuf_diff_unsat
t2m_00664	data/unsat_uuf_diff/uuf250-05.cnf	configs/tier2/memetic_base.yaml	memetic_base	4	60	1	T2a	uuf_diff_unsat
t2m_00665	data/unsat_uuf_diff/uuf250-05.cnf	configs/tier2/memetic_base.yaml	memetic_base	5	60	1	T2a	uuf_diff_unsat
t2m_00666	data/unsat_uuf_diff/uuf250-05.cnf	configs/tier2/memetic_base.yaml	memetic_base	1	300	1	T2a	uuf_diff_unsat
t2m_00667	data/unsat_uuf_diff/uuf250-05.cnf	configs/tier2/memetic_base.yaml	memetic_base	2	300	1	T2a	uuf_diff_unsat
t2m_00668	data/unsat_uuf_diff/uuf250-05.cnf	configs/tier2/memetic_base.yaml	memetic_base	3	300	1	T2a	uuf_diff_unsat
t2m_00669	data/unsat_uuf_diff/uuf250-05.cnf	configs/tier2/memetic_base.yaml	memetic_base	4	300	1	T2a	uuf_diff_unsat
t2m_00670	data/unsat_uuf_diff/uuf250-05.cnf	configs/tier2/memetic_base.yaml	memetic_base	5	300	1	T2a	uuf_diff_unsat
t2m_00671	data/unsat_uuf_diff/uuf250-05.cnf	configs/tier2/memetic_pop150.yaml	memetic_pop150	1	60	1	T2a	uuf_diff_unsat
t2m_00672	data/unsat_uuf_diff/uuf250-05.cnf	configs/tier2/memetic_pop150.yaml	memetic_pop150	2	60	1	T2a	uuf_diff_unsat
t2m_00673	data/unsat_uuf_diff/uuf250-05.cnf	configs/tier2/memetic_pop150.yaml	memetic_pop150	3	60	1	T2a	uuf_diff_unsat
t2m_00674	data/unsat_uuf_diff/uuf250-05.cnf	configs/tier2/memetic_pop150.yaml	memetic_pop150	4	60	1	T2a	uuf_diff_unsat
t2m_00675	data/unsat_uuf_diff/uuf250-05.cnf	configs/tier2/memetic_pop150.yaml	memetic_pop150	5	60	1	T2a	uuf_diff_unsat
t2m_00676	data/unsat_uuf_diff/uuf250-05.cnf	configs/tier2/memetic_pop150.yaml	memetic_pop150	1	300	1	T2a	uuf_diff_unsat
t2m_00677	data/unsat_uuf_diff/uuf250-05.cnf	configs/tier2/memetic_pop150.yaml	memetic_pop150	2	300	1	T2a	uuf_diff_unsat
t2m_00678	data/unsat_uuf_diff/uuf250-05.cnf	configs/tier2/memetic_pop150.yaml	memetic_pop150	3	300	1	T2a	uuf_diff_unsat
t2m_00679	data/unsat_uuf_diff/uuf250-05.cnf	configs/tier2/memetic_pop150.yaml	memetic_pop150	4	300	1	T2a	uuf_diff_unsat
t2m_00680	data/unsat_uuf_diff/uuf250-05.cnf	configs/tier2/memetic_pop150.yaml	memetic_pop150	5	300	1	T2a	uuf_diff_unsat
t2m_00681	data/unsat_uuf_diff/uuf250-05.cnf	configs/tier2/memetic_deeppolish.yaml	memetic_deeppolish	1	60	1	T2a	uuf_diff_unsat
t2m_00682	data/unsat_uuf_diff/uuf250-05.cnf	configs/tier2/memetic_deeppolish.yaml	memetic_deeppolish	2	60	1	T2a	uuf_diff_unsat
t2m_00683	data/unsat_uuf_diff/uuf250-05.cnf	configs/tier2/memetic_deeppolish.yaml	memetic_deeppolish	3	60	1	T2a	uuf_diff_unsat
t2m_00684	data/unsat_uuf_diff/uuf250-05.cnf	configs/tier2/memetic_deeppolish.yaml	memetic_deeppolish	4	60	1	T2a	uuf_diff_unsat
t2m_00685	data/unsat_uuf_diff/uuf250-05.cnf	configs/tier2/memetic_deeppolish.yaml	memetic_deeppolish	5	60	1	T2a	uuf_diff_unsat
t2m_00686	data/unsat_uuf_diff/uuf250-05.cnf	configs/tier2/memetic_deeppolish.yaml	memetic_deeppolish	1	300	1	T2a	uuf_diff_unsat
t2m_00687	data/unsat_uuf_diff/uuf250-05.cnf	configs/tier2/memetic_deeppolish.yaml	memetic_deeppolish	2	300	1	T2a	uuf_diff_unsat
t2m_00688	data/unsat_uuf_diff/uuf250-05.cnf	configs/tier2/memetic_deeppolish.yaml	memetic_deeppolish	3	300	1	T2a	uuf_diff_unsat
t2m_00689	data/unsat_uuf_diff/uuf250-05.cnf	configs/tier2/memetic_deeppolish.yaml	memetic_deeppolish	4	300	1	T2a	uuf_diff_unsat
t2m_00690	data/unsat_uuf_diff/uuf250-05.cnf	configs/tier2/memetic_deeppolish.yaml	memetic_deeppolish	5	300	1	T2a	uuf_diff_unsat
t2m_00691	data/unsat_uuf_diff/uuf250-06.cnf	configs/tier2/memetic_base.yaml	memetic_base	1	60	1	T2a	uuf_diff_unsat
t2m_00692	data/unsat_uuf_diff/uuf250-06.cnf	configs/tier2/memetic_base.yaml	memetic_base	2	60	1	T2a	uuf_diff_unsat
t2m_00693	data/unsat_uuf_diff/uuf250-06.cnf	configs/tier2/memetic_base.yaml	memetic_base	3	60	1	T2a	uuf_diff_unsat
t2m_00694	data/unsat_uuf_diff/uuf250-06.cnf	configs/tier2/memetic_base.yaml	memetic_base	4	60	1	T2a	uuf_diff_unsat
t2m_00695	data/unsat_uuf_diff/uuf250-06.cnf	configs/tier2/memetic_base.yaml	memetic_base	5	60	1	T2a	uuf_diff_unsat
t2m_00696	data/unsat_uuf_diff/uuf250-06.cnf	configs/tier2/memetic_base.yaml	memetic_base	1	300	1	T2a	uuf_diff_unsat
t2m_00697	data/unsat_uuf_diff/uuf250-06.cnf	configs/tier2/memetic_base.yaml	memetic_base	2	300	1	T2a	uuf_diff_unsat
t2m_00698	data/unsat_uuf_diff/uuf250-06.cnf	configs/tier2/memetic_base.yaml	memetic_base	3	300	1	T2a	uuf_diff_unsat
t2m_00699	data/unsat_uuf_diff/uuf250-06.cnf	configs/tier2/memetic_base.yaml	memetic_base	4	300	1	T2a	uuf_diff_unsat
t2m_00700	data/unsat_uuf_diff/uuf250-06.cnf	configs/tier2/memetic_base.yaml	memetic_base	5	300	1	T2a	uuf_diff_unsat
t2m_00701	data/unsat_uuf_diff/uuf250-06.cnf	configs/tier2/memetic_pop150.yaml	memetic_pop150	1	60	1	T2a	uuf_diff_unsat
t2m_00702	data/unsat_uuf_diff/uuf250-06.cnf	configs/tier2/memetic_pop150.yaml	memetic_pop150	2	60	1	T2a	uuf_diff_unsat
t2m_00703	data/unsat_uuf_diff/uuf250-06.cnf	configs/tier2/memetic_pop150.yaml	memetic_pop150	3	60	1	T2a	uuf_diff_unsat
t2m_00704	data/unsat_uuf_diff/uuf250-06.cnf	configs/tier2/memetic_pop150.yaml	memetic_pop150	4	60	1	T2a	uuf_diff_unsat
t2m_00705	data/unsat_uuf_diff/uuf250-06.cnf	configs/tier2/memetic_pop150.yaml	memetic_pop150	5	60	1	T2a	uuf_diff_unsat
t2m_00706	data/unsat_uuf_diff/uuf250-06.cnf	configs/tier2/memetic_pop150.yaml	memetic_pop150	1	300	1	T2a	uuf_diff_unsat
t2m_00707	data/unsat_uuf_diff/uuf250-06.cnf	configs/tier2/memetic_pop150.yaml	memetic_pop150	2	300	1	T2a	uuf_diff_unsat
t2m_00708	data/unsat_uuf_diff/uuf250-06.cnf	configs/tier2/memetic_pop150.yaml	memetic_pop150	3	300	1	T2a	uuf_diff_unsat
t2m_00709	data/unsat_uuf_diff/uuf250-06.cnf	configs/tier2/memetic_pop150.yaml	memetic_pop150	4	300	1	T2a	uuf_diff_unsat
t2m_00710	data/unsat_uuf_diff/uuf250-06.cnf	configs/tier2/memetic_pop150.yaml	memetic_pop150	5	300	1	T2a	uuf_diff_unsat
t2m_00711	data/unsat_uuf_diff/uuf250-06.cnf	configs/tier2/memetic_deeppolish.yaml	memetic_deeppolish	1	60	1	T2a	uuf_diff_unsat
t2m_00712	data/unsat_uuf_diff/uuf250-06.cnf	configs/tier2/memetic_deeppolish.yaml	memetic_deeppolish	2	60	1	T2a	uuf_diff_unsat
t2m_00713	data/unsat_uuf_diff/uuf250-06.cnf	configs/tier2/memetic_deeppolish.yaml	memetic_deeppolish	3	60	1	T2a	uuf_diff_unsat
t2m_00714	data/unsat_uuf_diff/uuf250-06.cnf	configs/tier2/memetic_deeppolish.yaml	memetic_deeppolish	4	60	1	T2a	uuf_diff_unsat
t2m_00715	data/unsat_uuf_diff/uuf250-06.cnf	configs/tier2/memetic_deeppolish.yaml	memetic_deeppolish	5	60	1	T2a	uuf_diff_unsat
t2m_00716	data/unsat_uuf_diff/uuf250-06.cnf	configs/tier2/memetic_deeppolish.yaml	memetic_deeppolish	1	300	1	T2a	uuf_diff_unsat
t2m_00717	data/unsat_uuf_diff/uuf250-06.cnf	configs/tier2/memetic_deeppolish.yaml	memetic_deeppolish	2	300	1	T2a	uuf_diff_unsat
t2m_00718	data/unsat_uuf_diff/uuf250-06.cnf	configs/tier2/memetic_deeppolish.yaml	memetic_deeppolish	3	300	1	T2a	uuf_diff_unsat
t2m_00719	data/unsat_uuf_diff/uuf250-06.cnf	configs/tier2/memetic_deeppolish.yaml	memetic_deeppolish	4	300	1	T2a	uuf_diff_unsat
t2m_00720	data/unsat_uuf_diff/uuf250-06.cnf	configs/tier2/memetic_deeppolish.yaml	memetic_deeppolish	5	300	1	T2a	uuf_diff_unsat
t2m_00721	data/unsat_uuf_diff/uuf250-07.cnf	configs/tier2/memetic_base.yaml	memetic_base	1	60	1	T2a	uuf_diff_unsat
t2m_00722	data/unsat_uuf_diff/uuf250-07.cnf	configs/tier2/memetic_base.yaml	memetic_base	2	60	1	T2a	uuf_diff_unsat
t2m_00723	data/unsat_uuf_diff/uuf250-07.cnf	configs/tier2/memetic_base.yaml	memetic_base	3	60	1	T2a	uuf_diff_unsat
t2m_00724	data/unsat_uuf_diff/uuf250-07.cnf	configs/tier2/memetic_base.yaml	memetic_base	4	60	1	T2a	uuf_diff_unsat
t2m_00725	data/unsat_uuf_diff/uuf250-07.cnf	configs/tier2/memetic_base.yaml	memetic_base	5	60	1	T2a	uuf_diff_unsat
t2m_00726	data/unsat_uuf_diff/uuf250-07.cnf	configs/tier2/memetic_base.yaml	memetic_base	1	300	1	T2a	uuf_diff_unsat
t2m_00727	data/unsat_uuf_diff/uuf250-07.cnf	configs/tier2/memetic_base.yaml	memetic_base	2	300	1	T2a	uuf_diff_unsat
t2m_00728	data/unsat_uuf_diff/uuf250-07.cnf	configs/tier2/memetic_base.yaml	memetic_base	3	300	1	T2a	uuf_diff_unsat
t2m_00729	data/unsat_uuf_diff/uuf250-07.cnf	configs/tier2/memetic_base.yaml	memetic_base	4	300	1	T2a	uuf_diff_unsat
t2m_00730	data/unsat_uuf_diff/uuf250-07.cnf	configs/tier2/memetic_base.yaml	memetic_base	5	300	1	T2a	uuf_diff_unsat
t2m_00731	data/unsat_uuf_diff/uuf250-07.cnf	configs/tier2/memetic_pop150.yaml	memetic_pop150	1	60	1	T2a	uuf_diff_unsat
t2m_00732	data/unsat_uuf_diff/uuf250-07.cnf	configs/tier2/memetic_pop150.yaml	memetic_pop150	2	60	1	T2a	uuf_diff_unsat
t2m_00733	data/unsat_uuf_diff/uuf250-07.cnf	configs/tier2/memetic_pop150.yaml	memetic_pop150	3	60	1	T2a	uuf_diff_unsat
t2m_00734	data/unsat_uuf_diff/uuf250-07.cnf	configs/tier2/memetic_pop150.yaml	memetic_pop150	4	60	1	T2a	uuf_diff_unsat
t2m_00735	data/unsat_uuf_diff/uuf250-07.cnf	configs/tier2/memetic_pop150.yaml	memetic_pop150	5	60	1	T2a	uuf_diff_unsat
t2m_00736	data/unsat_uuf_diff/uuf250-07.cnf	configs/tier2/memetic_pop150.yaml	memetic_pop150	1	300	1	T2a	uuf_diff_unsat
t2m_00737	data/unsat_uuf_diff/uuf250-07.cnf	configs/tier2/memetic_pop150.yaml	memetic_pop150	2	300	1	T2a	uuf_diff_unsat
t2m_00738	data/unsat_uuf_diff/uuf250-07.cnf	configs/tier2/memetic_pop150.yaml	memetic_pop150	3	300	1	T2a	uuf_diff_unsat
t2m_00739	data/unsat_uuf_diff/uuf250-07.cnf	configs/tier2/memetic_pop150.yaml	memetic_pop150	4	300	1	T2a	uuf_diff_unsat
t2m_00740	data/unsat_uuf_diff/uuf250-07.cnf	configs/tier2/memetic_pop150.yaml	memetic_pop150	5	300	1	T2a	uuf_diff_unsat
t2m_00741	data/unsat_uuf_diff/uuf250-07.cnf	configs/tier2/memetic_deeppolish.yaml	memetic_deeppolish	1	60	1	T2a	uuf_diff_unsat
t2m_00742	data/unsat_uuf_diff/uuf250-07.cnf	configs/tier2/memetic_deeppolish.yaml	memetic_deeppolish	2	60	1	T2a	uuf_diff_unsat
t2m_00743	data/unsat_uuf_diff/uuf250-07.cnf	configs/tier2/memetic_deeppolish.yaml	memetic_deeppolish	3	60	1	T2a	uuf_diff_unsat
t2m_00744	data/unsat_uuf_diff/uuf250-07.cnf	configs/tier2/memetic_deeppolish.yaml	memetic_deeppolish	4	60	1	T2a	uuf_diff_unsat
t2m_00745	data/unsat_uuf_diff/uuf250-07.cnf	configs/tier2/memetic_deeppolish.yaml	memetic_deeppolish	5	60	1	T2a	uuf_diff_unsat
t2m_00746	data/unsat_uuf_diff/uuf250-07.cnf	configs/tier2/memetic_deeppolish.yaml	memetic_deeppolish	1	300	1	T2a	uuf_diff_unsat
t2m_00747	data/unsat_uuf_diff/uuf250-07.cnf	configs/tier2/memetic_deeppolish.yaml	memetic_deeppolish	2	300	1	T2a	uuf_diff_unsat
t2m_00748	data/unsat_uuf_diff/uuf250-07.cnf	configs/tier2/memetic_deeppolish.yaml	memetic_deeppolish	3	300	1	T2a	uuf_diff_unsat
t2m_00749	data/unsat_uuf_diff/uuf250-07.cnf	configs/tier2/memetic_deeppolish.yaml	memetic_deeppolish	4	300	1	T2a	uuf_diff_unsat
t2m_00750	data/unsat_uuf_diff/uuf250-07.cnf	configs/tier2/memetic_deeppolish.yaml	memetic_deeppolish	5	300	1	T2a	uuf_diff_unsat
t2m_00751	data/unsat_uuf_diff/uuf250-09.cnf	configs/tier2/memetic_base.yaml	memetic_base	1	60	1	T2b	uuf_diff_unsat
t2m_00752	data/unsat_uuf_diff/uuf250-09.cnf	configs/tier2/memetic_base.yaml	memetic_base	2	60	1	T2b	uuf_diff_unsat
t2m_00753	data/unsat_uuf_diff/uuf250-09.cnf	configs/tier2/memetic_base.yaml	memetic_base	3	60	1	T2b	uuf_diff_unsat
t2m_00754	data/unsat_uuf_diff/uuf250-09.cnf	configs/tier2/memetic_base.yaml	memetic_base	4	60	1	T2b	uuf_diff_unsat
t2m_00755	data/unsat_uuf_diff/uuf250-09.cnf	configs/tier2/memetic_base.yaml	memetic_base	5	60	1	T2b	uuf_diff_unsat
t2m_00756	data/unsat_uuf_diff/uuf250-09.cnf	configs/tier2/memetic_base.yaml	memetic_base	1	300	1	T2b	uuf_diff_unsat
t2m_00757	data/unsat_uuf_diff/uuf250-09.cnf	configs/tier2/memetic_base.yaml	memetic_base	2	300	1	T2b	uuf_diff_unsat
t2m_00758	data/unsat_uuf_diff/uuf250-09.cnf	configs/tier2/memetic_base.yaml	memetic_base	3	300	1	T2b	uuf_diff_unsat
t2m_00759	data/unsat_uuf_diff/uuf250-09.cnf	configs/tier2/memetic_base.yaml	memetic_base	4	300	1	T2b	uuf_diff_unsat
t2m_00760	data/unsat_uuf_diff/uuf250-09.cnf	configs/tier2/memetic_base.yaml	memetic_base	5	300	1	T2b	uuf_diff_unsat
t2m_00761	data/unsat_uuf_diff/uuf250-09.cnf	configs/tier2/memetic_pop150.yaml	memetic_pop150	1	60	1	T2b	uuf_diff_unsat
t2m_00762	data/unsat_uuf_diff/uuf250-09.cnf	configs/tier2/memetic_pop150.yaml	memetic_pop150	2	60	1	T2b	uuf_diff_unsat
t2m_00763	data/unsat_uuf_diff/uuf250-09.cnf	configs/tier2/memetic_pop150.yaml	memetic_pop150	3	60	1	T2b	uuf_diff_unsat
t2m_00764	data/unsat_uuf_diff/uuf250-09.cnf	configs/tier2/memetic_pop150.yaml	memetic_pop150	4	60	1	T2b	uuf_diff_unsat
t2m_00765	data/unsat_uuf_diff/uuf250-09.cnf	configs/tier2/memetic_pop150.yaml	memetic_pop150	5	60	1	T2b	uuf_diff_unsat
t2m_00766	data/unsat_uuf_diff/uuf250-09.cnf	configs/tier2/memetic_pop150.yaml	memetic_pop150	1	300	1	T2b	uuf_diff_unsat
t2m_00767	data/unsat_uuf_diff/uuf250-09.cnf	configs/tier2/memetic_pop150.yaml	memetic_pop150	2	300	1	T2b	uuf_diff_unsat
t2m_00768	data/unsat_uuf_diff/uuf250-09.cnf	configs/tier2/memetic_pop150.yaml	memetic_pop150	3	300	1	T2b	uuf_diff_unsat
t2m_00769	data/unsat_uuf_diff/uuf250-09.cnf	configs/tier2/memetic_pop150.yaml	memetic_pop150	4	300	1	T2b	uuf_diff_unsat
t2m_00770	data/unsat_uuf_diff/uuf250-09.cnf	configs/tier2/memetic_pop150.yaml	memetic_pop150	5	300	1	T2b	uuf_diff_unsat
t2m_00771	data/unsat_uuf_diff/uuf250-09.cnf	configs/tier2/memetic_deeppolish.yaml	memetic_deeppolish	1	60	1	T2b	uuf_diff_unsat
t2m_00772	data/unsat_uuf_diff/uuf250-09.cnf	configs/tier2/memetic_deeppolish.yaml	memetic_deeppolish	2	60	1	T2b	uuf_diff_unsat
t2m_00773	data/unsat_uuf_diff/uuf250-09.cnf	configs/tier2/memetic_deeppolish.yaml	memetic_deeppolish	3	60	1	T2b	uuf_diff_unsat
t2m_00774	data/unsat_uuf_diff/uuf250-09.cnf	configs/tier2/memetic_deeppolish.yaml	memetic_deeppolish	4	60	1	T2b	uuf_diff_unsat
t2m_00775	data/unsat_uuf_diff/uuf250-09.cnf	configs/tier2/memetic_deeppolish.yaml	memetic_deeppolish	5	60	1	T2b	uuf_diff_unsat
t2m_00776	data/unsat_uuf_diff/uuf250-09.cnf	configs/tier2/memetic_deeppolish.yaml	memetic_deeppolish	1	300	1	T2b	uuf_diff_unsat
t2m_00777	data/unsat_uuf_diff/uuf250-09.cnf	configs/tier2/memetic_deeppolish.yaml	memetic_deeppolish	2	300	1	T2b	uuf_diff_unsat
t2m_00778	data/unsat_uuf_diff/uuf250-09.cnf	configs/tier2/memetic_deeppolish.yaml	memetic_deeppolish	3	300	1	T2b	uuf_diff_unsat
t2m_00779	data/unsat_uuf_diff/uuf250-09.cnf	configs/tier2/memetic_deeppolish.yaml	memetic_deeppolish	4	300	1	T2b	uuf_diff_unsat
t2m_00780	data/unsat_uuf_diff/uuf250-09.cnf	configs/tier2/memetic_deeppolish.yaml	memetic_deeppolish	5	300	1	T2b	uuf_diff_unsat
