task_id,job_id,stage,arm,config_id,config,pop_size,ls_time_limit_s,deadline_mode,solver_seed,budget_s,pilot_idx,pop_idx,instance,instance_sha256,batch,cell_id,gen_seed,m,oracle_cost,rc2_solve_s,rc2_tier,analysis_group
1,m2f_p10ls2p5_001_s1,full,p10_ls2p5,memetic_deeppolish_p10_ls2p5,configs/tier2/memetic_deeppolish_p10_ls2p5.yaml,10,2.5,clip,1,900,,1,data/generated/calib_a/wksat_v100_k2_sr4.00_hr0.00_w1_uniform_s3.wcnf,1bf6431e65d0ee4118808652c665277d8a2a9ba66fb1c9706fb8f000be3356f8,calib_a,max2sat_n100_a4,3,400,31,173.651,T2a,tier2
2,m2f_p10ls2p5_001_s2,full,p10_ls2p5,memetic_deeppolish_p10_ls2p5,configs/tier2/memetic_deeppolish_p10_ls2p5.yaml,10,2.5,clip,2,900,,1,data/generated/calib_a/wksat_v100_k2_sr4.00_hr0.00_w1_uniform_s3.wcnf,1bf6431e65d0ee4118808652c665277d8a2a9ba66fb1c9706fb8f000be3356f8,calib_a,max2sat_n100_a4,3,400,31,173.651,T2a,tier2
3,m2f_p10ls2p5_001_s3,full,p10_ls2p5,memetic_deeppolish_p10_ls2p5,configs/tier2/memetic_deeppolish_p10_ls2p5.yaml,10,2.5,clip,3,900,,1,data/generated/calib_a/wksat_v100_k2_sr4.00_hr0.00_w1_uniform_s3.wcnf,1bf6431e65d0ee4118808652c665277d8a2a9ba66fb1c9706fb8f000be3356f8,calib_a,max2sat_n100_a4,3,400,31,173.651,T2a,tier2
4,m2f_p10ls2p5_002_s1,full,p10_ls2p5,memetic_deeppolish_p10_ls2p5,configs/tier2/memetic_deeppolish_p10_ls2p5.yaml,10,2.5,clip,1,900,,2,data/generated/calib_a/wksat_v100_k2_sr6.00_hr0.00_w1_uniform_s1.wcnf,0a3b3189ef31359aa5511242ce45b618affcd83ae9a830936abff29afd6f2da3,calib_a,max2sat_n100_a6,1,600,50,752.749,T3,upper_ext
5,m2f_p10ls2p5_002_s2,full,p10_ls2p5,memetic_deeppolish_p10_ls2p5,configs/tier2/memetic_deeppolish_p10_ls2p5.yaml,10,2.5,clip,2,900,,2,data/generated/calib_a/wksat_v100_k2_sr6.00_hr0.00_w1_uniform_s1.wcnf,0a3b3189ef31359aa5511242ce45b618affcd83ae9a830936abff29afd6f2da3,calib_a,max2sat_n100_a6,1,600,50,752.749,T3,upper_ext
6,m2f_p10ls2p5_002_s3,full,p10_ls2p5,memetic_deeppolish_p10_ls2p5,configs/tier2/memetic_deeppolish_p10_ls2p5.yaml,10,2.5,clip,3,900,,2,data/generated/calib_a/wksat_v100_k2_sr6.00_hr0.00_w1_uniform_s1.wcnf,0a3b3189ef31359aa5511242ce45b618affcd83ae9a830936abff29afd6f2da3,calib_a,max2sat_n100_a6,1,600,50,752.749,T3,upper_ext
7,m2f_p10ls2p5_003_s1,full,p10_ls2p5,memetic_deeppolish_p10_ls2p5,configs/tier2/memetic_deeppolish_p10_ls2p5.yaml,10,2.5,clip,1,900,,3,data/generated/calib_a/wksat_v100_k3_sr5.00_hr0.00_w1_uniform_s2.wcnf,80fed4b8e5bf2b9cb4bae3bda9b6781d8cbf39cfd10c34c5e9b82725abfc4b06,calib_a,max3sat_n100_a5,2,500,4,93.01,T2a,tier2
8,m2f_p10ls2p5_003_s2,full,p10_ls2p5,memetic_deeppolish_p10_ls2p5,configs/tier2/memetic_deeppolish_p10_ls2p5.yaml,10,2.5,clip,2,900,,3,data/generated/calib_a/wksat_v100_k3_sr5.00_hr0.00_w1_uniform_s2.wcnf,80fed4b8e5bf2b9cb4bae3bda9b6781d8cbf39cfd10c34c5e9b82725abfc4b06,calib_a,max3sat_n100_a5,2,500,4,93.01,T2a,tier2
9,m2f_p10ls2p5_003_s3,full,p10_ls2p5,memetic_deeppolish_p10_ls2p5,configs/tier2/memetic_deeppolish_p10_ls2p5.yaml,10,2.5,clip,3,900,,3,data/generated/calib_a/wksat_v100_k3_sr5.00_hr0.00_w1_uniform_s2.wcnf,80fed4b8e5bf2b9cb4bae3bda9b6781d8cbf39cfd10c34c5e9b82725abfc4b06,calib_a,max3sat_n100_a5,2,500,4,93.01,T2a,tier2
10,m2f_p10ls2p5_004_s1,full,p10_ls2p5,memetic_deeppolish_p10_ls2p5,configs/tier2/memetic_deeppolish_p10_ls2p5.yaml,10,2.5,clip,1,900,,4,data/generated/calib_a/wksat_v150_k2_sr3.00_hr0.00_w1_uniform_s3.wcnf,896f8138027145c639c73e12b215c4e874a6b25d93e256c98f86f912ea9c021c,calib_a,max2sat_n150_a3,3,450,23,65.08,T2a,tier2
11,m2f_p10ls2p5_004_s2,full,p10_ls2p5,memetic_deeppolish_p10_ls2p5,configs/tier2/memetic_deeppolish_p10_ls2p5.yaml,10,2.5,clip,2,900,,4,data/generated/calib_a/wksat_v150_k2_sr3.00_hr0.00_w1_uniform_s3.wcnf,896f8138027145c639c73e12b215c4e874a6b25d93e256c98f86f912ea9c021c,calib_a,max2sat_n150_a3,3,450,23,65.08,T2a,tier2
12,m2f_p10ls2p5_004_s3,full,p10_ls2p5,memetic_deeppolish_p10_ls2p5,configs/tier2/memetic_deeppolish_p10_ls2p5.yaml,10,2.5,clip,3,900,,4,data/generated/calib_a/wksat_v150_k2_sr3.00_hr0.00_w1_uniform_s3.wcnf,896f8138027145c639c73e12b215c4e874a6b25d93e256c98f86f912ea9c021c,calib_a,max2sat_n150_a3,3,450,23,65.08,T2a,tier2
13,m2f_p10ls2p5_005_s1,full,p10_ls2p5,memetic_deeppolish_p10_ls2p5,configs/tier2/memetic_deeppolish_p10_ls2p5.yaml,10,2.5,clip,1,900,,5,data/generated/calib_a/wksat_v150_k2_sr3.00_hr0.00_w1_uniform_s4.wcnf,cac83f71adf8e1f3641733007c1c8bf7bb35bccb74fa388859adbb1769b5e4a1,calib_a,max2sat_n150_a3,4,450,24,36.352,T1,lower_ext
14,m2f_p10ls2p5_005_s2,full,p10_ls2p5,memetic_deeppolish_p10_ls2p5,configs/tier2/memetic_deeppolish_p10_ls2p5.yaml,10,2.5,clip,2,900,,5,data/generated/calib_a/wksat_v150_k2_sr3.00_hr0.00_w1_uniform_s4.wcnf,cac83f71adf8e1f3641733007c1c8bf7bb35bccb74fa388859adbb1769b5e4a1,calib_a,max2sat_n150_a3,4,450,24,36.352,T1,lower_ext
15,m2f_p10ls2p5_005_s3,full,p10_ls2p5,memetic_deeppolish_p10_ls2p5,configs/tier2/memetic_deeppolish_p10_ls2p5.yaml,10,2.5,clip,3,900,,5,data/generated/calib_a/wksat_v150_k2_sr3.00_hr0.00_w1_uniform_s4.wcnf,cac83f71adf8e1f3641733007c1c8bf7bb35bccb74fa388859adbb1769b5e4a1,calib_a,max2sat_n150_a3,4,450,24,36.352,T1,lower_ext
16,m2f_p10ls2p5_006_s1,full,p10_ls2p5,memetic_deeppolish_p10_ls2p5,configs/tier2/memetic_deeppolish_p10_ls2p5.yaml,10,2.5,clip,1,900,,6,data/generated/calib_a/wksat_v150_k3_sr5.00_hr0.00_w1_uniform_s3.wcnf,1bd61c544756086435e145f38cad51c8ca28898ff76478a941a19128c331dabb,calib_a,max3sat_n150_a5,3,750,3,772.234,T3,upper_ext
17,m2f_p10ls2p5_006_s2,full,p10_ls2p5,memetic_deeppolish_p10_ls2p5,configs/tier2/memetic_deeppolish_p10_ls2p5.yaml,10,2.5,clip,2,900,,6,data/generated/calib_a/wksat_v150_k3_sr5.00_hr0.00_w1_uniform_s3.wcnf,1bd61c544756086435e145f38cad51c8ca28898ff76478a941a19128c331dabb,calib_a,max3sat_n150_a5,3,750,3,772.234,T3,upper_ext
18,m2f_p10ls2p5_006_s3,full,p10_ls2p5,memetic_deeppolish_p10_ls2p5,configs/tier2/memetic_deeppolish_p10_ls2p5.yaml,10,2.5,clip,3,900,,6,data/generated/calib_a/wksat_v150_k3_sr5.00_hr0.00_w1_uniform_s3.wcnf,1bd61c544756086435e145f38cad51c8ca28898ff76478a941a19128c331dabb,calib_a,max3sat_n150_a5,3,750,3,772.234,T3,upper_ext
19,m2f_p10ls2p5_007_s1,full,p10_ls2p5,memetic_deeppolish_p10_ls2p5,configs/tier2/memetic_deeppolish_p10_ls2p5.yaml,10,2.5,clip,1,900,,7,data/generated/calib_a/wksat_v250_k3_sr4.26_hr0.00_w1_uniform_s1.wcnf,3747e40649ca8e3b7150045ad1f5295d385b05011a7a3be6c355ff93bf662bd9,calib_a,max3sat_n250_a4.26,1,1065,1,50.766,T1,lower_ext
20,m2f_p10ls2p5_007_s2,full,p10_ls2p5,memetic_deeppolish_p10_ls2p5,configs/tier2/memetic_deeppolish_p10_ls2p5.yaml,10,2.5,clip,2,900,,7,data/generated/calib_a/wksat_v250_k3_sr4.26_hr0.00_w1_uniform_s1.wcnf,3747e40649ca8e3b7150045ad1f5295d385b05011a7a3be6c355ff93bf662bd9,calib_a,max3sat_n250_a4.26,1,1065,1,50.766,T1,lower_ext
21,m2f_p10ls2p5_007_s3,full,p10_ls2p5,memetic_deeppolish_p10_ls2p5,configs/tier2/memetic_deeppolish_p10_ls2p5.yaml,10,2.5,clip,3,900,,7,data/generated/calib_a/wksat_v250_k3_sr4.26_hr0.00_w1_uniform_s1.wcnf,3747e40649ca8e3b7150045ad1f5295d385b05011a7a3be6c355ff93bf662bd9,calib_a,max3sat_n250_a4.26,1,1065,1,50.766,T1,lower_ext
22,m2f_p10ls2p5_008_s1,full,p10_ls2p5,memetic_deeppolish_p10_ls2p5,configs/tier2/memetic_deeppolish_p10_ls2p5.yaml,10,2.5,clip,1,900,,8,data/generated/calib_a/wksat_v250_k3_sr4.26_hr0.00_w1_uniform_s2.wcnf,a467213a83ad3e50c481e229ce1d133789b3d94a6110592f3080f72af3f16e11,calib_a,max3sat_n250_a4.26,2,1065,1,281.412,T2a,tier2
23,m2f_p10ls2p5_008_s2,full,p10_ls2p5,memetic_deeppolish_p10_ls2p5,configs/tier2/memetic_deeppolish_p10_ls2p5.yaml,10,2.5,clip,2,900,,8,data/generated/calib_a/wksat_v250_k3_sr4.26_hr0.00_w1_uniform_s2.wcnf,a467213a83ad3e50c481e229ce1d133789b3d94a6110592f3080f72af3f16e11,calib_a,max3sat_n250_a4.26,2,1065,1,281.412,T2a,tier2
24,m2f_p10ls2p5_008_s3,full,p10_ls2p5,memetic_deeppolish_p10_ls2p5,configs/tier2/memetic_deeppolish_p10_ls2p5.yaml,10,2.5,clip,3,900,,8,data/generated/calib_a/wksat_v250_k3_sr4.26_hr0.00_w1_uniform_s2.wcnf,a467213a83ad3e50c481e229ce1d133789b3d94a6110592f3080f72af3f16e11,calib_a,max3sat_n250_a4.26,2,1065,1,281.412,T2a,tier2
25,m2f_p10ls2p5_009_s1,full,p10_ls2p5,memetic_deeppolish_p10_ls2p5,configs/tier2/memetic_deeppolish_p10_ls2p5.yaml,10,2.5,clip,1,900,,9,data/generated/calib_a/wksat_v250_k3_sr4.26_hr0.00_w1_uniform_s4.wcnf,be4183b0bd4dbeab650cc5a709ddacfd03be88ce4f27182aa31521b4ca2b366a,calib_a,max3sat_n250_a4.26,4,1065,1,387.757,T2b,tier2
26,m2f_p10ls2p5_009_s2,full,p10_ls2p5,memetic_deeppolish_p10_ls2p5,configs/tier2/memetic_deeppolish_p10_ls2p5.yaml,10,2.5,clip,2,900,,9,data/generated/calib_a/wksat_v250_k3_sr4.26_hr0.00_w1_uniform_s4.wcnf,be4183b0bd4dbeab650cc5a709ddacfd03be88ce4f27182aa31521b4ca2b366a,calib_a,max3sat_n250_a4.26,4,1065,1,387.757,T2b,tier2
27,m2f_p10ls2p5_009_s3,full,p10_ls2p5,memetic_deeppolish_p10_ls2p5,configs/tier2/memetic_deeppolish_p10_ls2p5.yaml,10,2.5,clip,3,900,,9,data/generated/calib_a/wksat_v250_k3_sr4.26_hr0.00_w1_uniform_s4.wcnf,be4183b0bd4dbeab650cc5a709ddacfd03be88ce4f27182aa31521b4ca2b366a,calib_a,max3sat_n250_a4.26,4,1065,1,387.757,T2b,tier2
28,m2f_p10ls2p5_010_s1,full,p10_ls2p5,memetic_deeppolish_p10_ls2p5,configs/tier2/memetic_deeppolish_p10_ls2p5.yaml,10,2.5,clip,1,900,,10,data/generated/calib_a/wksat_v400_k2_sr2.00_hr0.00_w1_uniform_s1.wcnf,abb88ca9401ae98316aa7135c98d60f671c4cf91531bebb51152705438c4a229,calib_a,max2sat_n400_a2,1,800,18,42.963,T1,lower_ext
29,m2f_p10ls2p5_010_s2,full,p10_ls2p5,memetic_deeppolish_p10_ls2p5,configs/tier2/memetic_deeppolish_p10_ls2p5.yaml,10,2.5,clip,2,900,,10,data/generated/calib_a/wksat_v400_k2_sr2.00_hr0.00_w1_uniform_s1.wcnf,abb88ca9401ae98316aa7135c98d60f671c4cf91531bebb51152705438c4a229,calib_a,max2sat_n400_a2,1,800,18,42.963,T1,lower_ext
30,m2f_p10ls2p5_010_s3,full,p10_ls2p5,memetic_deeppolish_p10_ls2p5,configs/tier2/memetic_deeppolish_p10_ls2p5.yaml,10,2.5,clip,3,900,,10,data/generated/calib_a/wksat_v400_k2_sr2.00_hr0.00_w1_uniform_s1.wcnf,abb88ca9401ae98316aa7135c98d60f671c4cf91531bebb51152705438c4a229,calib_a,max2sat_n400_a2,1,800,18,42.963,T1,lower_ext
31,m2f_p10ls2p5_011_s1,full,p10_ls2p5,memetic_deeppolish_p10_ls2p5,configs/tier2/memetic_deeppolish_p10_ls2p5.yaml,10,2.5,clip,1,900,,11,data/generated/calib_a/wksat_v50_k3_sr8.00_hr0.00_w1_uniform_s1.wcnf,6c42f48dd5be35d928c1a529c6941dcf3cabeff4b5391eed718aff57a0d3f4a3,calib_a,max3sat_n50_a8,1,400,10,65.659,T2a,tier2
32,m2f_p10ls2p5_011_s2,full,p10_ls2p5,memetic_deeppolish_p10_ls2p5,configs/tier2/memetic_deeppolish_p10_ls2p5.yaml,10,2.5,clip,2,900,,11,data/generated/calib_a/wksat_v50_k3_sr8.00_hr0.00_w1_uniform_s1.wcnf,6c42f48dd5be35d928c1a529c6941dcf3cabeff4b5391eed718aff57a0d3f4a3,calib_a,max3sat_n50_a8,1,400,10,65.659,T2a,tier2
33,m2f_p10ls2p5_011_s3,full,p10_ls2p5,memetic_deeppolish_p10_ls2p5,configs/tier2/memetic_deeppolish_p10_ls2p5.yaml,10,2.5,clip,3,900,,11,data/generated/calib_a/wksat_v50_k3_sr8.00_hr0.00_w1_uniform_s1.wcnf,6c42f48dd5be35d928c1a529c6941dcf3cabeff4b5391eed718aff57a0d3f4a3,calib_a,max3sat_n50_a8,1,400,10,65.659,T2a,tier2
34,m2f_p10ls2p5_012_s1,full,p10_ls2p5,memetic_deeppolish_p10_ls2p5,configs/tier2/memetic_deeppolish_p10_ls2p5.yaml,10,2.5,clip,1,900,,12,data/generated/calib_a/wksat_v50_k3_sr8.00_hr0.00_w1_uniform_s2.wcnf,308041817cf320b05bb62a0225928a6c600855e2f9fa5b153966fee2096921fa,calib_a,max3sat_n50_a8,2,400,10,88.686,T2a,tier2
35,m2f_p10ls2p5_012_s2,full,p10_ls2p5,memetic_deeppolish_p10_ls2p5,configs/tier2/memetic_deeppolish_p10_ls2p5.yaml,10,2.5,clip,2,900,,12,data/generated/calib_a/wksat_v50_k3_sr8.00_hr0.00_w1_uniform_s2.wcnf,308041817cf320b05bb62a0225928a6c600855e2f9fa5b153966fee2096921fa,calib_a,max3sat_n50_a8,2,400,10,88.686,T2a,tier2
36,m2f_p10ls2p5_012_s3,full,p10_ls2p5,memetic_deeppolish_p10_ls2p5,configs/tier2/memetic_deeppolish_p10_ls2p5.yaml,10,2.5,clip,3,900,,12,data/generated/calib_a/wksat_v50_k3_sr8.00_hr0.00_w1_uniform_s2.wcnf,308041817cf320b05bb62a0225928a6c600855e2f9fa5b153966fee2096921fa,calib_a,max3sat_n50_a8,2,400,10,88.686,T2a,tier2
37,m2f_p10ls2p5_013_s1,full,p10_ls2p5,memetic_deeppolish_p10_ls2p5,configs/tier2/memetic_deeppolish_p10_ls2p5.yaml,10,2.5,clip,1,900,,13,data/generated/calib_a/wksat_v50_k3_sr8.00_hr0.00_w1_uniform_s4.wcnf,4847f9a215a190a115626c51f6a99a8be32098f8ef0310390c504ed20911cd48,calib_a,max3sat_n50_a8,4,400,11,76.107,T2a,tier2
38,m2f_p10ls2p5_013_s2,full,p10_ls2p5,memetic_deeppolish_p10_ls2p5,configs/tier2/memetic_deeppolish_p10_ls2p5.yaml,10,2.5,clip,2,900,,13,data/generated/calib_a/wksat_v50_k3_sr8.00_hr0.00_w1_uniform_s4.wcnf,4847f9a215a190a115626c51f6a99a8be32098f8ef0310390c504ed20911cd48,calib_a,max3sat_n50_a8,4,400,11,76.107,T2a,tier2
39,m2f_p10ls2p5_013_s3,full,p10_ls2p5,memetic_deeppolish_p10_ls2p5,configs/tier2/memetic_deeppolish_p10_ls2p5.yaml,10,2.5,clip,3,900,,13,data/generated/calib_a/wksat_v50_k3_sr8.00_hr0.00_w1_uniform_s4.wcnf,4847f9a215a190a115626c51f6a99a8be32098f8ef0310390c504ed20911cd48,calib_a,max3sat_n50_a8,4,400,11,76.107,T2a,tier2
40,m2f_p10ls2p5_014_s1,full,p10_ls2p5,memetic_deeppolish_p10_ls2p5,configs/tier2/memetic_deeppolish_p10_ls2p5.yaml,10,2.5,clip,1,900,,14,data/generated/calib_a/wksat_v50_k3_sr8.00_hr0.00_w1_uniform_s5.wcnf,b0f53015b9d1889879a0f94a6b675413b63618fa83da28e1df0ef2b3d383a7cf,calib_a,max3sat_n50_a8,5,400,9,32.836,T1,lower_ext
41,m2f_p10ls2p5_014_s2,full,p10_ls2p5,memetic_deeppolish_p10_ls2p5,configs/tier2/memetic_deeppolish_p10_ls2p5.yaml,10,2.5,clip,2,900,,14,data/generated/calib_a/wksat_v50_k3_sr8.00_hr0.00_w1_uniform_s5.wcnf,b0f53015b9d1889879a0f94a6b675413b63618fa83da28e1df0ef2b3d383a7cf,calib_a,max3sat_n50_a8,5,400,9,32.836,T1,lower_ext
42,m2f_p10ls2p5_014_s3,full,p10_ls2p5,memetic_deeppolish_p10_ls2p5,configs/tier2/memetic_deeppolish_p10_ls2p5.yaml,10,2.5,clip,3,900,,14,data/generated/calib_a/wksat_v50_k3_sr8.00_hr0.00_w1_uniform_s5.wcnf,b0f53015b9d1889879a0f94a6b675413b63618fa83da28e1df0ef2b3d383a7cf,calib_a,max3sat_n50_a8,5,400,9,32.836,T1,lower_ext
43,m2f_p10ls2p5_015_s1,full,p10_ls2p5,memetic_deeppolish_p10_ls2p5,configs/tier2/memetic_deeppolish_p10_ls2p5.yaml,10,2.5,clip,1,900,,15,data/generated/calib_a/wksat_v70_k3_sr6.00_hr0.00_w1_uniform_s2.wcnf,55084c5ac6ab8ef8886112e05dd9d245542c0653b33fb106619a3e6fe81a11ee,calib_a,max3sat_n70_a6,2,420,7,159.513,T2a,tier2
44,m2f_p10ls2p5_015_s2,full,p10_ls2p5,memetic_deeppolish_p10_ls2p5,configs/tier2/memetic_deeppolish_p10_ls2p5.yaml,10,2.5,clip,2,900,,15,data/generated/calib_a/wksat_v70_k3_sr6.00_hr0.00_w1_uniform_s2.wcnf,55084c5ac6ab8ef8886112e05dd9d245542c0653b33fb106619a3e6fe81a11ee,calib_a,max3sat_n70_a6,2,420,7,159.513,T2a,tier2
45,m2f_p10ls2p5_015_s3,full,p10_ls2p5,memetic_deeppolish_p10_ls2p5,configs/tier2/memetic_deeppolish_p10_ls2p5.yaml,10,2.5,clip,3,900,,15,data/generated/calib_a/wksat_v70_k3_sr6.00_hr0.00_w1_uniform_s2.wcnf,55084c5ac6ab8ef8886112e05dd9d245542c0653b33fb106619a3e6fe81a11ee,calib_a,max3sat_n70_a6,2,420,7,159.513,T2a,tier2
46,m2f_p10ls2p5_016_s1,full,p10_ls2p5,memetic_deeppolish_p10_ls2p5,configs/tier2/memetic_deeppolish_p10_ls2p5.yaml,10,2.5,clip,1,900,,16,data/generated/calib_a/wksat_v70_k3_sr6.00_hr0.00_w1_uniform_s4.wcnf,1d11385905c08c0afe97508f3b2167e7b45d7382d472300c7d8f07333a610f8e,calib_a,max3sat_n70_a6,4,420,6,53.3,T1,lower_ext
47,m2f_p10ls2p5_016_s2,full,p10_ls2p5,memetic_deeppolish_p10_ls2p5,configs/tier2/memetic_deeppolish_p10_ls2p5.yaml,10,2.5,clip,2,900,,16,data/generated/calib_a/wksat_v70_k3_sr6.00_hr0.00_w1_uniform_s4.wcnf,1d11385905c08c0afe97508f3b2167e7b45d7382d472300c7d8f07333a610f8e,calib_a,max3sat_n70_a6,4,420,6,53.3,T1,lower_ext
48,m2f_p10ls2p5_016_s3,full,p10_ls2p5,memetic_deeppolish_p10_ls2p5,configs/tier2/memetic_deeppolish_p10_ls2p5.yaml,10,2.5,clip,3,900,,16,data/generated/calib_a/wksat_v70_k3_sr6.00_hr0.00_w1_uniform_s4.wcnf,1d11385905c08c0afe97508f3b2167e7b45d7382d472300c7d8f07333a610f8e,calib_a,max3sat_n70_a6,4,420,6,53.3,T1,lower_ext
49,m2f_p10ls2p5_017_s1,full,p10_ls2p5,memetic_deeppolish_p10_ls2p5,configs/tier2/memetic_deeppolish_p10_ls2p5.yaml,10,2.5,clip,1,900,,17,data/generated/calib_a/wksat_v70_k3_sr6.00_hr0.00_w1_uniform_s5.wcnf,ef29b3a0a96cc809785c9cfe729a17b008ec29831b9cb4a57a093492454a0bb1,calib_a,max3sat_n70_a6,5,420,6,75.355,T2a,tier2
50,m2f_p10ls2p5_017_s2,full,p10_ls2p5,memetic_deeppolish_p10_ls2p5,configs/tier2/memetic_deeppolish_p10_ls2p5.yaml,10,2.5,clip,2,900,,17,data/generated/calib_a/wksat_v70_k3_sr6.00_hr0.00_w1_uniform_s5.wcnf,ef29b3a0a96cc809785c9cfe729a17b008ec29831b9cb4a57a093492454a0bb1,calib_a,max3sat_n70_a6,5,420,6,75.355,T2a,tier2
51,m2f_p10ls2p5_017_s3,full,p10_ls2p5,memetic_deeppolish_p10_ls2p5,configs/tier2/memetic_deeppolish_p10_ls2p5.yaml,10,2.5,clip,3,900,,17,data/generated/calib_a/wksat_v70_k3_sr6.00_hr0.00_w1_uniform_s5.wcnf,ef29b3a0a96cc809785c9cfe729a17b008ec29831b9cb4a57a093492454a0bb1,calib_a,max3sat_n70_a6,5,420,6,75.355,T2a,tier2
52,m2f_p10ls2p5_018_s1,full,p10_ls2p5,memetic_deeppolish_p10_ls2p5,configs/tier2/memetic_deeppolish_p10_ls2p5.yaml,10,2.5,clip,1,900,,18,data/generated/calib_b/wksat_v100_k2_sr4.50_hr0.00_w1_uniform_s1.wcnf,33af505ac00e88268362ee438927139cfb70a6d833a11de4e20c164f0d698239,calib_b,max2sat_n100_a4.5,1,450,32,66.547,T2a,tier2
53,m2f_p10ls2p5_018_s2,full,p10_ls2p5,memetic_deeppolish_p10_ls2p5,configs/tier2/memetic_deeppolish_p10_ls2p5.yaml,10,2.5,clip,2,900,,18,data/generated/calib_b/wksat_v100_k2_sr4.50_hr0.00_w1_uniform_s1.wcnf,33af505ac00e88268362ee438927139cfb70a6d833a11de4e20c164f0d698239,calib_b,max2sat_n100_a4.5,1,450,32,66.547,T2a,tier2
54,m2f_p10ls2p5_018_s3,full,p10_ls2p5,memetic_deeppolish_p10_ls2p5,configs/tier2/memetic_deeppolish_p10_ls2p5.yaml,10,2.5,clip,3,900,,18,data/generated/calib_b/wksat_v100_k2_sr4.50_hr0.00_w1_uniform_s1.wcnf,33af505ac00e88268362ee438927139cfb70a6d833a11de4e20c164f0d698239,calib_b,max2sat_n100_a4.5,1,450,32,66.547,T2a,tier2
55,m2f_p10ls2p5_019_s1,full,p10_ls2p5,memetic_deeppolish_p10_ls2p5,configs/tier2/memetic_deeppolish_p10_ls2p5.yaml,10,2.5,clip,1,900,,19,data/generated/calib_b/wksat_v100_k2_sr4.50_hr0.00_w1_uniform_s2.wcnf,a6af598d077c8d9c349186b81a87dbf97c5aaf0a0aa3abfc645752146e81d6b9,calib_b,max2sat_n100_a4.5,2,450,35,126.025,T2a,tier2
56,m2f_p10ls2p5_019_s2,full,p10_ls2p5,memetic_deeppolish_p10_ls2p5,configs/tier2/memetic_deeppolish_p10_ls2p5.yaml,10,2.5,clip,2,900,,19,data/generated/calib_b/wksat_v100_k2_sr4.50_hr0.00_w1_uniform_s2.wcnf,a6af598d077c8d9c349186b81a87dbf97c5aaf0a0aa3abfc645752146e81d6b9,calib_b,max2sat_n100_a4.5,2,450,35,126.025,T2a,tier2
57,m2f_p10ls2p5_019_s3,full,p10_ls2p5,memetic_deeppolish_p10_ls2p5,configs/tier2/memetic_deeppolish_p10_ls2p5.yaml,10,2.5,clip,3,900,,19,data/generated/calib_b/wksat_v100_k2_sr4.50_hr0.00_w1_uniform_s2.wcnf,a6af598d077c8d9c349186b81a87dbf97c5aaf0a0aa3abfc645752146e81d6b9,calib_b,max2sat_n100_a4.5,2,450,35,126.025,T2a,tier2
58,m2f_p10ls2p5_020_s1,full,p10_ls2p5,memetic_deeppolish_p10_ls2p5,configs/tier2/memetic_deeppolish_p10_ls2p5.yaml,10,2.5,clip,1,900,,20,data/generated/calib_b/wksat_v100_k2_sr5.00_hr0.00_w1_uniform_s1.wcnf,17862c035c2bab559d7c042a63093b6210caf69719e8ba5c2bab6ac1bd593a82,calib_b,max2sat_n100_a5,1,500,35,83.971,T2a,tier2
59,m2f_p10ls2p5_020_s2,full,p10_ls2p5,memetic_deeppolish_p10_ls2p5,configs/tier2/memetic_deeppolish_p10_ls2p5.yaml,10,2.5,clip,2,900,,20,data/generated/calib_b/wksat_v100_k2_sr5.00_hr0.00_w1_uniform_s1.wcnf,17862c035c2bab559d7c042a63093b6210caf69719e8ba5c2bab6ac1bd593a82,calib_b,max2sat_n100_a5,1,500,35,83.971,T2a,tier2
60,m2f_p10ls2p5_020_s3,full,p10_ls2p5,memetic_deeppolish_p10_ls2p5,configs/tier2/memetic_deeppolish_p10_ls2p5.yaml,10,2.5,clip,3,900,,20,data/generated/calib_b/wksat_v100_k2_sr5.00_hr0.00_w1_uniform_s1.wcnf,17862c035c2bab559d7c042a63093b6210caf69719e8ba5c2bab6ac1bd593a82,calib_b,max2sat_n100_a5,1,500,35,83.971,T2a,tier2
61,m2f_p10ls2p5_021_s1,full,p10_ls2p5,memetic_deeppolish_p10_ls2p5,configs/tier2/memetic_deeppolish_p10_ls2p5.yaml,10,2.5,clip,1,900,,21,data/generated/calib_b/wksat_v100_k2_sr5.00_hr0.00_w1_uniform_s4.wcnf,27227aa2d367a87d11ade8451836d58665f0c3e10735ef9f69531ec216b9041a,calib_b,max2sat_n100_a5,4,500,35,31.146,T1,lower_ext
62,m2f_p10ls2p5_021_s2,full,p10_ls2p5,memetic_deeppolish_p10_ls2p5,configs/tier2/memetic_deeppolish_p10_ls2p5.yaml,10,2.5,clip,2,900,,21,data/generated/calib_b/wksat_v100_k2_sr5.00_hr0.00_w1_uniform_s4.wcnf,27227aa2d367a87d11ade8451836d58665f0c3e10735ef9f69531ec216b9041a,calib_b,max2sat_n100_a5,4,500,35,31.146,T1,lower_ext
63,m2f_p10ls2p5_021_s3,full,p10_ls2p5,memetic_deeppolish_p10_ls2p5,configs/tier2/memetic_deeppolish_p10_ls2p5.yaml,10,2.5,clip,3,900,,21,data/generated/calib_b/wksat_v100_k2_sr5.00_hr0.00_w1_uniform_s4.wcnf,27227aa2d367a87d11ade8451836d58665f0c3e10735ef9f69531ec216b9041a,calib_b,max2sat_n100_a5,4,500,35,31.146,T1,lower_ext
64,m2f_p10ls2p5_022_s1,full,p10_ls2p5,memetic_deeppolish_p10_ls2p5,configs/tier2/memetic_deeppolish_p10_ls2p5.yaml,10,2.5,clip,1,900,,22,data/generated/calib_b/wksat_v100_k3_sr5.20_hr0.00_w1_uniform_s1.wcnf,a4f6be1aaa0ca218be0c3984e5ae20fc729058b84991149ba0b7bca9528d1b8a,calib_b,max3sat_n100_a5.2,1,520,4,211.01,T2a,tier2
65,m2f_p10ls2p5_022_s2,full,p10_ls2p5,memetic_deeppolish_p10_ls2p5,configs/tier2/memetic_deeppolish_p10_ls2p5.yaml,10,2.5,clip,2,900,,22,data/generated/calib_b/wksat_v100_k3_sr5.20_hr0.00_w1_uniform_s1.wcnf,a4f6be1aaa0ca218be0c3984e5ae20fc729058b84991149ba0b7bca9528d1b8a,calib_b,max3sat_n100_a5.2,1,520,4,211.01,T2a,tier2
66,m2f_p10ls2p5_022_s3,full,p10_ls2p5,memetic_deeppolish_p10_ls2p5,configs/tier2/memetic_deeppolish_p10_ls2p5.yaml,10,2.5,clip,3,900,,22,data/generated/calib_b/wksat_v100_k3_sr5.20_hr0.00_w1_uniform_s1.wcnf,a4f6be1aaa0ca218be0c3984e5ae20fc729058b84991149ba0b7bca9528d1b8a,calib_b,max3sat_n100_a5.2,1,520,4,211.01,T2a,tier2
67,m2f_p10ls2p5_023_s1,full,p10_ls2p5,memetic_deeppolish_p10_ls2p5,configs/tier2/memetic_deeppolish_p10_ls2p5.yaml,10,2.5,clip,1,900,,23,data/generated/calib_b/wksat_v100_k3_sr5.20_hr0.00_w1_uniform_s2.wcnf,00f00f4ccfa57fb2f7483bd94f85a2574991444a9aadcf343f476c592417e52e,calib_b,max3sat_n100_a5.2,2,520,5,213.208,T2a,tier2
68,m2f_p10ls2p5_023_s2,full,p10_ls2p5,memetic_deeppolish_p10_ls2p5,configs/tier2/memetic_deeppolish_p10_ls2p5.yaml,10,2.5,clip,2,900,,23,data/generated/calib_b/wksat_v100_k3_sr5.20_hr0.00_w1_uniform_s2.wcnf,00f00f4ccfa57fb2f7483bd94f85a2574991444a9aadcf343f476c592417e52e,calib_b,max3sat_n100_a5.2,2,520,5,213.208,T2a,tier2
69,m2f_p10ls2p5_023_s3,full,p10_ls2p5,memetic_deeppolish_p10_ls2p5,configs/tier2/memetic_deeppolish_p10_ls2p5.yaml,10,2.5,clip,3,900,,23,data/generated/calib_b/wksat_v100_k3_sr5.20_hr0.00_w1_uniform_s2.wcnf,00f00f4ccfa57fb2f7483bd94f85a2574991444a9aadcf343f476c592417e52e,calib_b,max3sat_n100_a5.2,2,520,5,213.208,T2a,tier2
70,m2f_p10ls2p5_024_s1,full,p10_ls2p5,memetic_deeppolish_p10_ls2p5,configs/tier2/memetic_deeppolish_p10_ls2p5.yaml,10,2.5,clip,1,900,,24,data/generated/calib_b/wksat_v100_k3_sr5.20_hr0.00_w1_uniform_s5.wcnf,86e2f31c90e6e1c77ea4a61148545182649f75a41a2251cbcb62d012ed7a02e6,calib_b,max3sat_n100_a5.2,5,520,4,46.776,T1,lower_ext
71,m2f_p10ls2p5_024_s2,full,p10_ls2p5,memetic_deeppolish_p10_ls2p5,configs/tier2/memetic_deeppolish_p10_ls2p5.yaml,10,2.5,clip,2,900,,24,data/generated/calib_b/wksat_v100_k3_sr5.20_hr0.00_w1_uniform_s5.wcnf,86e2f31c90e6e1c77ea4a61148545182649f75a41a2251cbcb62d012ed7a02e6,calib_b,max3sat_n100_a5.2,5,520,4,46.776,T1,lower_ext
72,m2f_p10ls2p5_024_s3,full,p10_ls2p5,memetic_deeppolish_p10_ls2p5,configs/tier2/memetic_deeppolish_p10_ls2p5.yaml,10,2.5,clip,3,900,,24,data/generated/calib_b/wksat_v100_k3_sr5.20_hr0.00_w1_uniform_s5.wcnf,86e2f31c90e6e1c77ea4a61148545182649f75a41a2251cbcb62d012ed7a02e6,calib_b,max3sat_n100_a5.2,5,520,4,46.776,T1,lower_ext
73,m2f_p10ls2p5_025_s1,full,p10_ls2p5,memetic_deeppolish_p10_ls2p5,configs/tier2/memetic_deeppolish_p10_ls2p5.yaml,10,2.5,clip,1,900,,25,data/generated/calib_b/wksat_v100_k3_sr5.50_hr0.00_w1_uniform_s1.wcnf,ad0179c31501daddf81b2978b2d57ae9fbdc57509cd85eda9c05e880e8762a9a,calib_b,max3sat_n100_a5.5,1,550,5,173.843,T2a,tier2
74,m2f_p10ls2p5_025_s2,full,p10_ls2p5,memetic_deeppolish_p10_ls2p5,configs/tier2/memetic_deeppolish_p10_ls2p5.yaml,10,2.5,clip,2,900,,25,data/generated/calib_b/wksat_v100_k3_sr5.50_hr0.00_w1_uniform_s1.wcnf,ad0179c31501daddf81b2978b2d57ae9fbdc57509cd85eda9c05e880e8762a9a,calib_b,max3sat_n100_a5.5,1,550,5,173.843,T2a,tier2
75,m2f_p10ls2p5_025_s3,full,p10_ls2p5,memetic_deeppolish_p10_ls2p5,configs/tier2/memetic_deeppolish_p10_ls2p5.yaml,10,2.5,clip,3,900,,25,data/generated/calib_b/wksat_v100_k3_sr5.50_hr0.00_w1_uniform_s1.wcnf,ad0179c31501daddf81b2978b2d57ae9fbdc57509cd85eda9c05e880e8762a9a,calib_b,max3sat_n100_a5.5,1,550,5,173.843,T2a,tier2
76,m2f_p10ls2p5_026_s1,full,p10_ls2p5,memetic_deeppolish_p10_ls2p5,configs/tier2/memetic_deeppolish_p10_ls2p5.yaml,10,2.5,clip,1,900,,26,data/generated/calib_b/wksat_v100_k3_sr5.50_hr0.00_w1_uniform_s3.wcnf,e1300e27e840b91233dd80824eb9585bfe4da7d2455a4bd9714b405fa8c706e7,calib_b,max3sat_n100_a5.5,3,550,5,156.628,T2a,tier2
77,m2f_p10ls2p5_026_s2,full,p10_ls2p5,memetic_deeppolish_p10_ls2p5,configs/tier2/memetic_deeppolish_p10_ls2p5.yaml,10,2.5,clip,2,900,,26,data/generated/calib_b/wksat_v100_k3_sr5.50_hr0.00_w1_uniform_s3.wcnf,e1300e27e840b91233dd80824eb9585bfe4da7d2455a4bd9714b405fa8c706e7,calib_b,max3sat_n100_a5.5,3,550,5,156.628,T2a,tier2
78,m2f_p10ls2p5_026_s3,full,p10_ls2p5,memetic_deeppolish_p10_ls2p5,configs/tier2/memetic_deeppolish_p10_ls2p5.yaml,10,2.5,clip,3,900,,26,data/generated/calib_b/wksat_v100_k3_sr5.50_hr0.00_w1_uniform_s3.wcnf,e1300e27e840b91233dd80824eb9585bfe4da7d2455a4bd9714b405fa8c706e7,calib_b,max3sat_n100_a5.5,3,550,5,156.628,T2a,tier2
79,m2f_p10ls2p5_027_s1,full,p10_ls2p5,memetic_deeppolish_p10_ls2p5,configs/tier2/memetic_deeppolish_p10_ls2p5.yaml,10,2.5,clip,1,900,,27,data/generated/calib_b/wksat_v100_k3_sr5.50_hr0.00_w1_uniform_s4.wcnf,f2dcaaa1ebd871be0b0071d50e291c677e025523a997d87713ec94540d56519c,calib_b,max3sat_n100_a5.5,4,550,4,62.006,T2a,tier2
80,m2f_p10ls2p5_027_s2,full,p10_ls2p5,memetic_deeppolish_p10_ls2p5,configs/tier2/memetic_deeppolish_p10_ls2p5.yaml,10,2.5,clip,2,900,,27,data/generated/calib_b/wksat_v100_k3_sr5.50_hr0.00_w1_uniform_s4.wcnf,f2dcaaa1ebd871be0b0071d50e291c677e025523a997d87713ec94540d56519c,calib_b,max3sat_n100_a5.5,4,550,4,62.006,T2a,tier2
81,m2f_p10ls2p5_027_s3,full,p10_ls2p5,memetic_deeppolish_p10_ls2p5,configs/tier2/memetic_deeppolish_p10_ls2p5.yaml,10,2.5,clip,3,900,,27,data/generated/calib_b/wksat_v100_k3_sr5.50_hr0.00_w1_uniform_s4.wcnf,f2dcaaa1ebd871be0b0071d50e291c677e025523a997d87713ec94540d56519c,calib_b,max3sat_n100_a5.5,4,550,4,62.006,T2a,tier2
82,m2f_p10ls2p5_028_s1,full,p10_ls2p5,memetic_deeppolish_p10_ls2p5,configs/tier2/memetic_deeppolish_p10_ls2p5.yaml,10,2.5,clip,1,900,,28,data/generated/calib_b/wksat_v150_k2_sr3.00_hr0.00_w1_uniform_s7.wcnf,4e1ceec953c1d9f2ae3bc1152704a2241d837e59cde7c3f0c4026c0c4ab82267,calib_b,max2sat_n150_a3,7,450,23,32.347,T1,lower_ext
83,m2f_p10ls2p5_028_s2,full,p10_ls2p5,memetic_deeppolish_p10_ls2p5,configs/tier2/memetic_deeppolish_p10_ls2p5.yaml,10,2.5,clip,2,900,,28,data/generated/calib_b/wksat_v150_k2_sr3.00_hr0.00_w1_uniform_s7.wcnf,4e1ceec953c1d9f2ae3bc1152704a2241d837e59cde7c3f0c4026c0c4ab82267,calib_b,max2sat_n150_a3,7,450,23,32.347,T1,lower_ext
84,m2f_p10ls2p5_028_s3,full,p10_ls2p5,memetic_deeppolish_p10_ls2p5,configs/tier2/memetic_deeppolish_p10_ls2p5.yaml,10,2.5,clip,3,900,,28,data/generated/calib_b/wksat_v150_k2_sr3.00_hr0.00_w1_uniform_s7.wcnf,4e1ceec953c1d9f2ae3bc1152704a2241d837e59cde7c3f0c4026c0c4ab82267,calib_b,max2sat_n150_a3,7,450,23,32.347,T1,lower_ext
85,m2f_p10ls2p5_029_s1,full,p10_ls2p5,memetic_deeppolish_p10_ls2p5,configs/tier2/memetic_deeppolish_p10_ls2p5.yaml,10,2.5,clip,1,900,,29,data/generated/calib_b/wksat_v150_k2_sr3.15_hr0.00_w1_uniform_s4.wcnf,d72e2fa9792c60f1f6e66483165d1d00f9c58943f28458cf5017475f7122cccc,calib_b,max2sat_n150_a3.15,4,472,26,300.852,T2b,tier2
86,m2f_p10ls2p5_029_s2,full,p10_ls2p5,memetic_deeppolish_p10_ls2p5,configs/tier2/memetic_deeppolish_p10_ls2p5.yaml,10,2.5,clip,2,900,,29,data/generated/calib_b/wksat_v150_k2_sr3.15_hr0.00_w1_uniform_s4.wcnf,d72e2fa9792c60f1f6e66483165d1d00f9c58943f28458cf5017475f7122cccc,calib_b,max2sat_n150_a3.15,4,472,26,300.852,T2b,tier2
87,m2f_p10ls2p5_029_s3,full,p10_ls2p5,memetic_deeppolish_p10_ls2p5,configs/tier2/memetic_deeppolish_p10_ls2p5.yaml,10,2.5,clip,3,900,,29,data/generated/calib_b/wksat_v150_k2_sr3.15_hr0.00_w1_uniform_s4.wcnf,d72e2fa9792c60f1f6e66483165d1d00f9c58943f28458cf5017475f7122cccc,calib_b,max2sat_n150_a3.15,4,472,26,300.852,T2b,tier2
88,m2f_p10ls2p5_030_s1,full,p10_ls2p5,memetic_deeppolish_p10_ls2p5,configs/tier2/memetic_deeppolish_p10_ls2p5.yaml,10,2.5,clip,1,900,,30,data/generated/calib_b/wksat_v150_k2_sr3.30_hr0.00_w1_uniform_s1.wcnf,b53a06380af01e12bca2ea12cdaf375ed3af41bc767fd6dc339dbc39d337d226,calib_b,max2sat_n150_a3.3,1,495,25,34.072,T1,lower_ext
89,m2f_p10ls2p5_030_s2,full,p10_ls2p5,memetic_deeppolish_p10_ls2p5,configs/tier2/memetic_deeppolish_p10_ls2p5.yaml,10,2.5,clip,2,900,,30,data/generated/calib_b/wksat_v150_k2_sr3.30_hr0.00_w1_uniform_s1.wcnf,b53a06380af01e12bca2ea12cdaf375ed3af41bc767fd6dc339dbc39d337d226,calib_b,max2sat_n150_a3.3,1,495,25,34.072,T1,lower_ext
90,m2f_p10ls2p5_030_s3,full,p10_ls2p5,memetic_deeppolish_p10_ls2p5,configs/tier2/memetic_deeppolish_p10_ls2p5.yaml,10,2.5,clip,3,900,,30,data/generated/calib_b/wksat_v150_k2_sr3.30_hr0.00_w1_uniform_s1.wcnf,b53a06380af01e12bca2ea12cdaf375ed3af41bc767fd6dc339dbc39d337d226,calib_b,max2sat_n150_a3.3,1,495,25,34.072,T1,lower_ext
91,m2f_p10ls2p5_031_s1,full,p10_ls2p5,memetic_deeppolish_p10_ls2p5,configs/tier2/memetic_deeppolish_p10_ls2p5.yaml,10,2.5,clip,1,900,,31,data/generated/calib_b/wksat_v150_k2_sr3.30_hr0.00_w1_uniform_s3.wcnf,8e2a8d74e791d6bbdbd2308a19e486e320cb3e08638e177a6ee5d43898998c16,calib_b,max2sat_n150_a3.3,3,495,27,170.816,T2a,tier2
92,m2f_p10ls2p5_031_s2,full,p10_ls2p5,memetic_deeppolish_p10_ls2p5,configs/tier2/memetic_deeppolish_p10_ls2p5.yaml,10,2.5,clip,2,900,,31,data/generated/calib_b/wksat_v150_k2_sr3.30_hr0.00_w1_uniform_s3.wcnf,8e2a8d74e791d6bbdbd2308a19e486e320cb3e08638e177a6ee5d43898998c16,calib_b,max2sat_n150_a3.3,3,495,27,170.816,T2a,tier2
93,m2f_p10ls2p5_031_s3,full,p10_ls2p5,memetic_deeppolish_p10_ls2p5,configs/tier2/memetic_deeppolish_p10_ls2p5.yaml,10,2.5,clip,3,900,,31,data/generated/calib_b/wksat_v150_k2_sr3.30_hr0.00_w1_uniform_s3.wcnf,8e2a8d74e791d6bbdbd2308a19e486e320cb3e08638e177a6ee5d43898998c16,calib_b,max2sat_n150_a3.3,3,495,27,170.816,T2a,tier2
94,m2f_p10ls2p5_032_s1,full,p10_ls2p5,memetic_deeppolish_p10_ls2p5,configs/tier2/memetic_deeppolish_p10_ls2p5.yaml,10,2.5,clip,1,900,,32,data/generated/calib_b/wksat_v150_k2_sr3.30_hr0.00_w1_uniform_s4.wcnf,dc29e62067d58db204c2488783e033ba5244cd652ef1d124dcc4f5bf31e8a04d,calib_b,max2sat_n150_a3.3,4,495,28,226.564,T2a,tier2
95,m2f_p10ls2p5_032_s2,full,p10_ls2p5,memetic_deeppolish_p10_ls2p5,configs/tier2/memetic_deeppolish_p10_ls2p5.yaml,10,2.5,clip,2,900,,32,data/generated/calib_b/wksat_v150_k2_sr3.30_hr0.00_w1_uniform_s4.wcnf,dc29e62067d58db204c2488783e033ba5244cd652ef1d124dcc4f5bf31e8a04d,calib_b,max2sat_n150_a3.3,4,495,28,226.564,T2a,tier2
96,m2f_p10ls2p5_032_s3,full,p10_ls2p5,memetic_deeppolish_p10_ls2p5,configs/tier2/memetic_deeppolish_p10_ls2p5.yaml,10,2.5,clip,3,900,,32,data/generated/calib_b/wksat_v150_k2_sr3.30_hr0.00_w1_uniform_s4.wcnf,dc29e62067d58db204c2488783e033ba5244cd652ef1d124dcc4f5bf31e8a04d,calib_b,max2sat_n150_a3.3,4,495,28,226.564,T2a,tier2
97,m2f_p10ls2p5_033_s1,full,p10_ls2p5,memetic_deeppolish_p10_ls2p5,configs/tier2/memetic_deeppolish_p10_ls2p5.yaml,10,2.5,clip,1,900,,33,data/generated/calib_b/wksat_v150_k3_sr4.80_hr0.00_w1_uniform_s3.wcnf,669e13c0b0f2cdeaf50184b1cce69e68d2e844691cd8bde6a56d79849c227eb1,calib_b,max3sat_n150_a4.8,3,720,2,34.908,T1,lower_ext
98,m2f_p10ls2p5_033_s2,full,p10_ls2p5,memetic_deeppolish_p10_ls2p5,configs/tier2/memetic_deeppolish_p10_ls2p5.yaml,10,2.5,clip,2,900,,33,data/generated/calib_b/wksat_v150_k3_sr4.80_hr0.00_w1_uniform_s3.wcnf,669e13c0b0f2cdeaf50184b1cce69e68d2e844691cd8bde6a56d79849c227eb1,calib_b,max3sat_n150_a4.8,3,720,2,34.908,T1,lower_ext
99,m2f_p10ls2p5_033_s3,full,p10_ls2p5,memetic_deeppolish_p10_ls2p5,configs/tier2/memetic_deeppolish_p10_ls2p5.yaml,10,2.5,clip,3,900,,33,data/generated/calib_b/wksat_v150_k3_sr4.80_hr0.00_w1_uniform_s3.wcnf,669e13c0b0f2cdeaf50184b1cce69e68d2e844691cd8bde6a56d79849c227eb1,calib_b,max3sat_n150_a4.8,3,720,2,34.908,T1,lower_ext
100,m2f_p10ls2p5_034_s1,full,p10_ls2p5,memetic_deeppolish_p10_ls2p5,configs/tier2/memetic_deeppolish_p10_ls2p5.yaml,10,2.5,clip,1,900,,34,data/generated/calib_b/wksat_v250_k2_sr2.35_hr0.00_w1_uniform_s2.wcnf,18c653f3e0bbcf0b4cc959042b4392308c248a965f0a2fc204431f5919008449,calib_b,max2sat_n250_a2.35,2,588,18,71.063,T2a,tier2
101,m2f_p10ls2p5_034_s2,full,p10_ls2p5,memetic_deeppolish_p10_ls2p5,configs/tier2/memetic_deeppolish_p10_ls2p5.yaml,10,2.5,clip,2,900,,34,data/generated/calib_b/wksat_v250_k2_sr2.35_hr0.00_w1_uniform_s2.wcnf,18c653f3e0bbcf0b4cc959042b4392308c248a965f0a2fc204431f5919008449,calib_b,max2sat_n250_a2.35,2,588,18,71.063,T2a,tier2
102,m2f_p10ls2p5_034_s3,full,p10_ls2p5,memetic_deeppolish_p10_ls2p5,configs/tier2/memetic_deeppolish_p10_ls2p5.yaml,10,2.5,clip,3,900,,34,data/generated/calib_b/wksat_v250_k2_sr2.35_hr0.00_w1_uniform_s2.wcnf,18c653f3e0bbcf0b4cc959042b4392308c248a965f0a2fc204431f5919008449,calib_b,max2sat_n250_a2.35,2,588,18,71.063,T2a,tier2
103,m2f_p10ls2p5_035_s1,full,p10_ls2p5,memetic_deeppolish_p10_ls2p5,configs/tier2/memetic_deeppolish_p10_ls2p5.yaml,10,2.5,clip,1,900,,35,data/generated/calib_b/wksat_v250_k2_sr2.35_hr0.00_w1_uniform_s3.wcnf,61467d5b28e5a06669ba008ec8536be0af97d786fe3fabf9632f4f90a3d978d8,calib_b,max2sat_n250_a2.35,3,588,22,610.255,T3,upper_ext
104,m2f_p10ls2p5_035_s2,full,p10_ls2p5,memetic_deeppolish_p10_ls2p5,configs/tier2/memetic_deeppolish_p10_ls2p5.yaml,10,2.5,clip,2,900,,35,data/generated/calib_b/wksat_v250_k2_sr2.35_hr0.00_w1_uniform_s3.wcnf,61467d5b28e5a06669ba008ec8536be0af97d786fe3fabf9632f4f90a3d978d8,calib_b,max2sat_n250_a2.35,3,588,22,610.255,T3,upper_ext
105,m2f_p10ls2p5_035_s3,full,p10_ls2p5,memetic_deeppolish_p10_ls2p5,configs/tier2/memetic_deeppolish_p10_ls2p5.yaml,10,2.5,clip,3,900,,35,data/generated/calib_b/wksat_v250_k2_sr2.35_hr0.00_w1_uniform_s3.wcnf,61467d5b28e5a06669ba008ec8536be0af97d786fe3fabf9632f4f90a3d978d8,calib_b,max2sat_n250_a2.35,3,588,22,610.255,T3,upper_ext
106,m2f_p10ls2p5_036_s1,full,p10_ls2p5,memetic_deeppolish_p10_ls2p5,configs/tier2/memetic_deeppolish_p10_ls2p5.yaml,10,2.5,clip,1,900,,36,data/generated/calib_b/wksat_v250_k3_sr4.26_hr0.00_w1_uniform_s10.wcnf,4fcc71c5989460862c892c9ba67f8383c34ec8c86550bec884a56b122c86f4ba,calib_b,max3sat_n250_a4.26,10,1065,1,53.407,T1,lower_ext
107,m2f_p10ls2p5_036_s2,full,p10_ls2p5,memetic_deeppolish_p10_ls2p5,configs/tier2/memetic_deeppolish_p10_ls2p5.yaml,10,2.5,clip,2,900,,36,data/generated/calib_b/wksat_v250_k3_sr4.26_hr0.00_w1_uniform_s10.wcnf,4fcc71c5989460862c892c9ba67f8383c34ec8c86550bec884a56b122c86f4ba,calib_b,max3sat_n250_a4.26,10,1065,1,53.407,T1,lower_ext
108,m2f_p10ls2p5_036_s3,full,p10_ls2p5,memetic_deeppolish_p10_ls2p5,configs/tier2/memetic_deeppolish_p10_ls2p5.yaml,10,2.5,clip,3,900,,36,data/generated/calib_b/wksat_v250_k3_sr4.26_hr0.00_w1_uniform_s10.wcnf,4fcc71c5989460862c892c9ba67f8383c34ec8c86550bec884a56b122c86f4ba,calib_b,max3sat_n250_a4.26,10,1065,1,53.407,T1,lower_ext
109,m2f_p10ls2p5_037_s1,full,p10_ls2p5,memetic_deeppolish_p10_ls2p5,configs/tier2/memetic_deeppolish_p10_ls2p5.yaml,10,2.5,clip,1,900,,37,data/generated/calib_b/wksat_v250_k3_sr4.26_hr0.00_w1_uniform_s7.wcnf,72d34e7a3da8965710ba686bce7221d88afa9b97451cc2660efb14995a0ae38d,calib_b,max3sat_n250_a4.26,7,1065,1,32.977,T1,lower_ext
110,m2f_p10ls2p5_037_s2,full,p10_ls2p5,memetic_deeppolish_p10_ls2p5,configs/tier2/memetic_deeppolish_p10_ls2p5.yaml,10,2.5,clip,2,900,,37,data/generated/calib_b/wksat_v250_k3_sr4.26_hr0.00_w1_uniform_s7.wcnf,72d34e7a3da8965710ba686bce7221d88afa9b97451cc2660efb14995a0ae38d,calib_b,max3sat_n250_a4.26,7,1065,1,32.977,T1,lower_ext
111,m2f_p10ls2p5_037_s3,full,p10_ls2p5,memetic_deeppolish_p10_ls2p5,configs/tier2/memetic_deeppolish_p10_ls2p5.yaml,10,2.5,clip,3,900,,37,data/generated/calib_b/wksat_v250_k3_sr4.26_hr0.00_w1_uniform_s7.wcnf,72d34e7a3da8965710ba686bce7221d88afa9b97451cc2660efb14995a0ae38d,calib_b,max3sat_n250_a4.26,7,1065,1,32.977,T1,lower_ext
112,m2f_p10ls2p5_038_s1,full,p10_ls2p5,memetic_deeppolish_p10_ls2p5,configs/tier2/memetic_deeppolish_p10_ls2p5.yaml,10,2.5,clip,1,900,,38,data/generated/calib_b/wksat_v250_k3_sr4.26_hr0.00_w1_uniform_s8.wcnf,56c796bb3a48c102dd1dc8b7b23569d026700676098bc199b9969d3694ef5af3,calib_b,max3sat_n250_a4.26,8,1065,1,113.526,T2a,tier2
113,m2f_p10ls2p5_038_s2,full,p10_ls2p5,memetic_deeppolish_p10_ls2p5,configs/tier2/memetic_deeppolish_p10_ls2p5.yaml,10,2.5,clip,2,900,,38,data/generated/calib_b/wksat_v250_k3_sr4.26_hr0.00_w1_uniform_s8.wcnf,56c796bb3a48c102dd1dc8b7b23569d026700676098bc199b9969d3694ef5af3,calib_b,max3sat_n250_a4.26,8,1065,1,113.526,T2a,tier2
114,m2f_p10ls2p5_038_s3,full,p10_ls2p5,memetic_deeppolish_p10_ls2p5,configs/tier2/memetic_deeppolish_p10_ls2p5.yaml,10,2.5,clip,3,900,,38,data/generated/calib_b/wksat_v250_k3_sr4.26_hr0.00_w1_uniform_s8.wcnf,56c796bb3a48c102dd1dc8b7b23569d026700676098bc199b9969d3694ef5af3,calib_b,max3sat_n250_a4.26,8,1065,1,113.526,T2a,tier2
115,m2f_p10ls2p5_039_s1,full,p10_ls2p5,memetic_deeppolish_p10_ls2p5,configs/tier2/memetic_deeppolish_p10_ls2p5.yaml,10,2.5,clip,1,900,,39,data/generated/calib_b/wksat_v250_k3_sr4.35_hr0.00_w1_uniform_s2.wcnf,9bb5c889d02025d1ee908bc35ad0fe5c37ee0b0aaf4b7f89584bd309c8c49407,calib_b,max3sat_n250_a4.35,2,1088,1,323.722,T2b,tier2
116,m2f_p10ls2p5_039_s2,full,p10_ls2p5,memetic_deeppolish_p10_ls2p5,configs/tier2/memetic_deeppolish_p10_ls2p5.yaml,10,2.5,clip,2,900,,39,data/generated/calib_b/wksat_v250_k3_sr4.35_hr0.00_w1_uniform_s2.wcnf,9bb5c889d02025d1ee908bc35ad0fe5c37ee0b0aaf4b7f89584bd309c8c49407,calib_b,max3sat_n250_a4.35,2,1088,1,323.722,T2b,tier2
117,m2f_p10ls2p5_039_s3,full,p10_ls2p5,memetic_deeppolish_p10_ls2p5,configs/tier2/memetic_deeppolish_p10_ls2p5.yaml,10,2.5,clip,3,900,,39,data/generated/calib_b/wksat_v250_k3_sr4.35_hr0.00_w1_uniform_s2.wcnf,9bb5c889d02025d1ee908bc35ad0fe5c37ee0b0aaf4b7f89584bd309c8c49407,calib_b,max3sat_n250_a4.35,2,1088,1,323.722,T2b,tier2
118,m2f_p10ls2p5_040_s1,full,p10_ls2p5,memetic_deeppolish_p10_ls2p5,configs/tier2/memetic_deeppolish_p10_ls2p5.yaml,10,2.5,clip,1,900,,40,data/generated/calib_b/wksat_v250_k3_sr4.35_hr0.00_w1_uniform_s5.wcnf,303da7f95d4640f0dcd711a6139922da220676bfb5f79a8d374d958449586f98,calib_b,max3sat_n250_a4.35,5,1088,1,103.423,T2a,tier2
119,m2f_p10ls2p5_040_s2,full,p10_ls2p5,memetic_deeppolish_p10_ls2p5,configs/tier2/memetic_deeppolish_p10_ls2p5.yaml,10,2.5,clip,2,900,,40,data/generated/calib_b/wksat_v250_k3_sr4.35_hr0.00_w1_uniform_s5.wcnf,303da7f95d4640f0dcd711a6139922da220676bfb5f79a8d374d958449586f98,calib_b,max3sat_n250_a4.35,5,1088,1,103.423,T2a,tier2
120,m2f_p10ls2p5_040_s3,full,p10_ls2p5,memetic_deeppolish_p10_ls2p5,configs/tier2/memetic_deeppolish_p10_ls2p5.yaml,10,2.5,clip,3,900,,40,data/generated/calib_b/wksat_v250_k3_sr4.35_hr0.00_w1_uniform_s5.wcnf,303da7f95d4640f0dcd711a6139922da220676bfb5f79a8d374d958449586f98,calib_b,max3sat_n250_a4.35,5,1088,1,103.423,T2a,tier2
121,m2f_p10ls2p5_041_s1,full,p10_ls2p5,memetic_deeppolish_p10_ls2p5,configs/tier2/memetic_deeppolish_p10_ls2p5.yaml,10,2.5,clip,1,900,,41,data/generated/calib_b/wksat_v400_k2_sr2.00_hr0.00_w1_uniform_s6.wcnf,ca5137cf8ba2cc86732c2759a38906c0fb97cf6597fb96a86a561430ddafa920,calib_b,max2sat_n400_a2,6,800,19,412.73,T2b,tier2
122,m2f_p10ls2p5_041_s2,full,p10_ls2p5,memetic_deeppolish_p10_ls2p5,configs/tier2/memetic_deeppolish_p10_ls2p5.yaml,10,2.5,clip,2,900,,41,data/generated/calib_b/wksat_v400_k2_sr2.00_hr0.00_w1_uniform_s6.wcnf,ca5137cf8ba2cc86732c2759a38906c0fb97cf6597fb96a86a561430ddafa920,calib_b,max2sat_n400_a2,6,800,19,412.73,T2b,tier2
123,m2f_p10ls2p5_041_s3,full,p10_ls2p5,memetic_deeppolish_p10_ls2p5,configs/tier2/memetic_deeppolish_p10_ls2p5.yaml,10,2.5,clip,3,900,,41,data/generated/calib_b/wksat_v400_k2_sr2.00_hr0.00_w1_uniform_s6.wcnf,ca5137cf8ba2cc86732c2759a38906c0fb97cf6597fb96a86a561430ddafa920,calib_b,max2sat_n400_a2,6,800,19,412.73,T2b,tier2
124,m2f_p10ls2p5_042_s1,full,p10_ls2p5,memetic_deeppolish_p10_ls2p5,configs/tier2/memetic_deeppolish_p10_ls2p5.yaml,10,2.5,clip,1,900,,42,data/generated/calib_b/wksat_v400_k2_sr2.00_hr0.00_w1_uniform_s7.wcnf,03520fc7716aa77f273866f99124fefa9a2753a56af61f50dcdb59a9be7ab7ab,calib_b,max2sat_n400_a2,7,800,19,131.081,T2a,tier2
125,m2f_p10ls2p5_042_s2,full,p10_ls2p5,memetic_deeppolish_p10_ls2p5,configs/tier2/memetic_deeppolish_p10_ls2p5.yaml,10,2.5,clip,2,900,,42,data/generated/calib_b/wksat_v400_k2_sr2.00_hr0.00_w1_uniform_s7.wcnf,03520fc7716aa77f273866f99124fefa9a2753a56af61f50dcdb59a9be7ab7ab,calib_b,max2sat_n400_a2,7,800,19,131.081,T2a,tier2
126,m2f_p10ls2p5_042_s3,full,p10_ls2p5,memetic_deeppolish_p10_ls2p5,configs/tier2/memetic_deeppolish_p10_ls2p5.yaml,10,2.5,clip,3,900,,42,data/generated/calib_b/wksat_v400_k2_sr2.00_hr0.00_w1_uniform_s7.wcnf,03520fc7716aa77f273866f99124fefa9a2753a56af61f50dcdb59a9be7ab7ab,calib_b,max2sat_n400_a2,7,800,19,131.081,T2a,tier2
127,m2f_p10ls2p5_043_s1,full,p10_ls2p5,memetic_deeppolish_p10_ls2p5,configs/tier2/memetic_deeppolish_p10_ls2p5.yaml,10,2.5,clip,1,900,,43,data/generated/calib_b/wksat_v400_k2_sr2.00_hr0.00_w1_uniform_s8.wcnf,ca5b36371efe069aa8568076ac151a3c9d01e06b8963048f02ea1b6dae672c4f,calib_b,max2sat_n400_a2,8,800,20,158.692,T2a,tier2
128,m2f_p10ls2p5_043_s2,full,p10_ls2p5,memetic_deeppolish_p10_ls2p5,configs/tier2/memetic_deeppolish_p10_ls2p5.yaml,10,2.5,clip,2,900,,43,data/generated/calib_b/wksat_v400_k2_sr2.00_hr0.00_w1_uniform_s8.wcnf,ca5b36371efe069aa8568076ac151a3c9d01e06b8963048f02ea1b6dae672c4f,calib_b,max2sat_n400_a2,8,800,20,158.692,T2a,tier2
129,m2f_p10ls2p5_043_s3,full,p10_ls2p5,memetic_deeppolish_p10_ls2p5,configs/tier2/memetic_deeppolish_p10_ls2p5.yaml,10,2.5,clip,3,900,,43,data/generated/calib_b/wksat_v400_k2_sr2.00_hr0.00_w1_uniform_s8.wcnf,ca5b36371efe069aa8568076ac151a3c9d01e06b8963048f02ea1b6dae672c4f,calib_b,max2sat_n400_a2,8,800,20,158.692,T2a,tier2
130,m2f_p10ls2p5_044_s1,full,p10_ls2p5,memetic_deeppolish_p10_ls2p5,configs/tier2/memetic_deeppolish_p10_ls2p5.yaml,10,2.5,clip,1,900,,44,data/generated/calib_b/wksat_v400_k2_sr2.15_hr0.00_w1_uniform_s1.wcnf,9a302674b72f8b25227215c129c9f7dece868ce0a2be47221c1518035044aac8,calib_b,max2sat_n400_a2.15,1,860,21,210.262,T2a,tier2
131,m2f_p10ls2p5_044_s2,full,p10_ls2p5,memetic_deeppolish_p10_ls2p5,configs/tier2/memetic_deeppolish_p10_ls2p5.yaml,10,2.5,clip,2,900,,44,data/generated/calib_b/wksat_v400_k2_sr2.15_hr0.00_w1_uniform_s1.wcnf,9a302674b72f8b25227215c129c9f7dece868ce0a2be47221c1518035044aac8,calib_b,max2sat_n400_a2.15,1,860,21,210.262,T2a,tier2
132,m2f_p10ls2p5_044_s3,full,p10_ls2p5,memetic_deeppolish_p10_ls2p5,configs/tier2/memetic_deeppolish_p10_ls2p5.yaml,10,2.5,clip,3,900,,44,data/generated/calib_b/wksat_v400_k2_sr2.15_hr0.00_w1_uniform_s1.wcnf,9a302674b72f8b25227215c129c9f7dece868ce0a2be47221c1518035044aac8,calib_b,max2sat_n400_a2.15,1,860,21,210.262,T2a,tier2
133,m2f_p10ls2p5_045_s1,full,p10_ls2p5,memetic_deeppolish_p10_ls2p5,configs/tier2/memetic_deeppolish_p10_ls2p5.yaml,10,2.5,clip,1,900,,45,data/generated/calib_b/wksat_v400_k2_sr2.15_hr0.00_w1_uniform_s2.wcnf,7298805a1fdcdfbbc1d9946253e6240747e3383ac000545a19667951afca6107,calib_b,max2sat_n400_a2.15,2,860,18,146.572,T2a,tier2
134,m2f_p10ls2p5_045_s2,full,p10_ls2p5,memetic_deeppolish_p10_ls2p5,configs/tier2/memetic_deeppolish_p10_ls2p5.yaml,10,2.5,clip,2,900,,45,data/generated/calib_b/wksat_v400_k2_sr2.15_hr0.00_w1_uniform_s2.wcnf,7298805a1fdcdfbbc1d9946253e6240747e3383ac000545a19667951afca6107,calib_b,max2sat_n400_a2.15,2,860,18,146.572,T2a,tier2
135,m2f_p10ls2p5_045_s3,full,p10_ls2p5,memetic_deeppolish_p10_ls2p5,configs/tier2/memetic_deeppolish_p10_ls2p5.yaml,10,2.5,clip,3,900,,45,data/generated/calib_b/wksat_v400_k2_sr2.15_hr0.00_w1_uniform_s2.wcnf,7298805a1fdcdfbbc1d9946253e6240747e3383ac000545a19667951afca6107,calib_b,max2sat_n400_a2.15,2,860,18,146.572,T2a,tier2
136,m2f_p10ls2p5_046_s1,full,p10_ls2p5,memetic_deeppolish_p10_ls2p5,configs/tier2/memetic_deeppolish_p10_ls2p5.yaml,10,2.5,clip,1,900,,46,data/generated/calib_b/wksat_v400_k2_sr2.15_hr0.00_w1_uniform_s3.wcnf,ed0fd7d9820bb027f948383a2c2d59c64e4c4db6513b89b99dca7ccc2e81ba63,calib_b,max2sat_n400_a2.15,3,860,20,147.596,T2a,tier2
137,m2f_p10ls2p5_046_s2,full,p10_ls2p5,memetic_deeppolish_p10_ls2p5,configs/tier2/memetic_deeppolish_p10_ls2p5.yaml,10,2.5,clip,2,900,,46,data/generated/calib_b/wksat_v400_k2_sr2.15_hr0.00_w1_uniform_s3.wcnf,ed0fd7d9820bb027f948383a2c2d59c64e4c4db6513b89b99dca7ccc2e81ba63,calib_b,max2sat_n400_a2.15,3,860,20,147.596,T2a,tier2
138,m2f_p10ls2p5_046_s3,full,p10_ls2p5,memetic_deeppolish_p10_ls2p5,configs/tier2/memetic_deeppolish_p10_ls2p5.yaml,10,2.5,clip,3,900,,46,data/generated/calib_b/wksat_v400_k2_sr2.15_hr0.00_w1_uniform_s3.wcnf,ed0fd7d9820bb027f948383a2c2d59c64e4c4db6513b89b99dca7ccc2e81ba63,calib_b,max2sat_n400_a2.15,3,860,20,147.596,T2a,tier2
139,m2f_p10ls2p5_047_s1,full,p10_ls2p5,memetic_deeppolish_p10_ls2p5,configs/tier2/memetic_deeppolish_p10_ls2p5.yaml,10,2.5,clip,1,900,,47,data/generated/calib_b/wksat_v400_k2_sr2.15_hr0.00_w1_uniform_s5.wcnf,ea567f0f7e263599f567dfc13ad0315c9f6b6e24e8ea53b203138a0984737c8a,calib_b,max2sat_n400_a2.15,5,860,21,380.618,T2b,tier2
140,m2f_p10ls2p5_047_s2,full,p10_ls2p5,memetic_deeppolish_p10_ls2p5,configs/tier2/memetic_deeppolish_p10_ls2p5.yaml,10,2.5,clip,2,900,,47,data/generated/calib_b/wksat_v400_k2_sr2.15_hr0.00_w1_uniform_s5.wcnf,ea567f0f7e263599f567dfc13ad0315c9f6b6e24e8ea53b203138a0984737c8a,calib_b,max2sat_n400_a2.15,5,860,21,380.618,T2b,tier2
141,m2f_p10ls2p5_047_s3,full,p10_ls2p5,memetic_deeppolish_p10_ls2p5,configs/tier2/memetic_deeppolish_p10_ls2p5.yaml,10,2.5,clip,3,900,,47,data/generated/calib_b/wksat_v400_k2_sr2.15_hr0.00_w1_uniform_s5.wcnf,ea567f0f7e263599f567dfc13ad0315c9f6b6e24e8ea53b203138a0984737c8a,calib_b,max2sat_n400_a2.15,5,860,21,380.618,T2b,tier2
142,m2f_p10ls2p5_048_s1,full,p10_ls2p5,memetic_deeppolish_p10_ls2p5,configs/tier2/memetic_deeppolish_p10_ls2p5.yaml,10,2.5,clip,1,900,,48,data/generated/calib_b/wksat_v400_k2_sr2.30_hr0.00_w1_uniform_s2.wcnf,39dd93791969893aa4fbeb761eb0f55add5aac12f173a9797ef62049947c1014,calib_b,max2sat_n400_a2.3,2,920,23,367.162,T2b,tier2
143,m2f_p10ls2p5_048_s2,full,p10_ls2p5,memetic_deeppolish_p10_ls2p5,configs/tier2/memetic_deeppolish_p10_ls2p5.yaml,10,2.5,clip,2,900,,48,data/generated/calib_b/wksat_v400_k2_sr2.30_hr0.00_w1_uniform_s2.wcnf,39dd93791969893aa4fbeb761eb0f55add5aac12f173a9797ef62049947c1014,calib_b,max2sat_n400_a2.3,2,920,23,367.162,T2b,tier2
144,m2f_p10ls2p5_048_s3,full,p10_ls2p5,memetic_deeppolish_p10_ls2p5,configs/tier2/memetic_deeppolish_p10_ls2p5.yaml,10,2.5,clip,3,900,,48,data/generated/calib_b/wksat_v400_k2_sr2.30_hr0.00_w1_uniform_s2.wcnf,39dd93791969893aa4fbeb761eb0f55add5aac12f173a9797ef62049947c1014,calib_b,max2sat_n400_a2.3,2,920,23,367.162,T2b,tier2
145,m2f_p10ls2p5_049_s1,full,p10_ls2p5,memetic_deeppolish_p10_ls2p5,configs/tier2/memetic_deeppolish_p10_ls2p5.yaml,10,2.5,clip,1,900,,49,data/generated/calib_b/wksat_v400_k2_sr2.30_hr0.00_w1_uniform_s3.wcnf,339f16d54abe3661d575b5f0aaf4f8b3e7eeafa1ae6acb470c758cbc5d7bcfb9,calib_b,max2sat_n400_a2.3,3,920,23,144.865,T2a,tier2
146,m2f_p10ls2p5_049_s2,full,p10_ls2p5,memetic_deeppolish_p10_ls2p5,configs/tier2/memetic_deeppolish_p10_ls2p5.yaml,10,2.5,clip,2,900,,49,data/generated/calib_b/wksat_v400_k2_sr2.30_hr0.00_w1_uniform_s3.wcnf,339f16d54abe3661d575b5f0aaf4f8b3e7eeafa1ae6acb470c758cbc5d7bcfb9,calib_b,max2sat_n400_a2.3,3,920,23,144.865,T2a,tier2
147,m2f_p10ls2p5_049_s3,full,p10_ls2p5,memetic_deeppolish_p10_ls2p5,configs/tier2/memetic_deeppolish_p10_ls2p5.yaml,10,2.5,clip,3,900,,49,data/generated/calib_b/wksat_v400_k2_sr2.30_hr0.00_w1_uniform_s3.wcnf,339f16d54abe3661d575b5f0aaf4f8b3e7eeafa1ae6acb470c758cbc5d7bcfb9,calib_b,max2sat_n400_a2.3,3,920,23,144.865,T2a,tier2
148,m2f_p10ls2p5_050_s1,full,p10_ls2p5,memetic_deeppolish_p10_ls2p5,configs/tier2/memetic_deeppolish_p10_ls2p5.yaml,10,2.5,clip,1,900,,50,data/generated/calib_b/wksat_v400_k2_sr2.30_hr0.00_w1_uniform_s4.wcnf,63cd2eeec00557c23b53c4c9c646c9f0a0f967020f3e22f8faf3f99008e64695,calib_b,max2sat_n400_a2.3,4,920,20,53.515,T1,lower_ext
149,m2f_p10ls2p5_050_s2,full,p10_ls2p5,memetic_deeppolish_p10_ls2p5,configs/tier2/memetic_deeppolish_p10_ls2p5.yaml,10,2.5,clip,2,900,,50,data/generated/calib_b/wksat_v400_k2_sr2.30_hr0.00_w1_uniform_s4.wcnf,63cd2eeec00557c23b53c4c9c646c9f0a0f967020f3e22f8faf3f99008e64695,calib_b,max2sat_n400_a2.3,4,920,20,53.515,T1,lower_ext
150,m2f_p10ls2p5_050_s3,full,p10_ls2p5,memetic_deeppolish_p10_ls2p5,configs/tier2/memetic_deeppolish_p10_ls2p5.yaml,10,2.5,clip,3,900,,50,data/generated/calib_b/wksat_v400_k2_sr2.30_hr0.00_w1_uniform_s4.wcnf,63cd2eeec00557c23b53c4c9c646c9f0a0f967020f3e22f8faf3f99008e64695,calib_b,max2sat_n400_a2.3,4,920,20,53.515,T1,lower_ext
151,m2f_p10ls2p5_051_s1,full,p10_ls2p5,memetic_deeppolish_p10_ls2p5,configs/tier2/memetic_deeppolish_p10_ls2p5.yaml,10,2.5,clip,1,900,,51,data/generated/calib_b/wksat_v50_k3_sr8.00_hr0.00_w1_uniform_s10.wcnf,5959ea58db2a9fa8b70b37544a113ca1af4c0f861cc77c530a04b11fcecd115f,calib_b,max3sat_n50_a8,10,400,9,35.64,T1,lower_ext
152,m2f_p10ls2p5_051_s2,full,p10_ls2p5,memetic_deeppolish_p10_ls2p5,configs/tier2/memetic_deeppolish_p10_ls2p5.yaml,10,2.5,clip,2,900,,51,data/generated/calib_b/wksat_v50_k3_sr8.00_hr0.00_w1_uniform_s10.wcnf,5959ea58db2a9fa8b70b37544a113ca1af4c0f861cc77c530a04b11fcecd115f,calib_b,max3sat_n50_a8,10,400,9,35.64,T1,lower_ext
153,m2f_p10ls2p5_051_s3,full,p10_ls2p5,memetic_deeppolish_p10_ls2p5,configs/tier2/memetic_deeppolish_p10_ls2p5.yaml,10,2.5,clip,3,900,,51,data/generated/calib_b/wksat_v50_k3_sr8.00_hr0.00_w1_uniform_s10.wcnf,5959ea58db2a9fa8b70b37544a113ca1af4c0f861cc77c530a04b11fcecd115f,calib_b,max3sat_n50_a8,10,400,9,35.64,T1,lower_ext
154,m2f_p10ls2p5_052_s1,full,p10_ls2p5,memetic_deeppolish_p10_ls2p5,configs/tier2/memetic_deeppolish_p10_ls2p5.yaml,10,2.5,clip,1,900,,52,data/generated/calib_b/wksat_v50_k3_sr8.00_hr0.00_w1_uniform_s6.wcnf,3a14298cd1f54c7cbfa57e3c1bad3dcdc96923256bc6e7a1125bfa56ead237a8,calib_b,max3sat_n50_a8,6,400,11,621.852,T3,upper_ext
155,m2f_p10ls2p5_052_s2,full,p10_ls2p5,memetic_deeppolish_p10_ls2p5,configs/tier2/memetic_deeppolish_p10_ls2p5.yaml,10,2.5,clip,2,900,,52,data/generated/calib_b/wksat_v50_k3_sr8.00_hr0.00_w1_uniform_s6.wcnf,3a14298cd1f54c7cbfa57e3c1bad3dcdc96923256bc6e7a1125bfa56ead237a8,calib_b,max3sat_n50_a8,6,400,11,621.852,T3,upper_ext
156,m2f_p10ls2p5_052_s3,full,p10_ls2p5,memetic_deeppolish_p10_ls2p5,configs/tier2/memetic_deeppolish_p10_ls2p5.yaml,10,2.5,clip,3,900,,52,data/generated/calib_b/wksat_v50_k3_sr8.00_hr0.00_w1_uniform_s6.wcnf,3a14298cd1f54c7cbfa57e3c1bad3dcdc96923256bc6e7a1125bfa56ead237a8,calib_b,max3sat_n50_a8,6,400,11,621.852,T3,upper_ext
157,m2f_p10ls2p5_053_s1,full,p10_ls2p5,memetic_deeppolish_p10_ls2p5,configs/tier2/memetic_deeppolish_p10_ls2p5.yaml,10,2.5,clip,1,900,,53,data/generated/calib_b/wksat_v50_k3_sr8.00_hr0.00_w1_uniform_s7.wcnf,2c53146d55c17431dfa158c93789c83b2e1346dab20427fa3d9bbbf80f86265f,calib_b,max3sat_n50_a8,7,400,11,213.237,T2a,tier2
158,m2f_p10ls2p5_053_s2,full,p10_ls2p5,memetic_deeppolish_p10_ls2p5,configs/tier2/memetic_deeppolish_p10_ls2p5.yaml,10,2.5,clip,2,900,,53,data/generated/calib_b/wksat_v50_k3_sr8.00_hr0.00_w1_uniform_s7.wcnf,2c53146d55c17431dfa158c93789c83b2e1346dab20427fa3d9bbbf80f86265f,calib_b,max3sat_n50_a8,7,400,11,213.237,T2a,tier2
159,m2f_p10ls2p5_053_s3,full,p10_ls2p5,memetic_deeppolish_p10_ls2p5,configs/tier2/memetic_deeppolish_p10_ls2p5.yaml,10,2.5,clip,3,900,,53,data/generated/calib_b/wksat_v50_k3_sr8.00_hr0.00_w1_uniform_s7.wcnf,2c53146d55c17431dfa158c93789c83b2e1346dab20427fa3d9bbbf80f86265f,calib_b,max3sat_n50_a8,7,400,11,213.237,T2a,tier2
160,m2f_p10ls2p5_054_s1,full,p10_ls2p5,memetic_deeppolish_p10_ls2p5,configs/tier2/memetic_deeppolish_p10_ls2p5.yaml,10,2.5,clip,1,900,,54,data/generated/calib_b/wksat_v50_k3_sr8.00_hr0.00_w1_uniform_s8.wcnf,ea912a3740a0a571399f7580c816aefa3324b3680db714c3f0e601924c1d73e7,calib_b,max3sat_n50_a8,8,400,11,648.681,T3,upper_ext
161,m2f_p10ls2p5_054_s2,full,p10_ls2p5,memetic_deeppolish_p10_ls2p5,configs/tier2/memetic_deeppolish_p10_ls2p5.yaml,10,2.5,clip,2,900,,54,data/generated/calib_b/wksat_v50_k3_sr8.00_hr0.00_w1_uniform_s8.wcnf,ea912a3740a0a571399f7580c816aefa3324b3680db714c3f0e601924c1d73e7,calib_b,max3sat_n50_a8,8,400,11,648.681,T3,upper_ext
162,m2f_p10ls2p5_054_s3,full,p10_ls2p5,memetic_deeppolish_p10_ls2p5,configs/tier2/memetic_deeppolish_p10_ls2p5.yaml,10,2.5,clip,3,900,,54,data/generated/calib_b/wksat_v50_k3_sr8.00_hr0.00_w1_uniform_s8.wcnf,ea912a3740a0a571399f7580c816aefa3324b3680db714c3f0e601924c1d73e7,calib_b,max3sat_n50_a8,8,400,11,648.681,T3,upper_ext
163,m2f_p10ls2p5_055_s1,full,p10_ls2p5,memetic_deeppolish_p10_ls2p5,configs/tier2/memetic_deeppolish_p10_ls2p5.yaml,10,2.5,clip,1,900,,55,data/generated/calib_b/wksat_v50_k3_sr8.50_hr0.00_w1_uniform_s2.wcnf,bb96fb751023063900879842846c68c880906416674be693ac3ead671eaf91e0,calib_b,max3sat_n50_a8.5,2,425,12,612.003,T3,upper_ext
164,m2f_p10ls2p5_055_s2,full,p10_ls2p5,memetic_deeppolish_p10_ls2p5,configs/tier2/memetic_deeppolish_p10_ls2p5.yaml,10,2.5,clip,2,900,,55,data/generated/calib_b/wksat_v50_k3_sr8.50_hr0.00_w1_uniform_s2.wcnf,bb96fb751023063900879842846c68c880906416674be693ac3ead671eaf91e0,calib_b,max3sat_n50_a8.5,2,425,12,612.003,T3,upper_ext
165,m2f_p10ls2p5_055_s3,full,p10_ls2p5,memetic_deeppolish_p10_ls2p5,configs/tier2/memetic_deeppolish_p10_ls2p5.yaml,10,2.5,clip,3,900,,55,data/generated/calib_b/wksat_v50_k3_sr8.50_hr0.00_w1_uniform_s2.wcnf,bb96fb751023063900879842846c68c880906416674be693ac3ead671eaf91e0,calib_b,max3sat_n50_a8.5,2,425,12,612.003,T3,upper_ext
166,m2f_p10ls2p5_056_s1,full,p10_ls2p5,memetic_deeppolish_p10_ls2p5,configs/tier2/memetic_deeppolish_p10_ls2p5.yaml,10,2.5,clip,1,900,,56,data/generated/calib_b/wksat_v50_k3_sr8.50_hr0.00_w1_uniform_s3.wcnf,402a90ac29aab57ec92979c6e1694b3252282042b8834d62924d3a30d21417b6,calib_b,max3sat_n50_a8.5,3,425,9,45.126,T1,lower_ext
167,m2f_p10ls2p5_056_s2,full,p10_ls2p5,memetic_deeppolish_p10_ls2p5,configs/tier2/memetic_deeppolish_p10_ls2p5.yaml,10,2.5,clip,2,900,,56,data/generated/calib_b/wksat_v50_k3_sr8.50_hr0.00_w1_uniform_s3.wcnf,402a90ac29aab57ec92979c6e1694b3252282042b8834d62924d3a30d21417b6,calib_b,max3sat_n50_a8.5,3,425,9,45.126,T1,lower_ext
168,m2f_p10ls2p5_056_s3,full,p10_ls2p5,memetic_deeppolish_p10_ls2p5,configs/tier2/memetic_deeppolish_p10_ls2p5.yaml,10,2.5,clip,3,900,,56,data/generated/calib_b/wksat_v50_k3_sr8.50_hr0.00_w1_uniform_s3.wcnf,402a90ac29aab57ec92979c6e1694b3252282042b8834d62924d3a30d21417b6,calib_b,max3sat_n50_a8.5,3,425,9,45.126,T1,lower_ext
169,m2f_p10ls2p5_057_s1,full,p10_ls2p5,memetic_deeppolish_p10_ls2p5,configs/tier2/memetic_deeppolish_p10_ls2p5.yaml,10,2.5,clip,1,900,,57,data/generated/calib_b/wksat_v50_k3_sr8.50_hr0.00_w1_uniform_s4.wcnf,ca3df971889566190a1bfb31d4acf114855e12e9c354e317d8373fb8de9e1fbc,calib_b,max3sat_n50_a8.5,4,425,12,626.747,T3,upper_ext
170,m2f_p10ls2p5_057_s2,full,p10_ls2p5,memetic_deeppolish_p10_ls2p5,configs/tier2/memetic_deeppolish_p10_ls2p5.yaml,10,2.5,clip,2,900,,57,data/generated/calib_b/wksat_v50_k3_sr8.50_hr0.00_w1_uniform_s4.wcnf,ca3df971889566190a1bfb31d4acf114855e12e9c354e317d8373fb8de9e1fbc,calib_b,max3sat_n50_a8.5,4,425,12,626.747,T3,upper_ext
171,m2f_p10ls2p5_057_s3,full,p10_ls2p5,memetic_deeppolish_p10_ls2p5,configs/tier2/memetic_deeppolish_p10_ls2p5.yaml,10,2.5,clip,3,900,,57,data/generated/calib_b/wksat_v50_k3_sr8.50_hr0.00_w1_uniform_s4.wcnf,ca3df971889566190a1bfb31d4acf114855e12e9c354e317d8373fb8de9e1fbc,calib_b,max3sat_n50_a8.5,4,425,12,626.747,T3,upper_ext
172,m2f_p10ls2p5_058_s1,full,p10_ls2p5,memetic_deeppolish_p10_ls2p5,configs/tier2/memetic_deeppolish_p10_ls2p5.yaml,10,2.5,clip,1,900,,58,data/generated/calib_b/wksat_v50_k3_sr8.50_hr0.00_w1_uniform_s5.wcnf,ba5d8b71ad4628f8c8e75d596dd8c71cb74487d5fb810cbba9c1430d734e0749,calib_b,max3sat_n50_a8.5,5,425,11,354.613,T2b,tier2
173,m2f_p10ls2p5_058_s2,full,p10_ls2p5,memetic_deeppolish_p10_ls2p5,configs/tier2/memetic_deeppolish_p10_ls2p5.yaml,10,2.5,clip,2,900,,58,data/generated/calib_b/wksat_v50_k3_sr8.50_hr0.00_w1_uniform_s5.wcnf,ba5d8b71ad4628f8c8e75d596dd8c71cb74487d5fb810cbba9c1430d734e0749,calib_b,max3sat_n50_a8.5,5,425,11,354.613,T2b,tier2
174,m2f_p10ls2p5_058_s3,full,p10_ls2p5,memetic_deeppolish_p10_ls2p5,configs/tier2/memetic_deeppolish_p10_ls2p5.yaml,10,2.5,clip,3,900,,58,data/generated/calib_b/wksat_v50_k3_sr8.50_hr0.00_w1_uniform_s5.wcnf,ba5d8b71ad4628f8c8e75d596dd8c71cb74487d5fb810cbba9c1430d734e0749,calib_b,max3sat_n50_a8.5,5,425,11,354.613,T2b,tier2
175,m2f_p10ls2p5_059_s1,full,p10_ls2p5,memetic_deeppolish_p10_ls2p5,configs/tier2/memetic_deeppolish_p10_ls2p5.yaml,10,2.5,clip,1,900,,59,data/generated/calib_b/wksat_v50_k3_sr9.00_hr0.00_w1_uniform_s3.wcnf,e7a0d53c9348e03a2fe5ebc1885f868f9115aa781d47efd39b89af0146a359d1,calib_b,max3sat_n50_a9,3,450,11,152.05,T2a,tier2
176,m2f_p10ls2p5_059_s2,full,p10_ls2p5,memetic_deeppolish_p10_ls2p5,configs/tier2/memetic_deeppolish_p10_ls2p5.yaml,10,2.5,clip,2,900,,59,data/generated/calib_b/wksat_v50_k3_sr9.00_hr0.00_w1_uniform_s3.wcnf,e7a0d53c9348e03a2fe5ebc1885f868f9115aa781d47efd39b89af0146a359d1,calib_b,max3sat_n50_a9,3,450,11,152.05,T2a,tier2
177,m2f_p10ls2p5_059_s3,full,p10_ls2p5,memetic_deeppolish_p10_ls2p5,configs/tier2/memetic_deeppolish_p10_ls2p5.yaml,10,2.5,clip,3,900,,59,data/generated/calib_b/wksat_v50_k3_sr9.00_hr0.00_w1_uniform_s3.wcnf,e7a0d53c9348e03a2fe5ebc1885f868f9115aa781d47efd39b89af0146a359d1,calib_b,max3sat_n50_a9,3,450,11,152.05,T2a,tier2
178,m2f_p10ls2p5_060_s1,full,p10_ls2p5,memetic_deeppolish_p10_ls2p5,configs/tier2/memetic_deeppolish_p10_ls2p5.yaml,10,2.5,clip,1,900,,60,data/generated/calib_b/wksat_v50_k3_sr9.00_hr0.00_w1_uniform_s5.wcnf,a8133e0c929861b71f08385c9e721d97546b8b150d3493accda20d29a7b1207f,calib_b,max3sat_n50_a9,5,450,13,847.272,T3,upper_ext
179,m2f_p10ls2p5_060_s2,full,p10_ls2p5,memetic_deeppolish_p10_ls2p5,configs/tier2/memetic_deeppolish_p10_ls2p5.yaml,10,2.5,clip,2,900,,60,data/generated/calib_b/wksat_v50_k3_sr9.00_hr0.00_w1_uniform_s5.wcnf,a8133e0c929861b71f08385c9e721d97546b8b150d3493accda20d29a7b1207f,calib_b,max3sat_n50_a9,5,450,13,847.272,T3,upper_ext
180,m2f_p10ls2p5_060_s3,full,p10_ls2p5,memetic_deeppolish_p10_ls2p5,configs/tier2/memetic_deeppolish_p10_ls2p5.yaml,10,2.5,clip,3,900,,60,data/generated/calib_b/wksat_v50_k3_sr9.00_hr0.00_w1_uniform_s5.wcnf,a8133e0c929861b71f08385c9e721d97546b8b150d3493accda20d29a7b1207f,calib_b,max3sat_n50_a9,5,450,13,847.272,T3,upper_ext
181,m2f_p10ls2p5_061_s1,full,p10_ls2p5,memetic_deeppolish_p10_ls2p5,configs/tier2/memetic_deeppolish_p10_ls2p5.yaml,10,2.5,clip,1,900,,61,data/generated/calib_b/wksat_v70_k3_sr6.00_hr0.00_w1_uniform_s10.wcnf,e0e5710434a6320bd8f9448b61a1a548d1428619b2f126f34d49b8c61643b701,calib_b,max3sat_n70_a6,10,420,5,34.918,T1,lower_ext
182,m2f_p10ls2p5_061_s2,full,p10_ls2p5,memetic_deeppolish_p10_ls2p5,configs/tier2/memetic_deeppolish_p10_ls2p5.yaml,10,2.5,clip,2,900,,61,data/generated/calib_b/wksat_v70_k3_sr6.00_hr0.00_w1_uniform_s10.wcnf,e0e5710434a6320bd8f9448b61a1a548d1428619b2f126f34d49b8c61643b701,calib_b,max3sat_n70_a6,10,420,5,34.918,T1,lower_ext
183,m2f_p10ls2p5_061_s3,full,p10_ls2p5,memetic_deeppolish_p10_ls2p5,configs/tier2/memetic_deeppolish_p10_ls2p5.yaml,10,2.5,clip,3,900,,61,data/generated/calib_b/wksat_v70_k3_sr6.00_hr0.00_w1_uniform_s10.wcnf,e0e5710434a6320bd8f9448b61a1a548d1428619b2f126f34d49b8c61643b701,calib_b,max3sat_n70_a6,10,420,5,34.918,T1,lower_ext
184,m2f_p10ls2p5_062_s1,full,p10_ls2p5,memetic_deeppolish_p10_ls2p5,configs/tier2/memetic_deeppolish_p10_ls2p5.yaml,10,2.5,clip,1,900,,62,data/generated/calib_b/wksat_v70_k3_sr6.00_hr0.00_w1_uniform_s7.wcnf,a4b02be277bf2a92743a4782f785c66fd2ee665cdf624eacde65b191e6d8a5a3,calib_b,max3sat_n70_a6,7,420,7,170.377,T2a,tier2
185,m2f_p10ls2p5_062_s2,full,p10_ls2p5,memetic_deeppolish_p10_ls2p5,configs/tier2/memetic_deeppolish_p10_ls2p5.yaml,10,2.5,clip,2,900,,62,data/generated/calib_b/wksat_v70_k3_sr6.00_hr0.00_w1_uniform_s7.wcnf,a4b02be277bf2a92743a4782f785c66fd2ee665cdf624eacde65b191e6d8a5a3,calib_b,max3sat_n70_a6,7,420,7,170.377,T2a,tier2
186,m2f_p10ls2p5_062_s3,full,p10_ls2p5,memetic_deeppolish_p10_ls2p5,configs/tier2/memetic_deeppolish_p10_ls2p5.yaml,10,2.5,clip,3,900,,62,data/generated/calib_b/wksat_v70_k3_sr6.00_hr0.00_w1_uniform_s7.wcnf,a4b02be277bf2a92743a4782f785c66fd2ee665cdf624eacde65b191e6d8a5a3,calib_b,max3sat_n70_a6,7,420,7,170.377,T2a,tier2
187,m2f_p10ls2p5_063_s1,full,p10_ls2p5,memetic_deeppolish_p10_ls2p5,configs/tier2/memetic_deeppolish_p10_ls2p5.yaml,10,2.5,clip,1,900,,63,data/generated/calib_b/wksat_v70_k3_sr6.00_hr0.00_w1_uniform_s9.wcnf,b0e8efdaa1af31f316007d75baf264a9ca6317ea09f3b69292d3a61d4dc746e8,calib_b,max3sat_n70_a6,9,420,7,367.267,T2b,tier2
188,m2f_p10ls2p5_063_s2,full,p10_ls2p5,memetic_deeppolish_p10_ls2p5,configs/tier2/memetic_deeppolish_p10_ls2p5.yaml,10,2.5,clip,2,900,,63,data/generated/calib_b/wksat_v70_k3_sr6.00_hr0.00_w1_uniform_s9.wcnf,b0e8efdaa1af31f316007d75baf264a9ca6317ea09f3b69292d3a61d4dc746e8,calib_b,max3sat_n70_a6,9,420,7,367.267,T2b,tier2
189,m2f_p10ls2p5_063_s3,full,p10_ls2p5,memetic_deeppolish_p10_ls2p5,configs/tier2/memetic_deeppolish_p10_ls2p5.yaml,10,2.5,clip,3,900,,63,data/generated/calib_b/wksat_v70_k3_sr6.00_hr0.00_w1_uniform_s9.wcnf,b0e8efdaa1af31f316007d75baf264a9ca6317ea09f3b69292d3a61d4dc746e8,calib_b,max3sat_n70_a6,9,420,7,367.267,T2b,tier2
190,m2f_p10ls2p5_064_s1,full,p10_ls2p5,memetic_deeppolish_p10_ls2p5,configs/tier2/memetic_deeppolish_p10_ls2p5.yaml,10,2.5,clip,1,900,,64,data/generated/calib_b/wksat_v70_k3_sr6.20_hr0.00_w1_uniform_s2.wcnf,3d1f695567b9df8dca4ef7894855b92b0cba8768bf8685e8ed73c72d91063dad,calib_b,max3sat_n70_a6.2,2,434,7,197.211,T2a,tier2
191,m2f_p10ls2p5_064_s2,full,p10_ls2p5,memetic_deeppolish_p10_ls2p5,configs/tier2/memetic_deeppolish_p10_ls2p5.yaml,10,2.5,clip,2,900,,64,data/generated/calib_b/wksat_v70_k3_sr6.20_hr0.00_w1_uniform_s2.wcnf,3d1f695567b9df8dca4ef7894855b92b0cba8768bf8685e8ed73c72d91063dad,calib_b,max3sat_n70_a6.2,2,434,7,197.211,T2a,tier2
192,m2f_p10ls2p5_064_s3,full,p10_ls2p5,memetic_deeppolish_p10_ls2p5,configs/tier2/memetic_deeppolish_p10_ls2p5.yaml,10,2.5,clip,3,900,,64,data/generated/calib_b/wksat_v70_k3_sr6.20_hr0.00_w1_uniform_s2.wcnf,3d1f695567b9df8dca4ef7894855b92b0cba8768bf8685e8ed73c72d91063dad,calib_b,max3sat_n70_a6.2,2,434,7,197.211,T2a,tier2
193,m2f_p10ls2p5_065_s1,full,p10_ls2p5,memetic_deeppolish_p10_ls2p5,configs/tier2/memetic_deeppolish_p10_ls2p5.yaml,10,2.5,clip,1,900,,65,data/generated/calib_b/wksat_v70_k3_sr6.20_hr0.00_w1_uniform_s4.wcnf,2de914f690c1febc4ff8185933510cf90cca3531c010668759edeb703ce466e8,calib_b,max3sat_n70_a6.2,4,434,7,290.487,T2a,tier2
194,m2f_p10ls2p5_065_s2,full,p10_ls2p5,memetic_deeppolish_p10_ls2p5,configs/tier2/memetic_deeppolish_p10_ls2p5.yaml,10,2.5,clip,2,900,,65,data/generated/calib_b/wksat_v70_k3_sr6.20_hr0.00_w1_uniform_s4.wcnf,2de914f690c1febc4ff8185933510cf90cca3531c010668759edeb703ce466e8,calib_b,max3sat_n70_a6.2,4,434,7,290.487,T2a,tier2
195,m2f_p10ls2p5_065_s3,full,p10_ls2p5,memetic_deeppolish_p10_ls2p5,configs/tier2/memetic_deeppolish_p10_ls2p5.yaml,10,2.5,clip,3,900,,65,data/generated/calib_b/wksat_v70_k3_sr6.20_hr0.00_w1_uniform_s4.wcnf,2de914f690c1febc4ff8185933510cf90cca3531c010668759edeb703ce466e8,calib_b,max3sat_n70_a6.2,4,434,7,290.487,T2a,tier2
196,m2f_p10ls2p5_066_s1,full,p10_ls2p5,memetic_deeppolish_p10_ls2p5,configs/tier2/memetic_deeppolish_p10_ls2p5.yaml,10,2.5,clip,1,900,,66,data/generated/calib_b/wksat_v70_k3_sr6.20_hr0.00_w1_uniform_s5.wcnf,22cb764d83c1d083b11e7660083d5ad102c189497a7218b249bd352fc5c7e34c,calib_b,max3sat_n70_a6.2,5,434,6,152.505,T2a,tier2
197,m2f_p10ls2p5_066_s2,full,p10_ls2p5,memetic_deeppolish_p10_ls2p5,configs/tier2/memetic_deeppolish_p10_ls2p5.yaml,10,2.5,clip,2,900,,66,data/generated/calib_b/wksat_v70_k3_sr6.20_hr0.00_w1_uniform_s5.wcnf,22cb764d83c1d083b11e7660083d5ad102c189497a7218b249bd352fc5c7e34c,calib_b,max3sat_n70_a6.2,5,434,6,152.505,T2a,tier2
198,m2f_p10ls2p5_066_s3,full,p10_ls2p5,memetic_deeppolish_p10_ls2p5,configs/tier2/memetic_deeppolish_p10_ls2p5.yaml,10,2.5,clip,3,900,,66,data/generated/calib_b/wksat_v70_k3_sr6.20_hr0.00_w1_uniform_s5.wcnf,22cb764d83c1d083b11e7660083d5ad102c189497a7218b249bd352fc5c7e34c,calib_b,max3sat_n70_a6.2,5,434,6,152.505,T2a,tier2
199,m2f_p10ls2p5_067_s1,full,p10_ls2p5,memetic_deeppolish_p10_ls2p5,configs/tier2/memetic_deeppolish_p10_ls2p5.yaml,10,2.5,clip,1,900,,67,data/generated/calib_b/wksat_v70_k3_sr6.50_hr0.00_w1_uniform_s1.wcnf,092822b0dd4f9d236be9a106b39bf3b26037501e5e916fe6c7481ad7340361d9,calib_b,max3sat_n70_a6.5,1,455,8,436.403,T2b,tier2
200,m2f_p10ls2p5_067_s2,full,p10_ls2p5,memetic_deeppolish_p10_ls2p5,configs/tier2/memetic_deeppolish_p10_ls2p5.yaml,10,2.5,clip,2,900,,67,data/generated/calib_b/wksat_v70_k3_sr6.50_hr0.00_w1_uniform_s1.wcnf,092822b0dd4f9d236be9a106b39bf3b26037501e5e916fe6c7481ad7340361d9,calib_b,max3sat_n70_a6.5,1,455,8,436.403,T2b,tier2
201,m2f_p10ls2p5_067_s3,full,p10_ls2p5,memetic_deeppolish_p10_ls2p5,configs/tier2/memetic_deeppolish_p10_ls2p5.yaml,10,2.5,clip,3,900,,67,data/generated/calib_b/wksat_v70_k3_sr6.50_hr0.00_w1_uniform_s1.wcnf,092822b0dd4f9d236be9a106b39bf3b26037501e5e916fe6c7481ad7340361d9,calib_b,max3sat_n70_a6.5,1,455,8,436.403,T2b,tier2
202,m2f_p10ls2p5_068_s1,full,p10_ls2p5,memetic_deeppolish_p10_ls2p5,configs/tier2/memetic_deeppolish_p10_ls2p5.yaml,10,2.5,clip,1,900,,68,data/generated/calib_b/wksat_v70_k3_sr6.50_hr0.00_w1_uniform_s3.wcnf,e738757fe767024543d8518c7dfce34262d35309efaf36597f432545fb5dcdb8,calib_b,max3sat_n70_a6.5,3,455,7,148.075,T2a,tier2
203,m2f_p10ls2p5_068_s2,full,p10_ls2p5,memetic_deeppolish_p10_ls2p5,configs/tier2/memetic_deeppolish_p10_ls2p5.yaml,10,2.5,clip,2,900,,68,data/generated/calib_b/wksat_v70_k3_sr6.50_hr0.00_w1_uniform_s3.wcnf,e738757fe767024543d8518c7dfce34262d35309efaf36597f432545fb5dcdb8,calib_b,max3sat_n70_a6.5,3,455,7,148.075,T2a,tier2
204,m2f_p10ls2p5_068_s3,full,p10_ls2p5,memetic_deeppolish_p10_ls2p5,configs/tier2/memetic_deeppolish_p10_ls2p5.yaml,10,2.5,clip,3,900,,68,data/generated/calib_b/wksat_v70_k3_sr6.50_hr0.00_w1_uniform_s3.wcnf,e738757fe767024543d8518c7dfce34262d35309efaf36597f432545fb5dcdb8,calib_b,max3sat_n70_a6.5,3,455,7,148.075,T2a,tier2
205,m2f_p10ls2p5_069_s1,full,p10_ls2p5,memetic_deeppolish_p10_ls2p5,configs/tier2/memetic_deeppolish_p10_ls2p5.yaml,10,2.5,clip,1,900,,69,data/generated/calib_b/wksat_v70_k3_sr6.50_hr0.00_w1_uniform_s4.wcnf,fc125f4de8ed58b088b5f719e9931c060234609c5ae0ece87044ebd72b964f87,calib_b,max3sat_n70_a6.5,4,455,7,217.782,T2a,tier2
206,m2f_p10ls2p5_069_s2,full,p10_ls2p5,memetic_deeppolish_p10_ls2p5,configs/tier2/memetic_deeppolish_p10_ls2p5.yaml,10,2.5,clip,2,900,,69,data/generated/calib_b/wksat_v70_k3_sr6.50_hr0.00_w1_uniform_s4.wcnf,fc125f4de8ed58b088b5f719e9931c060234609c5ae0ece87044ebd72b964f87,calib_b,max3sat_n70_a6.5,4,455,7,217.782,T2a,tier2
207,m2f_p10ls2p5_069_s3,full,p10_ls2p5,memetic_deeppolish_p10_ls2p5,configs/tier2/memetic_deeppolish_p10_ls2p5.yaml,10,2.5,clip,3,900,,69,data/generated/calib_b/wksat_v70_k3_sr6.50_hr0.00_w1_uniform_s4.wcnf,fc125f4de8ed58b088b5f719e9931c060234609c5ae0ece87044ebd72b964f87,calib_b,max3sat_n70_a6.5,4,455,7,217.782,T2a,tier2
208,m2f_p10ls2p5_070_s1,full,p10_ls2p5,memetic_deeppolish_p10_ls2p5,configs/tier2/memetic_deeppolish_p10_ls2p5.yaml,10,2.5,clip,1,900,,70,data/generated/calib_b/wksat_v70_k3_sr6.50_hr0.00_w1_uniform_s5.wcnf,375fc3ea17b22a5964d8689ab6b14cbcf266872d177aab7abbf9c5eb892dfc76,calib_b,max3sat_n70_a6.5,5,455,7,146.388,T2a,tier2
209,m2f_p10ls2p5_070_s2,full,p10_ls2p5,memetic_deeppolish_p10_ls2p5,configs/tier2/memetic_deeppolish_p10_ls2p5.yaml,10,2.5,clip,2,900,,70,data/generated/calib_b/wksat_v70_k3_sr6.50_hr0.00_w1_uniform_s5.wcnf,375fc3ea17b22a5964d8689ab6b14cbcf266872d177aab7abbf9c5eb892dfc76,calib_b,max3sat_n70_a6.5,5,455,7,146.388,T2a,tier2
210,m2f_p10ls2p5_070_s3,full,p10_ls2p5,memetic_deeppolish_p10_ls2p5,configs/tier2/memetic_deeppolish_p10_ls2p5.yaml,10,2.5,clip,3,900,,70,data/generated/calib_b/wksat_v70_k3_sr6.50_hr0.00_w1_uniform_s5.wcnf,375fc3ea17b22a5964d8689ab6b14cbcf266872d177aab7abbf9c5eb892dfc76,calib_b,max3sat_n70_a6.5,5,455,7,146.388,T2a,tier2
